id,symbol,timestamp,side,pnl,status
1,ES,2023-01-01 09:30:00,"{""side"": ""HOLD"", ""confidence"": null}",0.0,FILLED
2,ES,2023-01-01 09:31:00,"{""side"": ""HOLD"", ""confidence"": null}",0.0,FILLED
3,ES,2023-01-01 09:32:00,"{""side"": ""HOLD"", ""confidence"": null}",0.0,FILLED
4,ES,2023-01-01 09:33:00,"{""side"": ""HOLD"", ""confidence"": null}",0.0,FILLED
5,ES,2023-01-01 09:34:00,"{""side"": ""HOLD"", ""confidence"": null}",0.0,FILLED
6,ES,2023-01-01 09:35:00,"{""side"": ""HOLD"", ""confidence"": null}",0.0,FILLED
7,ES,2023-01-01 09:36:00,"{""side"": ""HOLD"", ""confidence"": null}",0.0,FILLED
8,ES,2023-01-01 09:37:00,"{""side"": ""HOLD"", ""confidence"": null}",0.0,FILLED
9,ES,2023-01-01 09:38:00,"{""side"": ""HOLD"", ""confidence"": null}",0.0,FILLED
10,ES,2023-01-01 09:39:00,"{""side"": ""HOLD"", ""confidence"": null}",0.0,FILLED
11,ES,2023-01-01 09:40:00,"{""side"": ""HOLD"", ""confidence"": null}",0.0,FILLED
12,ES,2023-01-01 09:41:00,"{""side"": ""HOLD"", ""confidence"": null}",0.0,FILLED
13,ES,2023-01-01 09:42:00,"{""side"": ""HOLD"", ""confidence"": null}",0.0,FILLED
14,ES,2023-01-01 09:43:00,"{""side"": ""HOLD"", ""confidence"": null}",0.0,FILLED
15,ES,2023-01-01 09:44:00,"{""side"": ""HOLD"", ""confidence"": null}",0.0,FILLED
16,ES,2023-01-01 09:45:00,"{""side"": ""HOLD"", ""confidence"": null}",0.0,FILLED
17,ES,2023-01-01 09:46:00,"{""side"": ""HOLD"", ""confidence"": null}",0.0,FILLED
18,ES,2023-01-01 09:47:00,"{""side"": ""HOLD"", ""confidence"": null}",0.0,FILLED
19,ES,2023-01-01 09:48:00,"{""side"": ""HOLD"", ""confidence"": null}",0.0,FILLED
20,ES,2023-01-01 09:49:00,"{""side"": ""HOLD"", ""confidence"": null}",0.0,FILLED
21,ES,2023-01-01 09:50:00,"{""side"": ""HOLD"", ""confidence"": null}",0.0,FILLED
22,ES,2023-01-01 09:51:00,"{""side"": ""HOLD"", ""confidence"": null}",0.0,FILLED
23,ES,2023-01-01 09:52:00,"{""side"": ""HOLD"", ""confidence"": null}",0.0,FILLED
24,ES,2023-01-01 09:53:00,"{""side"": ""HOLD"", ""confidence"": null}",0.0,FILLED
25,ES,2023-01-01 09:54:00,"{""side"": ""HOLD"", ""confidence"": null}",0.0,FILLED
26,ES,2023-01-01 09:55:00,"{""side"": ""HOLD"", ""confidence"": null}",0.0,FILLED
27,ES,2023-01-01 09:56:00,"{""side"": ""HOLD"", ""confidence"": null}",0.0,FILLED
28,ES,2023-01-01 09:57:00,"{""side"": ""HOLD"", ""confidence"": null}",0.0,FILLED
29,ES,2023-01-01 09:58:00,"{""side"": ""HOLD"", ""confidence"": null}",0.0,FILLED
30,ES,2023-01-01 09:59:00,"{""side"": ""HOLD"", ""confidence"": null}",0.0,FILLED
31,ES,2023-01-01 10:00:00,"{""side"": ""HOLD"", ""confidence"": null}",0.0,FILLED
32,ES,2023-01-01 10:01:00,"{""side"": ""HOLD"", ""confidence"": null}",0.0,FILLED
33,ES,2023-01-01 10:02:00,"{""side"": ""HOLD"", ""confidence"": null}",0.0,FILLED
34,ES,2023-01-01 10:03:00,"{""side"": ""HOLD"", ""confidence"": null}",0.0,FILLED
35,ES,2023-01-01 10:04:00,"{""side"": ""HOLD"", ""confidence"": null}",0.0,FILLED
36,ES,2023-01-01 10:05:00,"{""side"": ""HOLD"", ""confidence"": null}",0.0,FILLED
37,ES,2023-01-01 10:06:00,"{""side"": ""HOLD"", ""confidence"": null}",0.0,FILLED
38,ES,2023-01-01 10:07:00,"{""side"": ""HOLD"", ""confidence"": null}",0.0,FILLED
39,ES,2023-01-01 10:08:00,"{""side"": ""HOLD"", ""confidence"": null}",0.0,FILLED
40,ES,2023-01-01 10:09:00,"{""side"": ""HOLD"", ""confidence"": null}",0.0,FILLED
41,ES,2023-01-01 10:10:00,"{""side"": ""HOLD"", ""confidence"": null}",0.0,FILLED
42,ES,2023-01-01 10:11:00,"{""side"": ""HOLD"", ""confidence"": null}",0.0,FILLED
43,ES,2023-01-01 10:12:00,"{""side"": ""HOLD"", ""confidence"": null}",0.0,FILLED
44,ES,2023-01-01 10:13:00,"{""side"": ""HOLD"", ""confidence"": null}",0.0,FILLED
45,ES,2023-01-01 10:14:00,"{""side"": ""HOLD"", ""confidence"": null}",0.0,FILLED
46,ES,2023-01-01 10:15:00,"{""side"": ""HOLD"", ""confidence"": null}",0.0,FILLED
47,ES,2023-01-01 10:16:00,"{""side"": ""HOLD"", ""confidence"": null}",0.0,FILLED
48,ES,2023-01-01 10:17:00,"{""side"": ""HOLD"", ""confidence"": null}",0.0,FILLED
49,ES,2023-01-01 10:18:00,"{""side"": ""HOLD"", ""confidence"": null}",0.0,FILLED
50,ES,2023-01-01 10:19:00,"{""side"": ""HOLD"", ""confidence"": null}",0.0,FILLED
51,ES,2023-01-01 10:20:00,"{""side"": ""HOLD"", ""confidence"": null}",0.0,FILLED
52,ES,2023-01-01 10:21:00,"{""side"": ""HOLD"", ""confidence"": null}",0.0,FILLED
53,ES,2023-01-01 10:22:00,"{""side"": ""HOLD"", ""confidence"": null}",0.0,FILLED
54,ES,2023-01-01 10:23:00,"{""side"": ""HOLD"", ""confidence"": null}",0.0,FILLED
55,ES,2023-01-01 10:24:00,"{""side"": ""HOLD"", ""confidence"": null}",0.0,FILLED
56,ES,2023-01-01 10:25:00,"{""side"": ""HOLD"", ""confidence"": null}",0.0,FILLED
57,ES,2023-01-01 10:26:00,"{""side"": ""HOLD"", ""confidence"": null}",0.0,FILLED
58,ES,2023-01-01 10:27:00,"{""side"": ""HOLD"", ""confidence"": null}",0.0,FILLED
59,ES,2023-01-01 10:28:00,"{""side"": ""HOLD"", ""confidence"": null}",0.0,FILLED
60,ES,2023-01-01 10:29:00,"{""side"": ""HOLD"", ""confidence"": null}",0.0,FILLED
61,ES,2023-01-01 10:30:00,"{""side"": ""HOLD"", ""confidence"": null}",0.0,FILLED
62,ES,2023-01-01 10:31:00,"{""side"": ""HOLD"", ""confidence"": null}",0.0,FILLED
63,ES,2023-01-01 10:32:00,"{""side"": ""HOLD"", ""confidence"": null}",0.0,FILLED
64,ES,2023-01-01 10:33:00,"{""side"": ""HOLD"", ""confidence"": null}",0.0,FILLED
65,ES,2023-01-01 10:34:00,"{""side"": ""HOLD"", ""confidence"": null}",0.0,FILLED
66,ES,2023-01-01 10:35:00,"{""side"": ""HOLD"", ""confidence"": null}",0.0,FILLED
67,ES,2023-01-01 10:36:00,"{""side"": ""HOLD"", ""confidence"": null}",0.0,FILLED
68,ES,2023-01-01 10:37:00,"{""side"": ""HOLD"", ""confidence"": null}",0.0,FILLED
69,ES,2023-01-01 10:38:00,"{""side"": ""HOLD"", ""confidence"": null}",0.0,FILLED
70,ES,2023-01-01 10:39:00,"{""side"": ""HOLD"", ""confidence"": null}",0.0,FILLED
71,ES,2023-01-01 10:40:00,"{""side"": ""HOLD"", ""confidence"": null}",0.0,FILLED
72,ES,2023-01-01 10:41:00,"{""side"": ""HOLD"", ""confidence"": null}",0.0,FILLED
73,ES,2023-01-01 10:42:00,"{""side"": ""HOLD"", ""confidence"": null}",0.0,FILLED
74,ES,2023-01-01 10:43:00,"{""side"": ""HOLD"", ""confidence"": null}",0.0,FILLED
75,ES,2023-01-01 10:44:00,"{""side"": ""HOLD"", ""confidence"": null}",0.0,FILLED
76,ES,2023-01-01 10:45:00,"{""side"": ""HOLD"", ""confidence"": null}",0.0,FILLED
77,ES,2023-01-01 10:46:00,"{""side"": ""HOLD"", ""confidence"": null}",0.0,FILLED
78,ES,2023-01-01 10:47:00,"{""side"": ""HOLD"", ""confidence"": null}",0.0,FILLED
79,ES,2023-01-01 10:48:00,"{""side"": ""HOLD"", ""confidence"": null}",0.0,FILLED
80,ES,2023-01-01 10:49:00,"{""side"": ""HOLD"", ""confidence"": null}",0.0,FILLED
81,ES,2023-01-01 10:50:00,"{""side"": ""HOLD"", ""confidence"": null}",0.0,FILLED
82,ES,2023-01-01 10:51:00,"{""side"": ""HOLD"", ""confidence"": null}",0.0,FILLED
83,ES,2023-01-01 10:52:00,"{""side"": ""HOLD"", ""confidence"": null}",0.0,FILLED
84,ES,2023-01-01 10:53:00,"{""side"": ""HOLD"", ""confidence"": null}",0.0,FILLED
85,ES,2023-01-01 10:54:00,"{""side"": ""HOLD"", ""confidence"": null}",0.0,FILLED
86,ES,2023-01-01 10:55:00,"{""side"": ""HOLD"", ""confidence"": null}",0.0,FILLED
87,ES,2023-01-01 10:56:00,"{""side"": ""HOLD"", ""confidence"": null}",0.0,FILLED
88,ES,2023-01-01 10:57:00,"{""side"": ""HOLD"", ""confidence"": null}",0.0,FILLED
89,ES,2023-01-01 10:58:00,"{""side"": ""HOLD"", ""confidence"": null}",0.0,FILLED
90,ES,2023-01-01 10:59:00,"{""side"": ""HOLD"", ""confidence"": null}",0.0,FILLED
91,ES,2023-01-01 11:00:00,"{""side"": ""HOLD"", ""confidence"": null}",0.0,FILLED
92,ES,2023-01-01 11:01:00,"{""side"": ""HOLD"", ""confidence"": null}",0.0,FILLED
93,ES,2023-01-01 11:02:00,"{""side"": ""HOLD"", ""confidence"": null}",0.0,FILLED
94,ES,2023-01-01 11:03:00,"{""side"": ""HOLD"", ""confidence"": null}",0.0,FILLED
95,ES,2023-01-01 11:04:00,"{""side"": ""HOLD"", ""confidence"": null}",0.0,FILLED
96,ES,2023-01-01 11:05:00,"{""side"": ""HOLD"", ""confidence"": null}",0.0,FILLED
97,ES,2023-01-01 11:06:00,"{""side"": ""HOLD"", ""confidence"": null}",0.0,FILLED
98,ES,2023-01-01 11:07:00,"{""side"": ""HOLD"", ""confidence"": null}",0.0,FILLED
99,ES,2023-01-01 11:08:00,"{""side"": ""HOLD"", ""confidence"": null}",0.0,FILLED
100,ES,2023-01-01 11:09:00,"{""side"": ""HOLD"", ""confidence"": null}",0.0,FILLED
101,ES,2023-01-01 11:10:00,"{""side"": ""HOLD"", ""confidence"": null}",0.0,FILLED
102,ES,2023-01-01 11:11:00,"{""side"": ""HOLD"", ""confidence"": null}",0.0,FILLED
103,ES,2023-01-01 11:12:00,"{""side"": ""HOLD"", ""confidence"": null}",0.0,FILLED
104,ES,2023-01-01 11:13:00,"{""side"": ""HOLD"", ""confidence"": null}",0.0,FILLED
105,ES,2023-01-01 11:14:00,"{""side"": ""HOLD"", ""confidence"": null}",0.0,FILLED
106,ES,2023-01-01 11:15:00,"{""side"": ""HOLD"", ""confidence"": null}",0.0,FILLED
107,ES,2023-01-01 11:16:00,"{""side"": ""HOLD"", ""confidence"": null}",0.0,FILLED
108,ES,2023-01-01 11:17:00,"{""side"": ""HOLD"", ""confidence"": null}",0.0,FILLED
109,ES,2023-01-01 11:18:00,"{""side"": ""HOLD"", ""confidence"": null}",0.0,FILLED
110,ES,2023-01-01 11:19:00,"{""side"": ""HOLD"", ""confidence"": null}",0.0,FILLED
111,ES,2023-01-01 11:20:00,"{""side"": ""HOLD"", ""confidence"": null}",0.0,FILLED
112,ES,2023-01-01 11:21:00,"{""side"": ""HOLD"", ""confidence"": null}",0.0,FILLED
113,ES,2023-01-01 11:22:00,"{""side"": ""HOLD"", ""confidence"": null}",0.0,FILLED
114,ES,2023-01-01 11:23:00,"{""side"": ""HOLD"", ""confidence"": null}",0.0,FILLED
115,ES,2023-01-01 11:24:00,"{""side"": ""HOLD"", ""confidence"": null}",0.0,FILLED
116,ES,2023-01-01 11:25:00,"{""side"": ""HOLD"", ""confidence"": null}",0.0,FILLED
117,ES,2023-01-01 11:26:00,"{""side"": ""HOLD"", ""confidence"": null}",0.0,FILLED
118,ES,2023-01-01 11:27:00,"{""side"": ""HOLD"", ""confidence"": null}",0.0,FILLED
119,ES,2023-01-01 11:28:00,"{""side"": ""HOLD"", ""confidence"": null}",0.0,FILLED
120,ES,2023-01-01 11:29:00,"{""side"": ""HOLD"", ""confidence"": null}",0.0,FILLED
121,ES,2023-01-01 11:30:00,"{""side"": ""HOLD"", ""confidence"": null}",0.0,FILLED
122,ES,2023-01-01 11:31:00,"{""side"": ""HOLD"", ""confidence"": null}",0.0,FILLED
123,ES,2023-01-01 11:32:00,"{""side"": ""HOLD"", ""confidence"": null}",0.0,FILLED
124,ES,2023-01-01 11:33:00,"{""side"": ""HOLD"", ""confidence"": null}",0.0,FILLED
125,ES,2023-01-01 11:34:00,"{""side"": ""HOLD"", ""confidence"": null}",0.0,FILLED
126,ES,2023-01-01 11:35:00,"{""side"": ""HOLD"", ""confidence"": null}",0.0,FILLED
127,ES,2023-01-01 11:36:00,"{""side"": ""HOLD"", ""confidence"": null}",0.0,FILLED
128,ES,2023-01-01 11:37:00,"{""side"": ""HOLD"", ""confidence"": null}",0.0,FILLED
129,ES,2023-01-01 11:38:00,"{""side"": ""HOLD"", ""confidence"": null}",0.0,FILLED
130,ES,2023-01-01 11:39:00,"{""side"": ""HOLD"", ""confidence"": null}",0.0,FILLED
131,ES,2023-01-01 11:40:00,"{""side"": ""HOLD"", ""confidence"": null}",0.0,FILLED
132,ES,2023-01-01 11:41:00,"{""side"": ""HOLD"", ""confidence"": null}",0.0,FILLED
133,ES,2023-01-01 11:42:00,"{""side"": ""HOLD"", ""confidence"": null}",0.0,FILLED
134,ES,2023-01-01 11:43:00,"{""side"": ""HOLD"", ""confidence"": null}",0.0,FILLED
135,ES,2023-01-01 11:44:00,"{""side"": ""HOLD"", ""confidence"": null}",0.0,FILLED
136,ES,2023-01-01 11:45:00,"{""side"": ""HOLD"", ""confidence"": null}",0.0,FILLED
137,ES,2023-01-01 11:46:00,"{""side"": ""HOLD"", ""confidence"": null}",0.0,FILLED
138,ES,2023-01-01 11:47:00,"{""side"": ""HOLD"", ""confidence"": null}",0.0,FILLED
139,ES,2023-01-01 11:48:00,"{""side"": ""HOLD"", ""confidence"": null}",0.0,FILLED
140,ES,2023-01-01 11:49:00,"{""side"": ""HOLD"", ""confidence"": null}",0.0,FILLED
141,ES,2023-01-01 11:50:00,"{""side"": ""HOLD"", ""confidence"": null}",0.0,FILLED
142,ES,2023-01-01 11:51:00,"{""side"": ""HOLD"", ""confidence"": null}",0.0,FILLED
143,ES,2023-01-01 11:52:00,"{""side"": ""HOLD"", ""confidence"": null}",0.0,FILLED
144,ES,2023-01-01 11:53:00,"{""side"": ""HOLD"", ""confidence"": null}",0.0,FILLED
145,ES,2023-01-01 11:54:00,"{""side"": ""HOLD"", ""confidence"": null}",0.0,FILLED
146,ES,2023-01-01 11:55:00,"{""side"": ""HOLD"", ""confidence"": null}",0.0,FILLED
147,ES,2023-01-01 11:56:00,"{""side"": ""HOLD"", ""confidence"": null}",0.0,FILLED
148,ES,2023-01-01 11:57:00,"{""side"": ""HOLD"", ""confidence"": null}",0.0,FILLED
149,ES,2023-01-01 11:58:00,"{""side"": ""HOLD"", ""confidence"": null}",0.0,FILLED
150,ES,2023-01-01 11:59:00,"{""side"": ""HOLD"", ""confidence"": null}",0.0,FILLED
151,ES,2023-01-01 12:00:00,"{""side"": ""HOLD"", ""confidence"": null}",0.0,FILLED
152,ES,2023-01-01 12:01:00,"{""side"": ""HOLD"", ""confidence"": null}",0.0,FILLED
153,ES,2023-01-01 12:02:00,"{""side"": ""HOLD"", ""confidence"": null}",0.0,FILLED
154,ES,2023-01-01 12:03:00,"{""side"": ""HOLD"", ""confidence"": null}",0.0,FILLED
155,ES,2023-01-01 12:04:00,"{""side"": ""HOLD"", ""confidence"": null}",0.0,FILLED
156,ES,2023-01-01 12:05:00,"{""side"": ""HOLD"", ""confidence"": null}",0.0,FILLED
157,ES,2023-01-01 12:06:00,"{""side"": ""HOLD"", ""confidence"": null}",0.0,FILLED
158,ES,2023-01-01 12:07:00,"{""side"": ""HOLD"", ""confidence"": null}",0.0,FILLED
159,ES,2023-01-01 12:08:00,"{""side"": ""HOLD"", ""confidence"": null}",0.0,FILLED
160,ES,2023-01-01 12:09:00,"{""side"": ""HOLD"", ""confidence"": null}",0.0,FILLED
161,ES,2023-01-01 12:10:00,"{""side"": ""HOLD"", ""confidence"": null}",0.0,FILLED
162,ES,2023-01-01 12:11:00,"{""side"": ""HOLD"", ""confidence"": null}",0.0,FILLED
163,ES,2023-01-01 12:12:00,"{""side"": ""HOLD"", ""confidence"": null}",0.0,FILLED
164,ES,2023-01-01 12:13:00,"{""side"": ""HOLD"", ""confidence"": null}",0.0,FILLED
165,ES,2023-01-01 12:14:00,"{""side"": ""HOLD"", ""confidence"": null}",0.0,FILLED
166,ES,2023-01-01 12:15:00,"{""side"": ""HOLD"", ""confidence"": null}",0.0,FILLED
167,ES,2023-01-01 12:16:00,"{""side"": ""HOLD"", ""confidence"": null}",0.0,FILLED
168,ES,2023-01-01 12:17:00,"{""side"": ""HOLD"", ""confidence"": null}",0.0,FILLED
169,ES,2023-01-01 12:18:00,"{""side"": ""HOLD"", ""confidence"": null}",0.0,FILLED
170,ES,2023-01-01 12:19:00,"{""side"": ""HOLD"", ""confidence"": null}",0.0,FILLED
171,ES,2023-01-01 12:20:00,"{""side"": ""HOLD"", ""confidence"": null}",0.0,FILLED
172,ES,2023-01-01 12:21:00,"{""side"": ""HOLD"", ""confidence"": null}",0.0,FILLED
173,ES,2023-01-01 12:22:00,"{""side"": ""HOLD"", ""confidence"": null}",0.0,FILLED
174,ES,2023-01-01 12:23:00,"{""side"": ""HOLD"", ""confidence"": null}",0.0,FILLED
175,ES,2023-01-01 12:24:00,"{""side"": ""HOLD"", ""confidence"": null}",0.0,FILLED
176,ES,2023-01-01 12:25:00,"{""side"": ""HOLD"", ""confidence"": null}",0.0,FILLED
177,ES,2023-01-01 12:26:00,"{""side"": ""HOLD"", ""confidence"": null}",0.0,FILLED
178,ES,2023-01-01 12:27:00,"{""side"": ""HOLD"", ""confidence"": null}",0.0,FILLED
179,ES,2023-01-01 12:28:00,"{""side"": ""HOLD"", ""confidence"": null}",0.0,FILLED
180,ES,2023-01-01 12:29:00,"{""side"": ""HOLD"", ""confidence"": null}",0.0,FILLED
181,ES,2023-01-01 12:30:00,"{""side"": ""HOLD"", ""confidence"": null}",0.0,FILLED
182,ES,2023-01-01 12:31:00,"{""side"": ""HOLD"", ""confidence"": null}",0.0,FILLED
183,ES,2023-01-01 12:32:00,"{""side"": ""HOLD"", ""confidence"": null}",0.0,FILLED
184,ES,2023-01-01 12:33:00,"{""side"": ""HOLD"", ""confidence"": null}",0.0,FILLED
185,ES,2023-01-01 12:34:00,"{""side"": ""HOLD"", ""confidence"": null}",0.0,FILLED
186,ES,2023-01-01 12:35:00,"{""side"": ""HOLD"", ""confidence"": null}",0.0,FILLED
187,ES,2023-01-01 12:36:00,"{""side"": ""HOLD"", ""confidence"": null}",0.0,FILLED
188,ES,2023-01-01 12:37:00,"{""side"": ""HOLD"", ""confidence"": null}",0.0,FILLED
189,ES,2023-01-01 12:38:00,"{""side"": ""HOLD"", ""confidence"": null}",0.0,FILLED
190,ES,2023-01-01 12:39:00,"{""side"": ""HOLD"", ""confidence"": null}",0.0,FILLED
191,ES,2023-01-01 12:40:00,"{""side"": ""HOLD"", ""confidence"": null}",0.0,FILLED
192,ES,2023-01-01 12:41:00,"{""side"": ""HOLD"", ""confidence"": null}",0.0,FILLED
193,ES,2023-01-01 12:42:00,"{""side"": ""HOLD"", ""confidence"": null}",0.0,FILLED
194,ES,2023-01-01 12:43:00,"{""side"": ""HOLD"", ""confidence"": null}",0.0,FILLED
195,ES,2023-01-01 12:44:00,"{""side"": ""HOLD"", ""confidence"": null}",0.0,FILLED
196,ES,2023-01-01 12:45:00,"{""side"": ""HOLD"", ""confidence"": null}",0.0,FILLED
197,ES,2023-01-01 12:46:00,"{""side"": ""HOLD"", ""confidence"": null}",0.0,FILLED
198,ES,2023-01-01 12:47:00,"{""side"": ""HOLD"", ""confidence"": null}",0.0,FILLED
199,ES,2023-01-01 12:48:00,"{""side"": ""HOLD"", ""confidence"": null}",0.0,FILLED
200,ES,2023-01-01 12:49:00,"{""side"": ""HOLD"", ""confidence"": null}",0.0,FILLED
201,ES,2023-01-01 12:50:00,"{""side"": ""HOLD"", ""confidence"": null}",0.0,FILLED
202,ES,2023-01-01 12:51:00,"{""side"": ""HOLD"", ""confidence"": null}",0.0,FILLED
203,ES,2023-01-01 12:52:00,"{""side"": ""HOLD"", ""confidence"": null}",0.0,FILLED
204,ES,2023-01-01 12:53:00,"{""side"": ""HOLD"", ""confidence"": null}",0.0,FILLED
205,ES,2023-01-01 12:54:00,"{""side"": ""HOLD"", ""confidence"": null}",0.0,FILLED
206,ES,2023-01-01 12:55:00,"{""side"": ""HOLD"", ""confidence"": null}",0.0,FILLED
207,ES,2023-01-01 12:56:00,"{""side"": ""HOLD"", ""confidence"": null}",0.0,FILLED
208,ES,2023-01-01 12:57:00,"{""side"": ""HOLD"", ""confidence"": null}",0.0,FILLED
209,ES,2023-01-01 12:58:00,"{""side"": ""HOLD"", ""confidence"": null}",0.0,FILLED
210,ES,2023-01-01 12:59:00,"{""side"": ""HOLD"", ""confidence"": null}",0.0,FILLED
211,ES,2023-01-01 13:00:00,"{""side"": ""HOLD"", ""confidence"": null}",0.0,FILLED
212,ES,2023-01-01 13:01:00,"{""side"": ""HOLD"", ""confidence"": null}",0.0,FILLED
213,ES,2023-01-01 13:02:00,"{""side"": ""HOLD"", ""confidence"": null}",0.0,FILLED
214,ES,2023-01-01 13:03:00,"{""side"": ""HOLD"", ""confidence"": null}",0.0,FILLED
215,ES,2023-01-01 13:04:00,"{""side"": ""HOLD"", ""confidence"": null}",0.0,FILLED
216,ES,2023-01-01 13:05:00,"{""side"": ""HOLD"", ""confidence"": null}",0.0,FILLED
217,ES,2023-01-01 13:06:00,"{""side"": ""HOLD"", ""confidence"": null}",0.0,FILLED
218,ES,2023-01-01 13:07:00,"{""side"": ""HOLD"", ""confidence"": null}",0.0,FILLED
219,ES,2023-01-01 13:08:00,"{""side"": ""HOLD"", ""confidence"": null}",0.0,FILLED
220,ES,2023-01-01 13:09:00,"{""side"": ""HOLD"", ""confidence"": null}",0.0,FILLED
221,ES,2023-01-01 13:10:00,"{""side"": ""HOLD"", ""confidence"": null}",0.0,FILLED
222,ES,2023-01-01 13:11:00,"{""side"": ""HOLD"", ""confidence"": null}",0.0,FILLED
223,ES,2023-01-01 13:12:00,"{""side"": ""HOLD"", ""confidence"": null}",0.0,FILLED
224,ES,2023-01-01 13:13:00,"{""side"": ""HOLD"", ""confidence"": null}",0.0,FILLED
225,ES,2023-01-01 13:14:00,"{""side"": ""HOLD"", ""confidence"": null}",0.0,FILLED
226,ES,2023-01-01 13:15:00,"{""side"": ""HOLD"", ""confidence"": null}",0.0,FILLED
227,ES,2023-01-01 13:16:00,"{""side"": ""HOLD"", ""confidence"": null}",0.0,FILLED
228,ES,2023-01-01 13:17:00,"{""side"": ""HOLD"", ""confidence"": null}",0.0,FILLED
229,ES,2023-01-01 13:18:00,"{""side"": ""HOLD"", ""confidence"": null}",0.0,FILLED
230,ES,2023-01-01 13:19:00,"{""side"": ""HOLD"", ""confidence"": null}",0.0,FILLED
231,ES,2023-01-01 13:20:00,"{""side"": ""HOLD"", ""confidence"": null}",0.0,FILLED
232,ES,2023-01-01 13:21:00,"{""side"": ""HOLD"", ""confidence"": null}",0.0,FILLED
233,ES,2023-01-01 13:22:00,"{""side"": ""HOLD"", ""confidence"": null}",0.0,FILLED
234,ES,2023-01-01 13:23:00,"{""side"": ""HOLD"", ""confidence"": null}",0.0,FILLED
235,ES,2023-01-01 13:24:00,"{""side"": ""HOLD"", ""confidence"": null}",0.0,FILLED
236,ES,2023-01-01 13:25:00,"{""side"": ""HOLD"", ""confidence"": null}",0.0,FILLED
237,ES,2023-01-01 13:26:00,"{""side"": ""HOLD"", ""confidence"": null}",0.0,FILLED
238,ES,2023-01-01 13:27:00,"{""side"": ""HOLD"", ""confidence"": null}",0.0,FILLED
239,ES,2023-01-01 13:28:00,"{""side"": ""HOLD"", ""confidence"": null}",0.0,FILLED
240,ES,2023-01-01 13:29:00,"{""side"": ""HOLD"", ""confidence"": null}",0.0,FILLED
241,ES,2023-01-01 13:30:00,"{""side"": ""HOLD"", ""confidence"": null}",0.0,FILLED
242,ES,2023-01-01 13:31:00,"{""side"": ""HOLD"", ""confidence"": null}",0.0,FILLED
243,ES,2023-01-01 13:32:00,"{""side"": ""HOLD"", ""confidence"": null}",0.0,FILLED
244,ES,2023-01-01 13:33:00,"{""side"": ""HOLD"", ""confidence"": null}",0.0,FILLED
245,ES,2023-01-01 13:34:00,"{""side"": ""HOLD"", ""confidence"": null}",0.0,FILLED
246,ES,2023-01-01 13:35:00,"{""side"": ""HOLD"", ""confidence"": null}",0.0,FILLED
247,ES,2023-01-01 13:36:00,"{""side"": ""HOLD"", ""confidence"": null}",0.0,FILLED
248,ES,2023-01-01 13:37:00,"{""side"": ""HOLD"", ""confidence"": null}",0.0,FILLED
249,ES,2023-01-01 13:38:00,"{""side"": ""HOLD"", ""confidence"": null}",0.0,FILLED
250,ES,2023-01-01 13:39:00,"{""side"": ""HOLD"", ""confidence"": null}",0.0,FILLED
251,ES,2023-01-01 13:40:00,"{""side"": ""HOLD"", ""confidence"": null}",0.0,FILLED
252,ES,2023-01-01 13:41:00,"{""side"": ""HOLD"", ""confidence"": null}",0.0,FILLED
253,ES,2023-01-01 13:42:00,"{""side"": ""HOLD"", ""confidence"": null}",0.0,FILLED
254,ES,2023-01-01 13:43:00,"{""side"": ""HOLD"", ""confidence"": null}",0.0,FILLED
255,ES,2023-01-01 13:44:00,"{""side"": ""HOLD"", ""confidence"": null}",0.0,FILLED
256,ES,2023-01-01 13:45:00,"{""side"": ""HOLD"", ""confidence"": null}",0.0,FILLED
257,ES,2023-01-01 13:46:00,"{""side"": ""HOLD"", ""confidence"": null}",0.0,FILLED
258,ES,2023-01-01 13:47:00,"{""side"": ""HOLD"", ""confidence"": null}",0.0,FILLED
259,ES,2023-01-01 13:48:00,"{""side"": ""HOLD"", ""confidence"": null}",0.0,FILLED
260,ES,2023-01-01 13:49:00,"{""side"": ""HOLD"", ""confidence"": null}",0.0,FILLED
261,ES,2023-01-01 13:50:00,"{""side"": ""HOLD"", ""confidence"": null}",0.0,FILLED
262,ES,2023-01-01 13:51:00,"{""side"": ""HOLD"", ""confidence"": null}",0.0,FILLED
263,ES,2023-01-01 13:52:00,"{""side"": ""HOLD"", ""confidence"": null}",0.0,FILLED
264,ES,2023-01-01 13:53:00,"{""side"": ""HOLD"", ""confidence"": null}",0.0,FILLED
265,ES,2023-01-01 13:54:00,"{""side"": ""HOLD"", ""confidence"": null}",0.0,FILLED
266,ES,2023-01-01 13:55:00,"{""side"": ""HOLD"", ""confidence"": null}",0.0,FILLED
267,ES,2023-01-01 13:56:00,"{""side"": ""HOLD"", ""confidence"": null}",0.0,FILLED
268,ES,2023-01-01 13:57:00,"{""side"": ""HOLD"", ""confidence"": null}",0.0,FILLED
269,ES,2023-01-01 13:58:00,"{""side"": ""HOLD"", ""confidence"": null}",0.0,FILLED
270,ES,2023-01-01 13:59:00,"{""side"": ""HOLD"", ""confidence"": null}",0.0,FILLED
271,ES,2023-01-01 14:00:00,"{""side"": ""HOLD"", ""confidence"": null}",0.0,FILLED
272,ES,2023-01-01 14:01:00,"{""side"": ""HOLD"", ""confidence"": null}",0.0,FILLED
273,ES,2023-01-01 14:02:00,"{""side"": ""HOLD"", ""confidence"": null}",0.0,FILLED
274,ES,2023-01-01 14:03:00,"{""side"": ""HOLD"", ""confidence"": null}",0.0,FILLED
275,ES,2023-01-01 14:04:00,"{""side"": ""HOLD"", ""confidence"": null}",0.0,FILLED
276,ES,2023-01-01 14:05:00,"{""side"": ""HOLD"", ""confidence"": null}",0.0,FILLED
277,ES,2023-01-01 14:06:00,"{""side"": ""HOLD"", ""confidence"": null}",0.0,FILLED
278,ES,2023-01-01 14:07:00,"{""side"": ""HOLD"", ""confidence"": null}",0.0,FILLED
279,ES,2023-01-01 14:08:00,"{""side"": ""HOLD"", ""confidence"": null}",0.0,FILLED
280,ES,2023-01-01 14:09:00,"{""side"": ""HOLD"", ""confidence"": null}",0.0,FILLED
281,ES,2023-01-01 14:10:00,"{""side"": ""HOLD"", ""confidence"": null}",0.0,FILLED
282,ES,2023-01-01 14:11:00,"{""side"": ""HOLD"", ""confidence"": null}",0.0,FILLED
283,ES,2023-01-01 14:12:00,"{""side"": ""HOLD"", ""confidence"": null}",0.0,FILLED
284,ES,2023-01-01 14:13:00,"{""side"": ""HOLD"", ""confidence"": null}",0.0,FILLED
285,ES,2023-01-01 14:14:00,"{""side"": ""HOLD"", ""confidence"": null}",0.0,FILLED
286,ES,2023-01-01 14:15:00,"{""side"": ""HOLD"", ""confidence"": null}",0.0,FILLED
287,ES,2023-01-01 14:16:00,"{""side"": ""HOLD"", ""confidence"": null}",0.0,FILLED
288,ES,2023-01-01 14:17:00,"{""side"": ""HOLD"", ""confidence"": null}",0.0,FILLED
289,ES,2023-01-01 14:18:00,"{""side"": ""HOLD"", ""confidence"": null}",0.0,FILLED
290,ES,2023-01-01 14:19:00,"{""side"": ""HOLD"", ""confidence"": null}",0.0,FILLED
291,ES,2023-01-01 14:20:00,"{""side"": ""HOLD"", ""confidence"": null}",0.0,FILLED
292,ES,2023-01-01 14:21:00,"{""side"": ""HOLD"", ""confidence"": null}",0.0,FILLED
293,ES,2023-01-01 14:22:00,"{""side"": ""HOLD"", ""confidence"": null}",0.0,FILLED
294,ES,2023-01-01 14:23:00,"{""side"": ""HOLD"", ""confidence"": null}",0.0,FILLED
295,ES,2023-01-01 14:24:00,"{""side"": ""HOLD"", ""confidence"": null}",0.0,FILLED
296,ES,2023-01-01 14:25:00,"{""side"": ""HOLD"", ""confidence"": null}",0.0,FILLED
297,ES,2023-01-01 14:26:00,"{""side"": ""HOLD"", ""confidence"": null}",0.0,FILLED
298,ES,2023-01-01 14:27:00,"{""side"": ""HOLD"", ""confidence"": null}",0.0,FILLED
299,ES,2023-01-01 14:28:00,"{""side"": ""HOLD"", ""confidence"": null}",0.0,FILLED
300,ES,2023-01-01 14:29:00,"{""side"": ""HOLD"", ""confidence"": null}",0.0,FILLED
301,ES,2023-01-01 14:30:00,"{""side"": ""HOLD"", ""confidence"": null}",0.0,FILLED
302,ES,2023-01-01 14:31:00,"{""side"": ""HOLD"", ""confidence"": null}",0.0,FILLED
303,ES,2023-01-01 14:32:00,"{""side"": ""HOLD"", ""confidence"": null}",0.0,FILLED
304,ES,2023-01-01 14:33:00,"{""side"": ""HOLD"", ""confidence"": null}",0.0,FILLED
305,ES,2023-01-01 14:34:00,"{""side"": ""HOLD"", ""confidence"": null}",0.0,FILLED
306,ES,2023-01-01 14:35:00,"{""side"": ""HOLD"", ""confidence"": null}",0.0,FILLED
307,ES,2023-01-01 14:36:00,"{""side"": ""HOLD"", ""confidence"": null}",0.0,FILLED
308,ES,2023-01-01 14:37:00,"{""side"": ""HOLD"", ""confidence"": null}",0.0,FILLED
309,ES,2023-01-01 14:38:00,"{""side"": ""HOLD"", ""confidence"": null}",0.0,FILLED
310,ES,2023-01-01 14:39:00,"{""side"": ""HOLD"", ""confidence"": null}",0.0,FILLED
311,ES,2023-01-01 14:40:00,"{""side"": ""HOLD"", ""confidence"": null}",0.0,FILLED
312,ES,2023-01-01 14:41:00,"{""side"": ""HOLD"", ""confidence"": null}",0.0,FILLED
313,ES,2023-01-01 14:42:00,"{""side"": ""HOLD"", ""confidence"": null}",0.0,FILLED
314,ES,2023-01-01 14:43:00,"{""side"": ""HOLD"", ""confidence"": null}",0.0,FILLED
315,ES,2023-01-01 14:44:00,"{""side"": ""HOLD"", ""confidence"": null}",0.0,FILLED
316,ES,2023-01-01 14:45:00,"{""side"": ""HOLD"", ""confidence"": null}",0.0,FILLED
317,ES,2023-01-01 14:46:00,"{""side"": ""HOLD"", ""confidence"": null}",0.0,FILLED
318,ES,2023-01-01 14:47:00,"{""side"": ""HOLD"", ""confidence"": null}",0.0,FILLED
319,ES,2023-01-01 14:48:00,"{""side"": ""HOLD"", ""confidence"": null}",0.0,FILLED
320,ES,2023-01-01 14:49:00,"{""side"": ""HOLD"", ""confidence"": null}",0.0,FILLED
321,ES,2023-01-01 14:50:00,"{""side"": ""HOLD"", ""confidence"": null}",0.0,FILLED
322,ES,2023-01-01 14:51:00,"{""side"": ""HOLD"", ""confidence"": null}",0.0,FILLED
323,ES,2023-01-01 14:52:00,"{""side"": ""HOLD"", ""confidence"": null}",0.0,FILLED
324,ES,2023-01-01 14:53:00,"{""side"": ""HOLD"", ""confidence"": null}",0.0,FILLED
325,ES,2023-01-01 14:54:00,"{""side"": ""HOLD"", ""confidence"": null}",0.0,FILLED
326,ES,2023-01-01 14:55:00,"{""side"": ""HOLD"", ""confidence"": null}",0.0,FILLED
327,ES,2023-01-01 14:56:00,"{""side"": ""HOLD"", ""confidence"": null}",0.0,FILLED
328,ES,2023-01-01 14:57:00,"{""side"": ""HOLD"", ""confidence"": null}",0.0,FILLED
329,ES,2023-01-01 14:58:00,"{""side"": ""HOLD"", ""confidence"": null}",0.0,FILLED
330,ES,2023-01-01 14:59:00,"{""side"": ""HOLD"", ""confidence"": null}",0.0,FILLED
331,ES,2023-01-01 15:00:00,"{""side"": ""HOLD"", ""confidence"": null}",0.0,FILLED
332,ES,2023-01-01 15:01:00,"{""side"": ""HOLD"", ""confidence"": null}",0.0,FILLED
333,ES,2023-01-01 15:02:00,"{""side"": ""HOLD"", ""confidence"": null}",0.0,FILLED
334,ES,2023-01-01 15:03:00,"{""side"": ""HOLD"", ""confidence"": null}",0.0,FILLED
335,ES,2023-01-01 15:04:00,"{""side"": ""HOLD"", ""confidence"": null}",0.0,FILLED
336,ES,2023-01-01 15:05:00,"{""side"": ""HOLD"", ""confidence"": null}",0.0,FILLED
337,ES,2023-01-01 15:06:00,"{""side"": ""HOLD"", ""confidence"": null}",0.0,FILLED
338,ES,2023-01-01 15:07:00,"{""side"": ""HOLD"", ""confidence"": null}",0.0,FILLED
339,ES,2023-01-01 15:08:00,"{""side"": ""HOLD"", ""confidence"": null}",0.0,FILLED
340,ES,2023-01-01 15:09:00,"{""side"": ""HOLD"", ""confidence"": null}",0.0,FILLED
341,ES,2023-01-01 15:10:00,"{""side"": ""HOLD"", ""confidence"": null}",0.0,FILLED
342,ES,2023-01-01 15:11:00,"{""side"": ""HOLD"", ""confidence"": null}",0.0,FILLED
343,ES,2023-01-01 15:12:00,"{""side"": ""HOLD"", ""confidence"": null}",0.0,FILLED
344,ES,2023-01-01 15:13:00,"{""side"": ""HOLD"", ""confidence"": null}",0.0,FILLED
345,ES,2023-01-01 15:14:00,"{""side"": ""HOLD"", ""confidence"": null}",0.0,FILLED
346,ES,2023-01-01 15:15:00,"{""side"": ""HOLD"", ""confidence"": null}",0.0,FILLED
347,ES,2023-01-01 15:16:00,"{""side"": ""HOLD"", ""confidence"": null}",0.0,FILLED
348,ES,2023-01-01 15:17:00,"{""side"": ""HOLD"", ""confidence"": null}",0.0,FILLED
349,ES,2023-01-01 15:18:00,"{""side"": ""HOLD"", ""confidence"": null}",0.0,FILLED
350,ES,2023-01-01 15:19:00,"{""side"": ""HOLD"", ""confidence"": null}",0.0,FILLED
351,ES,2023-01-01 15:20:00,"{""side"": ""HOLD"", ""confidence"": null}",0.0,FILLED
352,ES,2023-01-01 15:21:00,"{""side"": ""HOLD"", ""confidence"": null}",0.0,FILLED
353,ES,2023-01-01 15:22:00,"{""side"": ""HOLD"", ""confidence"": null}",0.0,FILLED
354,ES,2023-01-01 15:23:00,"{""side"": ""HOLD"", ""confidence"": null}",0.0,FILLED
355,ES,2023-01-01 15:24:00,"{""side"": ""HOLD"", ""confidence"": null}",0.0,FILLED
356,ES,2023-01-01 15:25:00,"{""side"": ""HOLD"", ""confidence"": null}",0.0,FILLED
357,ES,2023-01-01 15:26:00,"{""side"": ""HOLD"", ""confidence"": null}",0.0,FILLED
358,ES,2023-01-01 15:27:00,"{""side"": ""HOLD"", ""confidence"": null}",0.0,FILLED
359,ES,2023-01-01 15:28:00,"{""side"": ""HOLD"", ""confidence"": null}",0.0,FILLED
360,ES,2023-01-01 15:29:00,"{""side"": ""HOLD"", ""confidence"": null}",0.0,FILLED
361,ES,2023-01-01 15:30:00,"{""side"": ""HOLD"", ""confidence"": null}",0.0,FILLED
362,ES,2023-01-01 15:31:00,"{""side"": ""HOLD"", ""confidence"": null}",0.0,FILLED
363,ES,2023-01-01 15:32:00,"{""side"": ""HOLD"", ""confidence"": null}",0.0,FILLED
364,ES,2023-01-01 15:33:00,"{""side"": ""HOLD"", ""confidence"": null}",0.0,FILLED
365,ES,2023-01-01 15:34:00,"{""side"": ""HOLD"", ""confidence"": null}",0.0,FILLED
366,ES,2023-01-01 15:35:00,"{""side"": ""HOLD"", ""confidence"": null}",0.0,FILLED
367,ES,2023-01-01 15:36:00,"{""side"": ""HOLD"", ""confidence"": null}",0.0,FILLED
368,ES,2023-01-01 15:37:00,"{""side"": ""HOLD"", ""confidence"": null}",0.0,FILLED
369,ES,2023-01-01 15:38:00,"{""side"": ""HOLD"", ""confidence"": null}",0.0,FILLED
370,ES,2023-01-01 15:39:00,"{""side"": ""HOLD"", ""confidence"": null}",0.0,FILLED
371,ES,2023-01-01 15:40:00,"{""side"": ""HOLD"", ""confidence"": null}",0.0,FILLED
372,ES,2023-01-01 15:41:00,"{""side"": ""HOLD"", ""confidence"": null}",0.0,FILLED
373,ES,2023-01-01 15:42:00,"{""side"": ""HOLD"", ""confidence"": null}",0.0,FILLED
374,ES,2023-01-01 15:43:00,"{""side"": ""HOLD"", ""confidence"": null}",0.0,FILLED
375,ES,2023-01-01 15:44:00,"{""side"": ""HOLD"", ""confidence"": null}",0.0,FILLED
376,ES,2023-01-01 15:45:00,"{""side"": ""HOLD"", ""confidence"": null}",0.0,FILLED
377,ES,2023-01-01 15:46:00,"{""side"": ""HOLD"", ""confidence"": null}",0.0,FILLED
378,ES,2023-01-01 15:47:00,"{""side"": ""HOLD"", ""confidence"": null}",0.0,FILLED
379,ES,2023-01-01 15:48:00,"{""side"": ""HOLD"", ""confidence"": null}",0.0,FILLED
380,ES,2023-01-01 15:49:00,"{""side"": ""HOLD"", ""confidence"": null}",0.0,FILLED
381,ES,2023-01-01 15:50:00,"{""side"": ""HOLD"", ""confidence"": null}",0.0,FILLED
382,ES,2023-01-01 15:51:00,"{""side"": ""HOLD"", ""confidence"": null}",0.0,FILLED
383,ES,2023-01-01 15:52:00,"{""side"": ""HOLD"", ""confidence"": null}",0.0,FILLED
384,ES,2023-01-01 15:53:00,"{""side"": ""HOLD"", ""confidence"": null}",0.0,FILLED
385,ES,2023-01-01 15:54:00,"{""side"": ""HOLD"", ""confidence"": null}",0.0,FILLED
386,ES,2023-01-01 15:55:00,"{""side"": ""HOLD"", ""confidence"": null}",0.0,FILLED
387,ES,2023-01-01 15:56:00,"{""side"": ""HOLD"", ""confidence"": null}",0.0,FILLED
388,ES,2023-01-01 15:57:00,"{""side"": ""HOLD"", ""confidence"": null}",0.0,FILLED
389,ES,2023-01-01 15:58:00,"{""side"": ""HOLD"", ""confidence"": null}",0.0,FILLED
390,ES,2023-01-01 15:59:00,"{""side"": ""HOLD"", ""confidence"": null}",0.0,FILLED
391,ES,2023-01-01 16:00:00,"{""side"": ""HOLD"", ""confidence"": null}",0.0,FILLED
392,ES,2023-01-01 16:01:00,"{""side"": ""HOLD"", ""confidence"": null}",0.0,FILLED
393,ES,2023-01-01 16:02:00,"{""side"": ""HOLD"", ""confidence"": null}",0.0,FILLED
394,ES,2023-01-01 16:03:00,"{""side"": ""HOLD"", ""confidence"": null}",0.0,FILLED
395,ES,2023-01-01 16:04:00,"{""side"": ""HOLD"", ""confidence"": null}",0.0,FILLED
396,ES,2023-01-01 16:05:00,"{""side"": ""HOLD"", ""confidence"": null}",0.0,FILLED
397,ES,2023-01-01 16:06:00,"{""side"": ""HOLD"", ""confidence"": null}",0.0,FILLED
398,ES,2023-01-01 16:07:00,"{""side"": ""HOLD"", ""confidence"": null}",0.0,FILLED
399,ES,2023-01-01 16:08:00,"{""side"": ""HOLD"", ""confidence"": null}",0.0,FILLED
400,ES,2023-01-01 16:09:00,"{""side"": ""HOLD"", ""confidence"": null}",0.0,FILLED
401,ES,2023-01-01 16:10:00,"{""side"": ""HOLD"", ""confidence"": null}",0.0,FILLED
402,ES,2023-01-01 16:11:00,"{""side"": ""HOLD"", ""confidence"": null}",0.0,FILLED
403,ES,2023-01-01 16:12:00,"{""side"": ""HOLD"", ""confidence"": null}",0.0,FILLED
404,ES,2023-01-01 16:13:00,"{""side"": ""HOLD"", ""confidence"": null}",0.0,FILLED
405,ES,2023-01-01 16:14:00,"{""side"": ""HOLD"", ""confidence"": null}",0.0,FILLED
406,ES,2023-01-01 16:15:00,"{""side"": ""HOLD"", ""confidence"": null}",0.0,FILLED
407,ES,2023-01-01 16:16:00,"{""side"": ""HOLD"", ""confidence"": null}",0.0,FILLED
408,ES,2023-01-01 16:17:00,"{""side"": ""HOLD"", ""confidence"": null}",0.0,FILLED
409,ES,2023-01-01 16:18:00,"{""side"": ""HOLD"", ""confidence"": null}",0.0,FILLED
410,ES,2023-01-01 16:19:00,"{""side"": ""HOLD"", ""confidence"": null}",0.0,FILLED
411,ES,2023-01-01 16:20:00,"{""side"": ""HOLD"", ""confidence"": null}",0.0,FILLED
412,ES,2023-01-01 16:21:00,"{""side"": ""HOLD"", ""confidence"": null}",0.0,FILLED
413,ES,2023-01-01 16:22:00,"{""side"": ""HOLD"", ""confidence"": null}",0.0,FILLED
414,ES,2023-01-01 16:23:00,"{""side"": ""HOLD"", ""confidence"": null}",0.0,FILLED
415,ES,2023-01-01 16:24:00,"{""side"": ""HOLD"", ""confidence"": null}",0.0,FILLED
416,ES,2023-01-01 16:25:00,"{""side"": ""HOLD"", ""confidence"": null}",0.0,FILLED
417,ES,2023-01-01 16:26:00,"{""side"": ""HOLD"", ""confidence"": null}",0.0,FILLED
418,ES,2023-01-01 16:27:00,"{""side"": ""HOLD"", ""confidence"": null}",0.0,FILLED
419,ES,2023-01-01 16:28:00,"{""side"": ""HOLD"", ""confidence"": null}",0.0,FILLED
420,ES,2023-01-01 16:29:00,"{""side"": ""HOLD"", ""confidence"": null}",0.0,FILLED
421,ES,2023-01-01 16:30:00,"{""side"": ""HOLD"", ""confidence"": null}",0.0,FILLED
422,ES,2023-01-01 16:31:00,"{""side"": ""HOLD"", ""confidence"": null}",0.0,FILLED
423,ES,2023-01-01 16:32:00,"{""side"": ""HOLD"", ""confidence"": null}",0.0,FILLED
424,ES,2023-01-01 16:33:00,"{""side"": ""HOLD"", ""confidence"": null}",0.0,FILLED
425,ES,2023-01-01 16:34:00,"{""side"": ""HOLD"", ""confidence"": null}",0.0,FILLED
426,ES,2023-01-01 16:35:00,"{""side"": ""HOLD"", ""confidence"": null}",0.0,FILLED
427,ES,2023-01-01 16:36:00,"{""side"": ""HOLD"", ""confidence"": null}",0.0,FILLED
428,ES,2023-01-01 16:37:00,"{""side"": ""HOLD"", ""confidence"": null}",0.0,FILLED
429,ES,2023-01-01 16:38:00,"{""side"": ""HOLD"", ""confidence"": null}",0.0,FILLED
430,ES,2023-01-01 16:39:00,"{""side"": ""HOLD"", ""confidence"": null}",0.0,FILLED
431,ES,2023-01-01 16:40:00,"{""side"": ""HOLD"", ""confidence"": null}",0.0,FILLED
432,ES,2023-01-01 16:41:00,"{""side"": ""HOLD"", ""confidence"": null}",0.0,FILLED
433,ES,2023-01-01 16:42:00,"{""side"": ""HOLD"", ""confidence"": null}",0.0,FILLED
434,ES,2023-01-01 16:43:00,"{""side"": ""HOLD"", ""confidence"": null}",0.0,FILLED
435,ES,2023-01-01 16:44:00,"{""side"": ""HOLD"", ""confidence"": null}",0.0,FILLED
436,ES,2023-01-01 16:45:00,"{""side"": ""HOLD"", ""confidence"": null}",0.0,FILLED
437,ES,2023-01-01 16:46:00,"{""side"": ""HOLD"", ""confidence"": null}",0.0,FILLED
438,ES,2023-01-01 16:47:00,"{""side"": ""HOLD"", ""confidence"": null}",0.0,FILLED
439,ES,2023-01-01 16:48:00,"{""side"": ""HOLD"", ""confidence"": null}",0.0,FILLED
440,ES,2023-01-01 16:49:00,"{""side"": ""HOLD"", ""confidence"": null}",0.0,FILLED
441,ES,2023-01-01 16:50:00,"{""side"": ""HOLD"", ""confidence"": null}",0.0,FILLED
442,ES,2023-01-01 16:51:00,"{""side"": ""HOLD"", ""confidence"": null}",0.0,FILLED
443,ES,2023-01-01 16:52:00,"{""side"": ""HOLD"", ""confidence"": null}",0.0,FILLED
444,ES,2023-01-01 16:53:00,"{""side"": ""HOLD"", ""confidence"": null}",0.0,FILLED
445,ES,2023-01-01 16:54:00,"{""side"": ""HOLD"", ""confidence"": null}",0.0,FILLED
446,ES,2023-01-01 16:55:00,"{""side"": ""HOLD"", ""confidence"": null}",0.0,FILLED
447,ES,2023-01-01 16:56:00,"{""side"": ""HOLD"", ""confidence"": null}",0.0,FILLED
448,ES,2023-01-01 16:57:00,"{""side"": ""HOLD"", ""confidence"": null}",0.0,FILLED
449,ES,2023-01-01 16:58:00,"{""side"": ""HOLD"", ""confidence"": null}",0.0,FILLED
450,ES,2023-01-01 16:59:00,"{""side"": ""HOLD"", ""confidence"": null}",0.0,FILLED
451,ES,2023-01-01 17:00:00,"{""side"": ""HOLD"", ""confidence"": null}",0.0,FILLED
452,ES,2023-01-01 17:01:00,"{""side"": ""HOLD"", ""confidence"": null}",0.0,FILLED
453,ES,2023-01-01 17:02:00,"{""side"": ""HOLD"", ""confidence"": null}",0.0,FILLED
454,ES,2023-01-01 17:03:00,"{""side"": ""HOLD"", ""confidence"": null}",0.0,FILLED
455,ES,2023-01-01 17:04:00,"{""side"": ""HOLD"", ""confidence"": null}",0.0,FILLED
456,ES,2023-01-01 17:05:00,"{""side"": ""HOLD"", ""confidence"": null}",0.0,FILLED
457,ES,2023-01-01 17:06:00,"{""side"": ""HOLD"", ""confidence"": null}",0.0,FILLED
458,ES,2023-01-01 17:07:00,"{""side"": ""HOLD"", ""confidence"": null}",0.0,FILLED
459,ES,2023-01-01 17:08:00,"{""side"": ""HOLD"", ""confidence"": null}",0.0,FILLED
460,ES,2023-01-01 17:09:00,"{""side"": ""HOLD"", ""confidence"": null}",0.0,FILLED
461,ES,2023-01-01 17:10:00,"{""side"": ""HOLD"", ""confidence"": null}",0.0,FILLED
462,ES,2023-01-01 17:11:00,"{""side"": ""HOLD"", ""confidence"": null}",0.0,FILLED
463,ES,2023-01-01 17:12:00,"{""side"": ""HOLD"", ""confidence"": null}",0.0,FILLED
464,ES,2023-01-01 17:13:00,"{""side"": ""HOLD"", ""confidence"": null}",0.0,FILLED
465,ES,2023-01-01 17:14:00,"{""side"": ""HOLD"", ""confidence"": null}",0.0,FILLED
466,ES,2023-01-01 17:15:00,"{""side"": ""HOLD"", ""confidence"": null}",0.0,FILLED
467,ES,2023-01-01 17:16:00,"{""side"": ""HOLD"", ""confidence"": null}",0.0,FILLED
468,ES,2023-01-01 17:17:00,"{""side"": ""HOLD"", ""confidence"": null}",0.0,FILLED
469,ES,2023-01-01 17:18:00,"{""side"": ""HOLD"", ""confidence"": null}",0.0,FILLED
470,ES,2023-01-01 17:19:00,"{""side"": ""HOLD"", ""confidence"": null}",0.0,FILLED
471,ES,2023-01-01 17:20:00,"{""side"": ""HOLD"", ""confidence"": null}",0.0,FILLED
472,ES,2023-01-01 17:21:00,"{""side"": ""HOLD"", ""confidence"": null}",0.0,FILLED
473,ES,2023-01-01 17:22:00,"{""side"": ""HOLD"", ""confidence"": null}",0.0,FILLED
474,ES,2023-01-01 17:23:00,"{""side"": ""HOLD"", ""confidence"": null}",0.0,FILLED
475,ES,2023-01-01 17:24:00,"{""side"": ""HOLD"", ""confidence"": null}",0.0,FILLED
476,ES,2023-01-01 17:25:00,"{""side"": ""HOLD"", ""confidence"": null}",0.0,FILLED
477,ES,2023-01-01 17:26:00,"{""side"": ""HOLD"", ""confidence"": null}",0.0,FILLED
478,ES,2023-01-01 17:27:00,"{""side"": ""HOLD"", ""confidence"": null}",0.0,FILLED
479,ES,2023-01-01 17:28:00,"{""side"": ""HOLD"", ""confidence"": null}",0.0,FILLED
480,ES,2023-01-01 17:29:00,"{""side"": ""HOLD"", ""confidence"": null}",0.0,FILLED
481,ES,2023-01-01 17:30:00,"{""side"": ""HOLD"", ""confidence"": null}",0.0,FILLED
482,ES,2023-01-01 17:31:00,"{""side"": ""HOLD"", ""confidence"": null}",0.0,FILLED
483,ES,2023-01-01 17:32:00,"{""side"": ""HOLD"", ""confidence"": null}",0.0,FILLED
484,ES,2023-01-01 17:33:00,"{""side"": ""HOLD"", ""confidence"": null}",0.0,FILLED
485,ES,2023-01-01 17:34:00,"{""side"": ""HOLD"", ""confidence"": null}",0.0,FILLED
486,ES,2023-01-01 17:35:00,"{""side"": ""HOLD"", ""confidence"": null}",0.0,FILLED
487,ES,2023-01-01 17:36:00,"{""side"": ""HOLD"", ""confidence"": null}",0.0,FILLED
488,ES,2023-01-01 17:37:00,"{""side"": ""HOLD"", ""confidence"": null}",0.0,FILLED
489,ES,2023-01-01 17:38:00,"{""side"": ""HOLD"", ""confidence"": null}",0.0,FILLED
490,ES,2023-01-01 17:39:00,"{""side"": ""HOLD"", ""confidence"": null}",0.0,FILLED
491,ES,2023-01-01 17:40:00,"{""side"": ""HOLD"", ""confidence"": null}",0.0,FILLED
492,ES,2023-01-01 17:41:00,"{""side"": ""HOLD"", ""confidence"": null}",0.0,FILLED
493,ES,2023-01-01 17:42:00,"{""side"": ""HOLD"", ""confidence"": null}",0.0,FILLED
494,ES,2023-01-01 17:43:00,"{""side"": ""HOLD"", ""confidence"": null}",0.0,FILLED
495,ES,2023-01-01 17:44:00,"{""side"": ""HOLD"", ""confidence"": null}",0.0,FILLED
496,ES,2023-01-01 17:45:00,"{""side"": ""HOLD"", ""confidence"": null}",0.0,FILLED
497,ES,2023-01-01 17:46:00,"{""side"": ""HOLD"", ""confidence"": null}",0.0,FILLED
498,ES,2023-01-01 17:47:00,"{""side"": ""HOLD"", ""confidence"": null}",0.0,FILLED
499,ES,2023-01-01 17:48:00,"{""side"": ""HOLD"", ""confidence"": null}",0.0,FILLED
500,ES,2023-01-01 17:49:00,"{""side"": ""HOLD"", ""confidence"": null}",0.0,FILLED
501,ES,2023-01-01 17:50:00,"{""side"": ""HOLD"", ""confidence"": null}",0.0,FILLED
502,ES,2023-01-01 17:51:00,"{""side"": ""HOLD"", ""confidence"": null}",0.0,FILLED
503,ES,2023-01-01 17:52:00,"{""side"": ""HOLD"", ""confidence"": null}",0.0,FILLED
504,ES,2023-01-01 17:53:00,"{""side"": ""HOLD"", ""confidence"": null}",0.0,FILLED
505,ES,2023-01-01 17:54:00,"{""side"": ""HOLD"", ""confidence"": null}",0.0,FILLED
506,ES,2023-01-01 17:55:00,"{""side"": ""HOLD"", ""confidence"": null}",0.0,FILLED
507,ES,2023-01-01 17:56:00,"{""side"": ""HOLD"", ""confidence"": null}",0.0,FILLED
508,ES,2023-01-01 17:57:00,"{""side"": ""HOLD"", ""confidence"": null}",0.0,FILLED
509,ES,2023-01-01 17:58:00,"{""side"": ""HOLD"", ""confidence"": null}",0.0,FILLED
510,ES,2023-01-01 17:59:00,"{""side"": ""HOLD"", ""confidence"": null}",0.0,FILLED
511,ES,2023-01-01 18:00:00,"{""side"": ""HOLD"", ""confidence"": null}",0.0,FILLED
512,ES,2023-01-01 18:01:00,"{""side"": ""HOLD"", ""confidence"": null}",0.0,FILLED
513,ES,2023-01-01 18:02:00,"{""side"": ""HOLD"", ""confidence"": null}",0.0,FILLED
514,ES,2023-01-01 18:03:00,"{""side"": ""HOLD"", ""confidence"": null}",0.0,FILLED
515,ES,2023-01-01 18:04:00,"{""side"": ""HOLD"", ""confidence"": null}",0.0,FILLED
516,ES,2023-01-01 18:05:00,"{""side"": ""HOLD"", ""confidence"": null}",0.0,FILLED
517,ES,2023-01-01 18:06:00,"{""side"": ""HOLD"", ""confidence"": null}",0.0,FILLED
518,ES,2023-01-01 18:07:00,"{""side"": ""HOLD"", ""confidence"": null}",0.0,FILLED
519,ES,2023-01-01 18:08:00,"{""side"": ""HOLD"", ""confidence"": null}",0.0,FILLED
520,ES,2023-01-01 18:09:00,"{""side"": ""HOLD"", ""confidence"": null}",0.0,FILLED
521,ES,2023-01-01 18:10:00,"{""side"": ""HOLD"", ""confidence"": null}",0.0,FILLED
522,ES,2023-01-01 18:11:00,"{""side"": ""HOLD"", ""confidence"": null}",0.0,FILLED
523,ES,2023-01-01 18:12:00,"{""side"": ""HOLD"", ""confidence"": null}",0.0,FILLED
524,ES,2023-01-01 18:13:00,"{""side"": ""HOLD"", ""confidence"": null}",0.0,FILLED
525,ES,2023-01-01 18:14:00,"{""side"": ""HOLD"", ""confidence"": null}",0.0,FILLED
526,ES,2023-01-01 18:15:00,"{""side"": ""HOLD"", ""confidence"": null}",0.0,FILLED
527,ES,2023-01-01 18:16:00,"{""side"": ""HOLD"", ""confidence"": null}",0.0,FILLED
528,ES,2023-01-01 18:17:00,"{""side"": ""HOLD"", ""confidence"": null}",0.0,FILLED
529,ES,2023-01-01 18:18:00,"{""side"": ""HOLD"", ""confidence"": null}",0.0,FILLED
530,ES,2023-01-01 18:19:00,"{""side"": ""HOLD"", ""confidence"": null}",0.0,FILLED
531,ES,2023-01-01 18:20:00,"{""side"": ""HOLD"", ""confidence"": null}",0.0,FILLED
532,ES,2023-01-01 18:21:00,"{""side"": ""HOLD"", ""confidence"": null}",0.0,FILLED
533,ES,2023-01-01 18:22:00,"{""side"": ""HOLD"", ""confidence"": null}",0.0,FILLED
534,ES,2023-01-01 18:23:00,"{""side"": ""HOLD"", ""confidence"": null}",0.0,FILLED
535,ES,2023-01-01 18:24:00,"{""side"": ""HOLD"", ""confidence"": null}",0.0,FILLED
536,ES,2023-01-01 09:30:00,"{""side"": ""HOLD"", ""confidence"": null}",0.0,FILLED
537,ES,2023-01-01 09:31:00,"{""side"": ""HOLD"", ""confidence"": null}",0.0,FILLED
538,ES,2023-01-01 09:32:00,"{""side"": ""HOLD"", ""confidence"": null}",0.0,FILLED
539,ES,2023-01-01 09:33:00,"{""side"": ""HOLD"", ""confidence"": null}",0.0,FILLED
540,ES,2023-01-01 09:34:00,"{""side"": ""HOLD"", ""confidence"": null}",0.0,FILLED
541,ES,2023-01-01 09:35:00,"{""side"": ""HOLD"", ""confidence"": null}",0.0,FILLED
542,ES,2023-01-01 09:36:00,"{""side"": ""HOLD"", ""confidence"": null}",0.0,FILLED
543,ES,2023-01-01 09:37:00,"{""side"": ""HOLD"", ""confidence"": null}",0.0,FILLED
544,ES,2023-01-01 09:38:00,"{""side"": ""HOLD"", ""confidence"": null}",0.0,FILLED
545,ES,2023-01-01 09:39:00,"{""side"": ""HOLD"", ""confidence"": null}",0.0,FILLED
546,ES,2023-01-01 09:40:00,"{""side"": ""HOLD"", ""confidence"": null}",0.0,FILLED
547,ES,2023-01-01 09:41:00,"{""side"": ""HOLD"", ""confidence"": null}",0.0,FILLED
548,ES,2023-01-01 09:42:00,"{""side"": ""HOLD"", ""confidence"": null}",0.0,FILLED
549,ES,2023-01-01 09:43:00,"{""side"": ""HOLD"", ""confidence"": null}",0.0,FILLED
550,ES,2023-01-01 09:44:00,"{""side"": ""HOLD"", ""confidence"": null}",0.0,FILLED
551,ES,2023-01-01 09:45:00,"{""side"": ""HOLD"", ""confidence"": null}",0.0,FILLED
552,ES,2023-01-01 09:46:00,"{""side"": ""HOLD"", ""confidence"": null}",0.0,FILLED
553,ES,2023-01-01 09:47:00,"{""side"": ""HOLD"", ""confidence"": null}",0.0,FILLED
554,ES,2023-01-01 09:48:00,"{""side"": ""HOLD"", ""confidence"": null}",0.0,FILLED
555,ES,2023-01-01 09:49:00,"{""side"": ""HOLD"", ""confidence"": null}",0.0,FILLED
556,ES,2023-01-01 09:50:00,"{""side"": ""HOLD"", ""confidence"": null}",0.0,FILLED
557,ES,2023-01-01 09:51:00,"{""side"": ""HOLD"", ""confidence"": null}",0.0,FILLED
558,ES,2023-01-01 09:52:00,"{""side"": ""HOLD"", ""confidence"": null}",0.0,FILLED
559,ES,2023-01-01 09:53:00,"{""side"": ""HOLD"", ""confidence"": null}",0.0,FILLED
560,ES,2023-01-01 09:54:00,"{""side"": ""HOLD"", ""confidence"": null}",0.0,FILLED
561,ES,2023-01-01 09:55:00,"{""side"": ""HOLD"", ""confidence"": null}",0.0,FILLED
562,ES,2023-01-01 09:56:00,"{""side"": ""HOLD"", ""confidence"": null}",0.0,FILLED
563,ES,2023-01-01 09:57:00,"{""side"": ""HOLD"", ""confidence"": null}",0.0,FILLED
564,ES,2023-01-01 09:58:00,"{""side"": ""HOLD"", ""confidence"": null}",0.0,FILLED
565,ES,2023-01-01 09:59:00,"{""side"": ""HOLD"", ""confidence"": null}",0.0,FILLED
566,ES,2023-01-01 10:00:00,"{""side"": ""HOLD"", ""confidence"": null}",0.0,FILLED
567,ES,2023-01-01 10:01:00,"{""side"": ""HOLD"", ""confidence"": null}",0.0,FILLED
568,ES,2023-01-01 10:02:00,"{""side"": ""HOLD"", ""confidence"": null}",0.0,FILLED
569,ES,2023-01-01 10:03:00,"{""side"": ""HOLD"", ""confidence"": null}",0.0,FILLED
570,ES,2023-01-01 10:04:00,"{""side"": ""HOLD"", ""confidence"": null}",0.0,FILLED
571,ES,2023-01-01 10:05:00,"{""side"": ""HOLD"", ""confidence"": null}",0.0,FILLED
572,ES,2023-01-01 10:06:00,"{""side"": ""HOLD"", ""confidence"": null}",0.0,FILLED
573,ES,2023-01-01 10:07:00,"{""side"": ""HOLD"", ""confidence"": null}",0.0,FILLED
574,ES,2023-01-01 10:08:00,"{""side"": ""HOLD"", ""confidence"": null}",0.0,FILLED
575,ES,2023-01-01 10:09:00,"{""side"": ""HOLD"", ""confidence"": null}",0.0,FILLED
576,ES,2023-01-01 10:10:00,"{""side"": ""HOLD"", ""confidence"": null}",0.0,FILLED
577,ES,2023-01-01 10:11:00,"{""side"": ""HOLD"", ""confidence"": null}",0.0,FILLED
578,ES,2023-01-01 10:12:00,"{""side"": ""HOLD"", ""confidence"": null}",0.0,FILLED
579,ES,2023-01-01 10:13:00,"{""side"": ""HOLD"", ""confidence"": null}",0.0,FILLED
580,ES,2023-01-01 10:14:00,"{""side"": ""HOLD"", ""confidence"": null}",0.0,FILLED
581,ES,2023-01-01 10:15:00,"{""side"": ""HOLD"", ""confidence"": null}",0.0,FILLED
582,ES,2023-01-01 10:16:00,"{""side"": ""HOLD"", ""confidence"": null}",0.0,FILLED
583,ES,2023-01-01 10:17:00,"{""side"": ""HOLD"", ""confidence"": null}",0.0,FILLED
584,ES,2023-01-01 10:18:00,"{""side"": ""HOLD"", ""confidence"": null}",0.0,FILLED
585,ES,2023-01-01 10:19:00,"{""side"": ""HOLD"", ""confidence"": null}",0.0,FILLED
586,ES,2023-01-01 10:20:00,"{""side"": ""HOLD"", ""confidence"": null}",0.0,FILLED
587,ES,2023-01-01 10:21:00,"{""side"": ""HOLD"", ""confidence"": null}",0.0,FILLED
588,ES,2023-01-01 10:22:00,"{""side"": ""HOLD"", ""confidence"": null}",0.0,FILLED
589,ES,2023-01-01 10:23:00,"{""side"": ""HOLD"", ""confidence"": null}",0.0,FILLED
590,ES,2023-01-01 10:24:00,"{""side"": ""HOLD"", ""confidence"": null}",0.0,FILLED
591,ES,2023-01-01 10:25:00,"{""side"": ""HOLD"", ""confidence"": null}",0.0,FILLED
592,ES,2023-01-01 10:26:00,"{""side"": ""HOLD"", ""confidence"": null}",0.0,FILLED
593,ES,2023-01-01 10:27:00,"{""side"": ""HOLD"", ""confidence"": null}",0.0,FILLED
594,ES,2023-01-01 10:28:00,"{""side"": ""HOLD"", ""confidence"": null}",0.0,FILLED
595,ES,2023-01-01 10:29:00,"{""side"": ""HOLD"", ""confidence"": null}",0.0,FILLED
596,ES,2023-01-01 10:30:00,"{""side"": ""HOLD"", ""confidence"": null}",0.0,FILLED
597,ES,2023-01-01 10:31:00,"{""side"": ""HOLD"", ""confidence"": null}",0.0,FILLED
598,ES,2023-01-01 10:32:00,"{""side"": ""HOLD"", ""confidence"": null}",0.0,FILLED
599,ES,2023-01-01 10:33:00,"{""side"": ""HOLD"", ""confidence"": null}",0.0,FILLED
600,ES,2023-01-01 10:34:00,"{""side"": ""HOLD"", ""confidence"": null}",0.0,FILLED
601,ES,2023-01-01 10:35:00,"{""side"": ""HOLD"", ""confidence"": null}",0.0,FILLED
602,ES,2023-01-01 10:36:00,"{""side"": ""HOLD"", ""confidence"": null}",0.0,FILLED
603,ES,2023-01-01 10:37:00,"{""side"": ""HOLD"", ""confidence"": null}",0.0,FILLED
604,ES,2023-01-01 10:38:00,"{""side"": ""HOLD"", ""confidence"": null}",0.0,FILLED
605,ES,2023-01-01 10:39:00,"{""side"": ""HOLD"", ""confidence"": null}",0.0,FILLED
606,ES,2023-01-01 10:40:00,"{""side"": ""HOLD"", ""confidence"": null}",0.0,FILLED
607,ES,2023-01-01 10:41:00,"{""side"": ""HOLD"", ""confidence"": null}",0.0,FILLED
608,ES,2023-01-01 10:42:00,"{""side"": ""HOLD"", ""confidence"": null}",0.0,FILLED
609,ES,2023-01-01 10:43:00,"{""side"": ""HOLD"", ""confidence"": null}",0.0,FILLED
610,ES,2023-01-01 10:44:00,"{""side"": ""HOLD"", ""confidence"": null}",0.0,FILLED
611,ES,2023-01-01 10:45:00,"{""side"": ""HOLD"", ""confidence"": null}",0.0,FILLED
612,ES,2023-01-01 10:46:00,"{""side"": ""HOLD"", ""confidence"": null}",0.0,FILLED
613,ES,2023-01-01 10:47:00,"{""side"": ""HOLD"", ""confidence"": null}",0.0,FILLED
614,ES,2023-01-01 10:48:00,"{""side"": ""HOLD"", ""confidence"": null}",0.0,FILLED
615,ES,2023-01-01 10:49:00,"{""side"": ""HOLD"", ""confidence"": null}",0.0,FILLED
616,ES,2023-01-01 10:50:00,"{""side"": ""HOLD"", ""confidence"": null}",0.0,FILLED
617,ES,2023-01-01 10:51:00,"{""side"": ""HOLD"", ""confidence"": null}",0.0,FILLED
618,ES,2023-01-01 10:52:00,"{""side"": ""HOLD"", ""confidence"": null}",0.0,FILLED
619,ES,2023-01-01 10:53:00,"{""side"": ""HOLD"", ""confidence"": null}",0.0,FILLED
620,ES,2023-01-01 10:54:00,"{""side"": ""HOLD"", ""confidence"": null}",0.0,FILLED
621,ES,2023-01-01 10:55:00,"{""side"": ""HOLD"", ""confidence"": null}",0.0,FILLED
622,ES,2023-01-01 10:56:00,"{""side"": ""HOLD"", ""confidence"": null}",0.0,FILLED
623,ES,2023-01-01 10:57:00,"{""side"": ""HOLD"", ""confidence"": null}",0.0,FILLED
624,ES,2023-01-01 10:58:00,"{""side"": ""HOLD"", ""confidence"": null}",0.0,FILLED
625,ES,2023-01-01 10:59:00,"{""side"": ""HOLD"", ""confidence"": null}",0.0,FILLED
626,ES,2023-01-01 11:00:00,"{""side"": ""HOLD"", ""confidence"": null}",0.0,FILLED
627,ES,2023-01-01 11:01:00,"{""side"": ""HOLD"", ""confidence"": null}",0.0,FILLED
628,ES,2023-01-01 11:02:00,"{""side"": ""HOLD"", ""confidence"": null}",0.0,FILLED
629,ES,2023-01-01 11:03:00,"{""side"": ""HOLD"", ""confidence"": null}",0.0,FILLED
630,ES,2023-01-01 11:04:00,"{""side"": ""HOLD"", ""confidence"": null}",0.0,FILLED
631,ES,2023-01-01 11:05:00,"{""side"": ""HOLD"", ""confidence"": null}",0.0,FILLED
632,ES,2023-01-01 11:06:00,"{""side"": ""HOLD"", ""confidence"": null}",0.0,FILLED
633,ES,2023-01-01 11:07:00,"{""side"": ""HOLD"", ""confidence"": null}",0.0,FILLED
634,ES,2023-01-01 11:08:00,"{""side"": ""HOLD"", ""confidence"": null}",0.0,FILLED
635,ES,2023-01-01 11:09:00,"{""side"": ""HOLD"", ""confidence"": null}",0.0,FILLED
636,ES,2023-01-01 11:10:00,"{""side"": ""HOLD"", ""confidence"": null}",0.0,FILLED
637,ES,2023-01-01 11:11:00,"{""side"": ""HOLD"", ""confidence"": null}",0.0,FILLED
638,ES,2023-01-01 11:12:00,"{""side"": ""HOLD"", ""confidence"": null}",0.0,FILLED
639,ES,2023-01-01 11:13:00,"{""side"": ""HOLD"", ""confidence"": null}",0.0,FILLED
640,ES,2023-01-01 11:14:00,"{""side"": ""HOLD"", ""confidence"": null}",0.0,FILLED
641,ES,2023-01-01 11:15:00,"{""side"": ""HOLD"", ""confidence"": null}",0.0,FILLED
642,ES,2023-01-01 11:16:00,"{""side"": ""HOLD"", ""confidence"": null}",0.0,FILLED
643,ES,2023-01-01 11:17:00,"{""side"": ""HOLD"", ""confidence"": null}",0.0,FILLED
644,ES,2023-01-01 11:18:00,"{""side"": ""HOLD"", ""confidence"": null}",0.0,FILLED
645,ES,2023-01-01 11:19:00,"{""side"": ""HOLD"", ""confidence"": null}",0.0,FILLED
646,ES,2023-01-01 11:20:00,"{""side"": ""HOLD"", ""confidence"": null}",0.0,FILLED
647,ES,2023-01-01 11:21:00,"{""side"": ""HOLD"", ""confidence"": null}",0.0,FILLED
648,ES,2023-01-01 11:22:00,"{""side"": ""HOLD"", ""confidence"": null}",0.0,FILLED
649,ES,2023-01-01 11:23:00,"{""side"": ""HOLD"", ""confidence"": null}",0.0,FILLED
650,ES,2023-01-01 11:24:00,"{""side"": ""HOLD"", ""confidence"": null}",0.0,FILLED
651,ES,2023-01-01 11:25:00,"{""side"": ""HOLD"", ""confidence"": null}",0.0,FILLED
652,ES,2023-01-01 11:26:00,"{""side"": ""HOLD"", ""confidence"": null}",0.0,FILLED
653,ES,2023-01-01 11:27:00,"{""side"": ""HOLD"", ""confidence"": null}",0.0,FILLED
654,ES,2023-01-01 11:28:00,"{""side"": ""HOLD"", ""confidence"": null}",0.0,FILLED
655,ES,2023-01-01 11:29:00,"{""side"": ""HOLD"", ""confidence"": null}",0.0,FILLED
656,ES,2023-01-01 11:30:00,"{""side"": ""HOLD"", ""confidence"": null}",0.0,FILLED
657,ES,2023-01-01 11:31:00,"{""side"": ""HOLD"", ""confidence"": null}",0.0,FILLED
658,ES,2023-01-01 11:32:00,"{""side"": ""HOLD"", ""confidence"": null}",0.0,FILLED
659,ES,2023-01-01 11:33:00,"{""side"": ""HOLD"", ""confidence"": null}",0.0,FILLED
660,ES,2023-01-01 11:34:00,"{""side"": ""HOLD"", ""confidence"": null}",0.0,FILLED
661,ES,2023-01-01 11:35:00,"{""side"": ""HOLD"", ""confidence"": null}",0.0,FILLED
662,ES,2023-01-01 11:36:00,"{""side"": ""HOLD"", ""confidence"": null}",0.0,FILLED
663,ES,2023-01-01 11:37:00,"{""side"": ""HOLD"", ""confidence"": null}",0.0,FILLED
664,ES,2023-01-01 11:38:00,"{""side"": ""HOLD"", ""confidence"": null}",0.0,FILLED
665,ES,2023-01-01 11:39:00,"{""side"": ""HOLD"", ""confidence"": null}",0.0,FILLED
666,ES,2023-01-01 11:40:00,"{""side"": ""HOLD"", ""confidence"": null}",0.0,FILLED
667,ES,2023-01-01 11:41:00,"{""side"": ""HOLD"", ""confidence"": null}",0.0,FILLED
668,ES,2023-01-01 11:42:00,"{""side"": ""HOLD"", ""confidence"": null}",0.0,FILLED
669,ES,2023-01-01 11:43:00,"{""side"": ""HOLD"", ""confidence"": null}",0.0,FILLED
670,ES,2023-01-01 11:44:00,"{""side"": ""HOLD"", ""confidence"": null}",0.0,FILLED
671,ES,2023-01-01 11:45:00,"{""side"": ""HOLD"", ""confidence"": null}",0.0,FILLED
672,ES,2023-01-01 11:46:00,"{""side"": ""HOLD"", ""confidence"": null}",0.0,FILLED
673,ES,2023-01-01 11:47:00,"{""side"": ""HOLD"", ""confidence"": null}",0.0,FILLED
674,ES,2023-01-01 11:48:00,"{""side"": ""HOLD"", ""confidence"": null}",0.0,FILLED
675,ES,2023-01-01 11:49:00,"{""side"": ""HOLD"", ""confidence"": null}",0.0,FILLED
676,ES,2023-01-01 11:50:00,"{""side"": ""HOLD"", ""confidence"": null}",0.0,FILLED
677,ES,2023-01-01 11:51:00,"{""side"": ""HOLD"", ""confidence"": null}",0.0,FILLED
678,ES,2023-01-01 11:52:00,"{""side"": ""HOLD"", ""confidence"": null}",0.0,FILLED
679,ES,2023-01-01 11:53:00,"{""side"": ""HOLD"", ""confidence"": null}",0.0,FILLED
680,ES,2023-01-01 11:54:00,"{""side"": ""HOLD"", ""confidence"": null}",0.0,FILLED
681,ES,2023-01-01 11:55:00,"{""side"": ""HOLD"", ""confidence"": null}",0.0,FILLED
682,ES,2023-01-01 11:56:00,"{""side"": ""HOLD"", ""confidence"": null}",0.0,FILLED
683,ES,2023-01-01 11:57:00,"{""side"": ""HOLD"", ""confidence"": null}",0.0,FILLED
684,ES,2023-01-01 11:58:00,"{""side"": ""HOLD"", ""confidence"": null}",0.0,FILLED
685,ES,2023-01-01 11:59:00,"{""side"": ""HOLD"", ""confidence"": null}",0.0,FILLED
686,ES,2023-01-01 12:00:00,"{""side"": ""HOLD"", ""confidence"": null}",0.0,FILLED
687,ES,2023-01-01 12:01:00,"{""side"": ""HOLD"", ""confidence"": null}",0.0,FILLED
688,ES,2023-01-01 12:02:00,"{""side"": ""HOLD"", ""confidence"": null}",0.0,FILLED
689,ES,2023-01-01 12:03:00,"{""side"": ""HOLD"", ""confidence"": null}",0.0,FILLED
690,ES,2023-01-01 12:04:00,"{""side"": ""HOLD"", ""confidence"": null}",0.0,FILLED
691,ES,2023-01-01 12:05:00,"{""side"": ""HOLD"", ""confidence"": null}",0.0,FILLED
692,ES,2023-01-01 12:06:00,"{""side"": ""HOLD"", ""confidence"": null}",0.0,FILLED
693,ES,2023-01-01 12:07:00,"{""side"": ""HOLD"", ""confidence"": null}",0.0,FILLED
694,ES,2023-01-01 12:08:00,"{""side"": ""HOLD"", ""confidence"": null}",0.0,FILLED
695,ES,2023-01-01 12:09:00,"{""side"": ""HOLD"", ""confidence"": null}",0.0,FILLED
696,ES,2023-01-01 12:10:00,"{""side"": ""HOLD"", ""confidence"": null}",0.0,FILLED
697,ES,2023-01-01 12:11:00,"{""side"": ""HOLD"", ""confidence"": null}",0.0,FILLED
698,ES,2023-01-01 12:12:00,"{""side"": ""HOLD"", ""confidence"": null}",0.0,FILLED
699,ES,2023-01-01 12:13:00,"{""side"": ""HOLD"", ""confidence"": null}",0.0,FILLED
700,ES,2023-01-01 12:14:00,"{""side"": ""HOLD"", ""confidence"": null}",0.0,FILLED
701,ES,2023-01-01 12:15:00,"{""side"": ""HOLD"", ""confidence"": null}",0.0,FILLED
702,ES,2023-01-01 12:16:00,"{""side"": ""HOLD"", ""confidence"": null}",0.0,FILLED
703,ES,2023-01-01 12:17:00,"{""side"": ""HOLD"", ""confidence"": null}",0.0,FILLED
704,ES,2023-01-01 12:18:00,"{""side"": ""HOLD"", ""confidence"": null}",0.0,FILLED
705,ES,2023-01-01 12:19:00,"{""side"": ""HOLD"", ""confidence"": null}",0.0,FILLED
706,ES,2023-01-01 12:20:00,"{""side"": ""HOLD"", ""confidence"": null}",0.0,FILLED
707,ES,2023-01-01 12:21:00,"{""side"": ""HOLD"", ""confidence"": null}",0.0,FILLED
708,ES,2023-01-01 12:22:00,"{""side"": ""HOLD"", ""confidence"": null}",0.0,FILLED
709,ES,2023-01-01 12:23:00,"{""side"": ""HOLD"", ""confidence"": null}",0.0,FILLED
710,ES,2023-01-01 12:24:00,"{""side"": ""HOLD"", ""confidence"": null}",0.0,FILLED
711,ES,2023-01-01 12:25:00,"{""side"": ""HOLD"", ""confidence"": null}",0.0,FILLED
712,ES,2023-01-01 12:26:00,"{""side"": ""HOLD"", ""confidence"": null}",0.0,FILLED
713,ES,2023-01-01 12:27:00,"{""side"": ""HOLD"", ""confidence"": null}",0.0,FILLED
714,ES,2023-01-01 12:28:00,"{""side"": ""HOLD"", ""confidence"": null}",0.0,FILLED
715,ES,2023-01-01 12:29:00,"{""side"": ""HOLD"", ""confidence"": null}",0.0,FILLED
716,ES,2023-01-01 12:30:00,"{""side"": ""HOLD"", ""confidence"": null}",0.0,FILLED
717,ES,2023-01-01 12:31:00,"{""side"": ""HOLD"", ""confidence"": null}",0.0,FILLED
718,ES,2023-01-01 12:32:00,"{""side"": ""HOLD"", ""confidence"": null}",0.0,FILLED
719,ES,2023-01-01 12:33:00,"{""side"": ""HOLD"", ""confidence"": null}",0.0,FILLED
720,ES,2023-01-01 12:34:00,"{""side"": ""HOLD"", ""confidence"": null}",0.0,FILLED
721,ES,2023-01-01 12:35:00,"{""side"": ""HOLD"", ""confidence"": null}",0.0,FILLED
722,ES,2023-01-01 12:36:00,"{""side"": ""HOLD"", ""confidence"": null}",0.0,FILLED
723,ES,2023-01-01 12:37:00,"{""side"": ""HOLD"", ""confidence"": null}",0.0,FILLED
724,ES,2023-01-01 12:38:00,"{""side"": ""HOLD"", ""confidence"": null}",0.0,FILLED
725,ES,2023-01-01 12:39:00,"{""side"": ""HOLD"", ""confidence"": null}",0.0,FILLED
726,ES,2023-01-01 12:40:00,"{""side"": ""HOLD"", ""confidence"": null}",0.0,FILLED
727,ES,2023-01-01 12:41:00,"{""side"": ""HOLD"", ""confidence"": null}",0.0,FILLED
728,ES,2023-01-01 12:42:00,"{""side"": ""HOLD"", ""confidence"": null}",0.0,FILLED
729,ES,2023-01-01 12:43:00,"{""side"": ""HOLD"", ""confidence"": null}",0.0,FILLED
730,ES,2023-01-01 12:44:00,"{""side"": ""HOLD"", ""confidence"": null}",0.0,FILLED
731,ES,2023-01-01 12:45:00,"{""side"": ""HOLD"", ""confidence"": null}",0.0,FILLED
732,ES,2023-01-01 12:46:00,"{""side"": ""HOLD"", ""confidence"": null}",0.0,FILLED
733,ES,2023-01-01 12:47:00,"{""side"": ""HOLD"", ""confidence"": null}",0.0,FILLED
734,ES,2023-01-01 12:48:00,"{""side"": ""HOLD"", ""confidence"": null}",0.0,FILLED
735,ES,2023-01-01 12:49:00,"{""side"": ""HOLD"", ""confidence"": null}",0.0,FILLED
736,ES,2023-01-01 12:50:00,"{""side"": ""HOLD"", ""confidence"": null}",0.0,FILLED
737,ES,2023-01-01 12:51:00,"{""side"": ""HOLD"", ""confidence"": null}",0.0,FILLED
738,ES,2023-01-01 12:52:00,"{""side"": ""HOLD"", ""confidence"": null}",0.0,FILLED
739,ES,2023-01-01 12:53:00,"{""side"": ""HOLD"", ""confidence"": null}",0.0,FILLED
740,ES,2023-01-01 12:54:00,"{""side"": ""HOLD"", ""confidence"": null}",0.0,FILLED
741,ES,2023-01-01 12:55:00,"{""side"": ""HOLD"", ""confidence"": null}",0.0,FILLED
742,ES,2023-01-01 12:56:00,"{""side"": ""HOLD"", ""confidence"": null}",0.0,FILLED
743,ES,2023-01-01 12:57:00,"{""side"": ""HOLD"", ""confidence"": null}",0.0,FILLED
744,ES,2023-01-01 12:58:00,"{""side"": ""HOLD"", ""confidence"": null}",0.0,FILLED
745,ES,2023-01-01 12:59:00,"{""side"": ""HOLD"", ""confidence"": null}",0.0,FILLED
746,ES,2023-01-01 13:00:00,"{""side"": ""HOLD"", ""confidence"": null}",0.0,FILLED
747,ES,2023-01-01 13:01:00,"{""side"": ""HOLD"", ""confidence"": null}",0.0,FILLED
748,ES,2023-01-01 13:02:00,"{""side"": ""HOLD"", ""confidence"": null}",0.0,FILLED
749,ES,2023-01-01 13:03:00,"{""side"": ""HOLD"", ""confidence"": null}",0.0,FILLED
750,ES,2023-01-01 13:04:00,"{""side"": ""HOLD"", ""confidence"": null}",0.0,FILLED
751,ES,2023-01-01 13:05:00,"{""side"": ""HOLD"", ""confidence"": null}",0.0,FILLED
752,ES,2023-01-01 13:06:00,"{""side"": ""HOLD"", ""confidence"": null}",0.0,FILLED
753,ES,2023-01-01 13:07:00,"{""side"": ""HOLD"", ""confidence"": null}",0.0,FILLED
754,ES,2023-01-01 13:08:00,"{""side"": ""HOLD"", ""confidence"": null}",0.0,FILLED
755,ES,2023-01-01 13:09:00,"{""side"": ""HOLD"", ""confidence"": null}",0.0,FILLED
756,ES,2023-01-01 13:10:00,"{""side"": ""HOLD"", ""confidence"": null}",0.0,FILLED
757,ES,2023-01-01 13:11:00,"{""side"": ""HOLD"", ""confidence"": null}",0.0,FILLED
758,ES,2023-01-01 13:12:00,"{""side"": ""HOLD"", ""confidence"": null}",0.0,FILLED
759,ES,2023-01-01 13:13:00,"{""side"": ""HOLD"", ""confidence"": null}",0.0,FILLED
760,ES,2023-01-01 13:14:00,"{""side"": ""HOLD"", ""confidence"": null}",0.0,FILLED
761,ES,2023-01-01 13:15:00,"{""side"": ""HOLD"", ""confidence"": null}",0.0,FILLED
762,ES,2023-01-01 13:16:00,"{""side"": ""HOLD"", ""confidence"": null}",0.0,FILLED
763,ES,2023-01-01 13:17:00,"{""side"": ""HOLD"", ""confidence"": null}",0.0,FILLED
764,ES,2023-01-01 13:18:00,"{""side"": ""HOLD"", ""confidence"": null}",0.0,FILLED
765,ES,2023-01-01 13:19:00,"{""side"": ""HOLD"", ""confidence"": null}",0.0,FILLED
766,ES,2023-01-01 13:20:00,"{""side"": ""HOLD"", ""confidence"": null}",0.0,FILLED
767,ES,2023-01-01 13:21:00,"{""side"": ""HOLD"", ""confidence"": null}",0.0,FILLED
768,ES,2023-01-01 13:22:00,"{""side"": ""HOLD"", ""confidence"": null}",0.0,FILLED
769,ES,2023-01-01 13:23:00,"{""side"": ""HOLD"", ""confidence"": null}",0.0,FILLED
770,ES,2023-01-01 13:24:00,"{""side"": ""HOLD"", ""confidence"": null}",0.0,FILLED
771,ES,2023-01-01 13:25:00,"{""side"": ""HOLD"", ""confidence"": null}",0.0,FILLED
772,ES,2023-01-01 13:26:00,"{""side"": ""HOLD"", ""confidence"": null}",0.0,FILLED
773,ES,2023-01-01 13:27:00,"{""side"": ""HOLD"", ""confidence"": null}",0.0,FILLED
774,ES,2023-01-01 13:28:00,"{""side"": ""HOLD"", ""confidence"": null}",0.0,FILLED
775,ES,2023-01-01 13:29:00,"{""side"": ""HOLD"", ""confidence"": null}",0.0,FILLED
776,ES,2023-01-01 13:30:00,"{""side"": ""HOLD"", ""confidence"": null}",0.0,FILLED
777,ES,2023-01-01 13:31:00,"{""side"": ""HOLD"", ""confidence"": null}",0.0,FILLED
778,ES,2023-01-01 13:32:00,"{""side"": ""HOLD"", ""confidence"": null}",0.0,FILLED
779,ES,2023-01-01 13:33:00,"{""side"": ""HOLD"", ""confidence"": null}",0.0,FILLED
780,ES,2023-01-01 13:34:00,"{""side"": ""HOLD"", ""confidence"": null}",0.0,FILLED
781,ES,2023-01-01 13:35:00,"{""side"": ""HOLD"", ""confidence"": null}",0.0,FILLED
782,ES,2023-01-01 13:36:00,"{""side"": ""HOLD"", ""confidence"": null}",0.0,FILLED
783,ES,2023-01-01 13:37:00,"{""side"": ""HOLD"", ""confidence"": null}",0.0,FILLED
784,ES,2023-01-01 13:38:00,"{""side"": ""HOLD"", ""confidence"": null}",0.0,FILLED
785,ES,2023-01-01 13:39:00,"{""side"": ""HOLD"", ""confidence"": null}",0.0,FILLED
786,ES,2023-01-01 13:40:00,"{""side"": ""HOLD"", ""confidence"": null}",0.0,FILLED
787,ES,2023-01-01 13:41:00,"{""side"": ""HOLD"", ""confidence"": null}",0.0,FILLED
788,ES,2023-01-01 13:42:00,"{""side"": ""HOLD"", ""confidence"": null}",0.0,FILLED
789,ES,2023-01-01 13:43:00,"{""side"": ""HOLD"", ""confidence"": null}",0.0,FILLED
790,ES,2023-01-01 13:44:00,"{""side"": ""HOLD"", ""confidence"": null}",0.0,FILLED
791,ES,2023-01-01 13:45:00,"{""side"": ""HOLD"", ""confidence"": null}",0.0,FILLED
792,ES,2023-01-01 13:46:00,"{""side"": ""HOLD"", ""confidence"": null}",0.0,FILLED
793,ES,2023-01-01 13:47:00,"{""side"": ""HOLD"", ""confidence"": null}",0.0,FILLED
794,ES,2023-01-01 13:48:00,"{""side"": ""HOLD"", ""confidence"": null}",0.0,FILLED
795,ES,2023-01-01 13:49:00,"{""side"": ""HOLD"", ""confidence"": null}",0.0,FILLED
796,ES,2023-01-01 13:50:00,"{""side"": ""HOLD"", ""confidence"": null}",0.0,FILLED
797,ES,2023-01-01 13:51:00,"{""side"": ""HOLD"", ""confidence"": null}",0.0,FILLED
798,ES,2023-01-01 13:52:00,"{""side"": ""HOLD"", ""confidence"": null}",0.0,FILLED
799,ES,2023-01-01 13:53:00,"{""side"": ""HOLD"", ""confidence"": null}",0.0,FILLED
800,ES,2023-01-01 13:54:00,"{""side"": ""HOLD"", ""confidence"": null}",0.0,FILLED
801,ES,2023-01-01 13:55:00,"{""side"": ""HOLD"", ""confidence"": null}",0.0,FILLED
802,ES,2023-01-01 13:56:00,"{""side"": ""HOLD"", ""confidence"": null}",0.0,FILLED
803,ES,2023-01-01 13:57:00,"{""side"": ""HOLD"", ""confidence"": null}",0.0,FILLED
804,ES,2023-01-01 13:58:00,"{""side"": ""HOLD"", ""confidence"": null}",0.0,FILLED
805,ES,2023-01-01 13:59:00,"{""side"": ""HOLD"", ""confidence"": null}",0.0,FILLED
806,ES,2023-01-01 14:00:00,"{""side"": ""HOLD"", ""confidence"": null}",0.0,FILLED
807,ES,2023-01-01 14:01:00,"{""side"": ""HOLD"", ""confidence"": null}",0.0,FILLED
808,ES,2023-01-01 14:02:00,"{""side"": ""HOLD"", ""confidence"": null}",0.0,FILLED
809,ES,2023-01-01 14:03:00,"{""side"": ""HOLD"", ""confidence"": null}",0.0,FILLED
810,ES,2023-01-01 14:04:00,"{""side"": ""HOLD"", ""confidence"": null}",0.0,FILLED
811,ES,2023-01-01 14:05:00,"{""side"": ""HOLD"", ""confidence"": null}",0.0,FILLED
812,ES,2023-01-01 14:06:00,"{""side"": ""HOLD"", ""confidence"": null}",0.0,FILLED
813,ES,2023-01-01 14:07:00,"{""side"": ""HOLD"", ""confidence"": null}",0.0,FILLED
814,ES,2023-01-01 14:08:00,"{""side"": ""HOLD"", ""confidence"": null}",0.0,FILLED
815,ES,2023-01-01 14:09:00,"{""side"": ""HOLD"", ""confidence"": null}",0.0,FILLED
816,ES,2023-01-01 14:10:00,"{""side"": ""HOLD"", ""confidence"": null}",0.0,FILLED
817,ES,2023-01-01 14:11:00,"{""side"": ""HOLD"", ""confidence"": null}",0.0,FILLED
818,ES,2023-01-01 14:12:00,"{""side"": ""HOLD"", ""confidence"": null}",0.0,FILLED
819,ES,2023-01-01 14:13:00,"{""side"": ""HOLD"", ""confidence"": null}",0.0,FILLED
820,ES,2023-01-01 14:14:00,"{""side"": ""HOLD"", ""confidence"": null}",0.0,FILLED
821,ES,2023-01-01 14:15:00,"{""side"": ""HOLD"", ""confidence"": null}",0.0,FILLED
822,ES,2023-01-01 14:16:00,"{""side"": ""HOLD"", ""confidence"": null}",0.0,FILLED
823,ES,2023-01-01 14:17:00,"{""side"": ""HOLD"", ""confidence"": null}",0.0,FILLED
824,ES,2023-01-01 14:18:00,"{""side"": ""HOLD"", ""confidence"": null}",0.0,FILLED
825,ES,2023-01-01 14:19:00,"{""side"": ""HOLD"", ""confidence"": null}",0.0,FILLED
826,ES,2023-01-01 14:20:00,"{""side"": ""HOLD"", ""confidence"": null}",0.0,FILLED
827,ES,2023-01-01 14:21:00,"{""side"": ""HOLD"", ""confidence"": null}",0.0,FILLED
828,ES,2023-01-01 14:22:00,"{""side"": ""HOLD"", ""confidence"": null}",0.0,FILLED
829,ES,2023-01-01 14:23:00,"{""side"": ""HOLD"", ""confidence"": null}",0.0,FILLED
830,ES,2023-01-01 14:24:00,"{""side"": ""HOLD"", ""confidence"": null}",0.0,FILLED
831,ES,2023-01-01 14:25:00,"{""side"": ""HOLD"", ""confidence"": null}",0.0,FILLED
832,ES,2023-01-01 14:26:00,"{""side"": ""HOLD"", ""confidence"": null}",0.0,FILLED
833,ES,2023-01-01 14:27:00,"{""side"": ""HOLD"", ""confidence"": null}",0.0,FILLED
834,ES,2023-01-01 14:28:00,"{""side"": ""HOLD"", ""confidence"": null}",0.0,FILLED
835,ES,2023-01-01 14:29:00,"{""side"": ""HOLD"", ""confidence"": null}",0.0,FILLED
836,ES,2023-01-01 14:30:00,"{""side"": ""HOLD"", ""confidence"": null}",0.0,FILLED
837,ES,2023-01-01 14:31:00,"{""side"": ""HOLD"", ""confidence"": null}",0.0,FILLED
838,ES,2023-01-01 14:32:00,"{""side"": ""HOLD"", ""confidence"": null}",0.0,FILLED
839,ES,2023-01-01 14:33:00,"{""side"": ""HOLD"", ""confidence"": null}",0.0,FILLED
840,ES,2023-01-01 14:34:00,"{""side"": ""HOLD"", ""confidence"": null}",0.0,FILLED
841,ES,2023-01-01 14:35:00,"{""side"": ""HOLD"", ""confidence"": null}",0.0,FILLED
842,ES,2023-01-01 14:36:00,"{""side"": ""HOLD"", ""confidence"": null}",0.0,FILLED
843,ES,2023-01-01 14:37:00,"{""side"": ""HOLD"", ""confidence"": null}",0.0,FILLED
844,ES,2023-01-01 14:38:00,"{""side"": ""HOLD"", ""confidence"": null}",0.0,FILLED
845,ES,2023-01-01 14:39:00,"{""side"": ""HOLD"", ""confidence"": null}",0.0,FILLED
846,ES,2023-01-01 14:40:00,"{""side"": ""HOLD"", ""confidence"": null}",0.0,FILLED
847,ES,2023-01-01 14:41:00,"{""side"": ""HOLD"", ""confidence"": null}",0.0,FILLED
848,ES,2023-01-01 14:42:00,"{""side"": ""HOLD"", ""confidence"": null}",0.0,FILLED
849,ES,2023-01-01 14:43:00,"{""side"": ""HOLD"", ""confidence"": null}",0.0,FILLED
850,ES,2023-01-01 14:44:00,"{""side"": ""HOLD"", ""confidence"": null}",0.0,FILLED
851,ES,2023-01-01 14:45:00,"{""side"": ""HOLD"", ""confidence"": null}",0.0,FILLED
852,ES,2023-01-01 14:46:00,"{""side"": ""HOLD"", ""confidence"": null}",0.0,FILLED
853,ES,2023-01-01 14:47:00,"{""side"": ""HOLD"", ""confidence"": null}",0.0,FILLED
854,ES,2023-01-01 14:48:00,"{""side"": ""HOLD"", ""confidence"": null}",0.0,FILLED
855,ES,2023-01-01 14:49:00,"{""side"": ""HOLD"", ""confidence"": null}",0.0,FILLED
856,ES,2023-01-01 14:50:00,"{""side"": ""HOLD"", ""confidence"": null}",0.0,FILLED
857,ES,2023-01-01 14:51:00,"{""side"": ""HOLD"", ""confidence"": null}",0.0,FILLED
858,ES,2023-01-01 14:52:00,"{""side"": ""HOLD"", ""confidence"": null}",0.0,FILLED
859,ES,2023-01-01 14:53:00,"{""side"": ""HOLD"", ""confidence"": null}",0.0,FILLED
860,ES,2023-01-01 14:54:00,"{""side"": ""HOLD"", ""confidence"": null}",0.0,FILLED
861,ES,2023-01-01 14:55:00,"{""side"": ""HOLD"", ""confidence"": null}",0.0,FILLED
862,ES,2023-01-01 14:56:00,"{""side"": ""HOLD"", ""confidence"": null}",0.0,FILLED
863,ES,2023-01-01 14:57:00,"{""side"": ""HOLD"", ""confidence"": null}",0.0,FILLED
864,ES,2023-01-01 14:58:00,"{""side"": ""HOLD"", ""confidence"": null}",0.0,FILLED
865,ES,2023-01-01 14:59:00,"{""side"": ""HOLD"", ""confidence"": null}",0.0,FILLED
866,ES,2023-01-01 15:00:00,"{""side"": ""HOLD"", ""confidence"": null}",0.0,FILLED
867,ES,2023-01-01 15:01:00,"{""side"": ""HOLD"", ""confidence"": null}",0.0,FILLED
868,ES,2023-01-01 15:02:00,"{""side"": ""HOLD"", ""confidence"": null}",0.0,FILLED
869,ES,2023-01-01 15:03:00,"{""side"": ""HOLD"", ""confidence"": null}",0.0,FILLED
870,ES,2023-01-01 15:04:00,"{""side"": ""HOLD"", ""confidence"": null}",0.0,FILLED
871,ES,2023-01-01 15:05:00,"{""side"": ""HOLD"", ""confidence"": null}",0.0,FILLED
872,ES,2023-01-01 15:06:00,"{""side"": ""HOLD"", ""confidence"": null}",0.0,FILLED
873,ES,2023-01-01 15:07:00,"{""side"": ""HOLD"", ""confidence"": null}",0.0,FILLED
874,ES,2023-01-01 15:08:00,"{""side"": ""HOLD"", ""confidence"": null}",0.0,FILLED
875,ES,2023-01-01 15:09:00,"{""side"": ""HOLD"", ""confidence"": null}",0.0,FILLED
876,ES,2023-01-01 15:10:00,"{""side"": ""HOLD"", ""confidence"": null}",0.0,FILLED
877,ES,2023-01-01 15:11:00,"{""side"": ""HOLD"", ""confidence"": null}",0.0,FILLED
878,ES,2023-01-01 15:12:00,"{""side"": ""HOLD"", ""confidence"": null}",0.0,FILLED
879,ES,2023-01-01 15:13:00,"{""side"": ""HOLD"", ""confidence"": null}",0.0,FILLED
880,ES,2023-01-01 15:14:00,"{""side"": ""HOLD"", ""confidence"": null}",0.0,FILLED
881,ES,2023-01-01 15:15:00,"{""side"": ""HOLD"", ""confidence"": null}",0.0,FILLED
882,ES,2023-01-01 15:16:00,"{""side"": ""HOLD"", ""confidence"": null}",0.0,FILLED
883,ES,2023-01-01 15:17:00,"{""side"": ""HOLD"", ""confidence"": null}",0.0,FILLED
884,ES,2023-01-01 15:18:00,"{""side"": ""HOLD"", ""confidence"": null}",0.0,FILLED
885,ES,2023-01-01 15:19:00,"{""side"": ""HOLD"", ""confidence"": null}",0.0,FILLED
886,ES,2023-01-01 15:20:00,"{""side"": ""HOLD"", ""confidence"": null}",0.0,FILLED
887,ES,2023-01-01 15:21:00,"{""side"": ""HOLD"", ""confidence"": null}",0.0,FILLED
888,ES,2023-01-01 15:22:00,"{""side"": ""HOLD"", ""confidence"": null}",0.0,FILLED
889,ES,2023-01-01 15:23:00,"{""side"": ""HOLD"", ""confidence"": null}",0.0,FILLED
890,ES,2023-01-01 15:24:00,"{""side"": ""HOLD"", ""confidence"": null}",0.0,FILLED
891,ES,2023-01-01 15:25:00,"{""side"": ""HOLD"", ""confidence"": null}",0.0,FILLED
892,ES,2023-01-01 15:26:00,"{""side"": ""HOLD"", ""confidence"": null}",0.0,FILLED
893,ES,2023-01-01 15:27:00,"{""side"": ""HOLD"", ""confidence"": null}",0.0,FILLED
894,ES,2023-01-01 15:28:00,"{""side"": ""HOLD"", ""confidence"": null}",0.0,FILLED
895,ES,2023-01-01 15:29:00,"{""side"": ""HOLD"", ""confidence"": null}",0.0,FILLED
896,ES,2023-01-01 15:30:00,"{""side"": ""HOLD"", ""confidence"": null}",0.0,FILLED
897,ES,2023-01-01 15:31:00,"{""side"": ""HOLD"", ""confidence"": null}",0.0,FILLED
898,ES,2023-01-01 15:32:00,"{""side"": ""HOLD"", ""confidence"": null}",0.0,FILLED
899,ES,2023-01-01 15:33:00,"{""side"": ""HOLD"", ""confidence"": null}",0.0,FILLED
900,ES,2023-01-01 15:34:00,"{""side"": ""HOLD"", ""confidence"": null}",0.0,FILLED
901,ES,2023-01-01 15:35:00,"{""side"": ""HOLD"", ""confidence"": null}",0.0,FILLED
902,ES,2023-01-01 15:36:00,"{""side"": ""HOLD"", ""confidence"": null}",0.0,FILLED
903,ES,2023-01-01 15:37:00,"{""side"": ""HOLD"", ""confidence"": null}",0.0,FILLED
904,ES,2023-01-01 15:38:00,"{""side"": ""HOLD"", ""confidence"": null}",0.0,FILLED
905,ES,2023-01-01 15:39:00,"{""side"": ""HOLD"", ""confidence"": null}",0.0,FILLED
906,ES,2023-01-01 15:40:00,"{""side"": ""HOLD"", ""confidence"": null}",0.0,FILLED
907,ES,2023-01-01 15:41:00,"{""side"": ""HOLD"", ""confidence"": null}",0.0,FILLED
908,ES,2023-01-01 15:42:00,"{""side"": ""HOLD"", ""confidence"": null}",0.0,FILLED
909,ES,2023-01-01 15:43:00,"{""side"": ""HOLD"", ""confidence"": null}",0.0,FILLED
910,ES,2023-01-01 15:44:00,"{""side"": ""HOLD"", ""confidence"": null}",0.0,FILLED
911,ES,2023-01-01 15:45:00,"{""side"": ""HOLD"", ""confidence"": null}",0.0,FILLED
912,ES,2023-01-01 15:46:00,"{""side"": ""HOLD"", ""confidence"": null}",0.0,FILLED
913,ES,2023-01-01 15:47:00,"{""side"": ""HOLD"", ""confidence"": null}",0.0,FILLED
914,ES,2023-01-01 15:48:00,"{""side"": ""HOLD"", ""confidence"": null}",0.0,FILLED
915,ES,2023-01-01 15:49:00,"{""side"": ""HOLD"", ""confidence"": null}",0.0,FILLED
916,ES,2023-01-01 15:50:00,"{""side"": ""HOLD"", ""confidence"": null}",0.0,FILLED
917,ES,2023-01-01 15:51:00,"{""side"": ""HOLD"", ""confidence"": null}",0.0,FILLED
918,ES,2023-01-01 15:52:00,"{""side"": ""HOLD"", ""confidence"": null}",0.0,FILLED
919,ES,2023-01-01 15:53:00,"{""side"": ""HOLD"", ""confidence"": null}",0.0,FILLED
920,ES,2023-01-01 15:54:00,"{""side"": ""HOLD"", ""confidence"": null}",0.0,FILLED
921,ES,2023-01-01 15:55:00,"{""side"": ""HOLD"", ""confidence"": null}",0.0,FILLED
922,ES,2023-01-01 15:56:00,"{""side"": ""HOLD"", ""confidence"": null}",0.0,FILLED
923,ES,2023-01-01 15:57:00,"{""side"": ""HOLD"", ""confidence"": null}",0.0,FILLED
924,ES,2023-01-01 15:58:00,"{""side"": ""HOLD"", ""confidence"": null}",0.0,FILLED
925,ES,2023-01-01 15:59:00,"{""side"": ""HOLD"", ""confidence"": null}",0.0,FILLED
926,ES,2023-01-01 16:00:00,"{""side"": ""HOLD"", ""confidence"": null}",0.0,FILLED
927,ES,2023-01-01 16:01:00,"{""side"": ""HOLD"", ""confidence"": null}",0.0,FILLED
928,ES,2023-01-01 16:02:00,"{""side"": ""HOLD"", ""confidence"": null}",0.0,FILLED
929,ES,2023-01-01 16:03:00,"{""side"": ""HOLD"", ""confidence"": null}",0.0,FILLED
930,ES,2023-01-01 16:04:00,"{""side"": ""HOLD"", ""confidence"": null}",0.0,FILLED
931,ES,2023-01-01 16:05:00,"{""side"": ""HOLD"", ""confidence"": null}",0.0,FILLED
932,ES,2023-01-01 16:06:00,"{""side"": ""HOLD"", ""confidence"": null}",0.0,FILLED
933,ES,2023-01-01 16:07:00,"{""side"": ""HOLD"", ""confidence"": null}",0.0,FILLED
934,ES,2023-01-01 16:08:00,"{""side"": ""HOLD"", ""confidence"": null}",0.0,FILLED
935,ES,2023-01-01 16:09:00,"{""side"": ""HOLD"", ""confidence"": null}",0.0,FILLED
936,ES,2023-01-01 16:10:00,"{""side"": ""HOLD"", ""confidence"": null}",0.0,FILLED
937,ES,2023-01-01 16:11:00,"{""side"": ""HOLD"", ""confidence"": null}",0.0,FILLED
938,ES,2023-01-01 16:12:00,"{""side"": ""HOLD"", ""confidence"": null}",0.0,FILLED
939,ES,2023-01-01 16:13:00,"{""side"": ""HOLD"", ""confidence"": null}",0.0,FILLED
940,ES,2023-01-01 16:14:00,"{""side"": ""HOLD"", ""confidence"": null}",0.0,FILLED
941,ES,2023-01-01 16:15:00,"{""side"": ""HOLD"", ""confidence"": null}",0.0,FILLED
942,ES,2023-01-01 16:16:00,"{""side"": ""HOLD"", ""confidence"": null}",0.0,FILLED
943,ES,2023-01-01 16:17:00,"{""side"": ""HOLD"", ""confidence"": null}",0.0,FILLED
944,ES,2023-01-01 16:18:00,"{""side"": ""HOLD"", ""confidence"": null}",0.0,FILLED
945,ES,2023-01-01 16:19:00,"{""side"": ""HOLD"", ""confidence"": null}",0.0,FILLED
946,ES,2023-01-01 16:20:00,"{""side"": ""HOLD"", ""confidence"": null}",0.0,FILLED
947,ES,2023-01-01 16:21:00,"{""side"": ""HOLD"", ""confidence"": null}",0.0,FILLED
948,ES,2023-01-01 16:22:00,"{""side"": ""HOLD"", ""confidence"": null}",0.0,FILLED
949,ES,2023-01-01 16:23:00,"{""side"": ""HOLD"", ""confidence"": null}",0.0,FILLED
950,ES,2023-01-01 16:24:00,"{""side"": ""HOLD"", ""confidence"": null}",0.0,FILLED
951,ES,2023-01-01 16:25:00,"{""side"": ""HOLD"", ""confidence"": null}",0.0,FILLED
952,ES,2023-01-01 16:26:00,"{""side"": ""HOLD"", ""confidence"": null}",0.0,FILLED
953,ES,2023-01-01 16:27:00,"{""side"": ""HOLD"", ""confidence"": null}",0.0,FILLED
954,ES,2023-01-01 16:28:00,"{""side"": ""HOLD"", ""confidence"": null}",0.0,FILLED
955,ES,2023-01-01 16:29:00,"{""side"": ""HOLD"", ""confidence"": null}",0.0,FILLED
956,ES,2023-01-01 16:30:00,"{""side"": ""HOLD"", ""confidence"": null}",0.0,FILLED
957,ES,2023-01-01 16:31:00,"{""side"": ""HOLD"", ""confidence"": null}",0.0,FILLED
958,ES,2023-01-01 16:32:00,"{""side"": ""HOLD"", ""confidence"": null}",0.0,FILLED
959,ES,2023-01-01 16:33:00,"{""side"": ""HOLD"", ""confidence"": null}",0.0,FILLED
960,ES,2023-01-01 16:34:00,"{""side"": ""HOLD"", ""confidence"": null}",0.0,FILLED
961,ES,2023-01-01 16:35:00,"{""side"": ""HOLD"", ""confidence"": null}",0.0,FILLED
962,ES,2023-01-01 16:36:00,"{""side"": ""HOLD"", ""confidence"": null}",0.0,FILLED
963,ES,2023-01-01 16:37:00,"{""side"": ""HOLD"", ""confidence"": null}",0.0,FILLED
964,ES,2023-01-01 16:38:00,"{""side"": ""HOLD"", ""confidence"": null}",0.0,FILLED
965,ES,2023-01-01 16:39:00,"{""side"": ""HOLD"", ""confidence"": null}",0.0,FILLED
966,ES,2023-01-01 16:40:00,"{""side"": ""HOLD"", ""confidence"": null}",0.0,FILLED
967,ES,2023-01-01 16:41:00,"{""side"": ""HOLD"", ""confidence"": null}",0.0,FILLED
968,ES,2023-01-01 16:42:00,"{""side"": ""HOLD"", ""confidence"": null}",0.0,FILLED
969,ES,2023-01-01 16:43:00,"{""side"": ""HOLD"", ""confidence"": null}",0.0,FILLED
970,ES,2023-01-01 16:44:00,"{""side"": ""HOLD"", ""confidence"": null}",0.0,FILLED
971,ES,2023-01-01 16:45:00,"{""side"": ""HOLD"", ""confidence"": null}",0.0,FILLED
972,ES,2023-01-01 16:46:00,"{""side"": ""HOLD"", ""confidence"": null}",0.0,FILLED
973,ES,2023-01-01 16:47:00,"{""side"": ""HOLD"", ""confidence"": null}",0.0,FILLED
974,ES,2023-01-01 16:48:00,"{""side"": ""HOLD"", ""confidence"": null}",0.0,FILLED
975,ES,2023-01-01 16:49:00,"{""side"": ""HOLD"", ""confidence"": null}",0.0,FILLED
976,ES,2023-01-01 16:50:00,"{""side"": ""HOLD"", ""confidence"": null}",0.0,FILLED
977,ES,2023-01-01 16:51:00,"{""side"": ""HOLD"", ""confidence"": null}",0.0,FILLED
978,ES,2023-01-01 16:52:00,"{""side"": ""HOLD"", ""confidence"": null}",0.0,FILLED
979,ES,2023-01-01 16:53:00,"{""side"": ""HOLD"", ""confidence"": null}",0.0,FILLED
980,ES,2023-01-01 16:54:00,"{""side"": ""HOLD"", ""confidence"": null}",0.0,FILLED
981,ES,2023-01-01 16:55:00,"{""side"": ""HOLD"", ""confidence"": null}",0.0,FILLED
982,ES,2023-01-01 16:56:00,"{""side"": ""HOLD"", ""confidence"": null}",0.0,FILLED
983,ES,2023-01-01 16:57:00,"{""side"": ""HOLD"", ""confidence"": null}",0.0,FILLED
984,ES,2023-01-01 16:58:00,"{""side"": ""HOLD"", ""confidence"": null}",0.0,FILLED
985,ES,2023-01-01 16:59:00,"{""side"": ""HOLD"", ""confidence"": null}",0.0,FILLED
986,ES,2023-01-01 17:00:00,"{""side"": ""HOLD"", ""confidence"": null}",0.0,FILLED
987,ES,2023-01-01 17:01:00,"{""side"": ""HOLD"", ""confidence"": null}",0.0,FILLED
988,ES,2023-01-01 17:02:00,"{""side"": ""HOLD"", ""confidence"": null}",0.0,FILLED
989,ES,2023-01-01 17:03:00,"{""side"": ""HOLD"", ""confidence"": null}",0.0,FILLED
990,ES,2023-01-01 17:04:00,"{""side"": ""HOLD"", ""confidence"": null}",0.0,FILLED
991,ES,2023-01-01 17:05:00,"{""side"": ""HOLD"", ""confidence"": null}",0.0,FILLED
992,ES,2023-01-01 17:06:00,"{""side"": ""HOLD"", ""confidence"": null}",0.0,FILLED
993,ES,2023-01-01 17:07:00,"{""side"": ""HOLD"", ""confidence"": null}",0.0,FILLED
994,ES,2023-01-01 17:08:00,"{""side"": ""HOLD"", ""confidence"": null}",0.0,FILLED
995,ES,2023-01-01 17:09:00,"{""side"": ""HOLD"", ""confidence"": null}",0.0,FILLED
996,ES,2023-01-01 17:10:00,"{""side"": ""HOLD"", ""confidence"": null}",0.0,FILLED
997,ES,2023-01-01 17:11:00,"{""side"": ""HOLD"", ""confidence"": null}",0.0,FILLED
998,ES,2023-01-01 17:12:00,"{""side"": ""HOLD"", ""confidence"": null}",0.0,FILLED
999,ES,2023-01-01 17:13:00,"{""side"": ""HOLD"", ""confidence"": null}",0.0,FILLED
1000,ES,2023-01-01 17:14:00,"{""side"": ""HOLD"", ""confidence"": null}",0.0,FILLED
1001,ES,2023-01-01 17:15:00,"{""side"": ""HOLD"", ""confidence"": null}",0.0,FILLED
1002,ES,2023-01-01 17:16:00,"{""side"": ""HOLD"", ""confidence"": null}",0.0,FILLED
1003,ES,2023-01-01 17:17:00,"{""side"": ""HOLD"", ""confidence"": null}",0.0,FILLED
1004,ES,2023-01-01 17:18:00,"{""side"": ""HOLD"", ""confidence"": null}",0.0,FILLED
1005,ES,2023-01-01 17:19:00,"{""side"": ""HOLD"", ""confidence"": null}",0.0,FILLED
1006,ES,2023-01-01 17:20:00,"{""side"": ""HOLD"", ""confidence"": null}",0.0,FILLED
1007,ES,2023-01-01 17:21:00,"{""side"": ""HOLD"", ""confidence"": null}",0.0,FILLED
1008,ES,2023-01-01 17:22:00,"{""side"": ""HOLD"", ""confidence"": null}",0.0,FILLED
1009,ES,2023-01-01 17:23:00,"{""side"": ""HOLD"", ""confidence"": null}",0.0,FILLED
1010,ES,2023-01-01 17:24:00,"{""side"": ""HOLD"", ""confidence"": null}",0.0,FILLED
1011,ES,2023-01-01 17:25:00,"{""side"": ""HOLD"", ""confidence"": null}",0.0,FILLED
1012,ES,2023-01-01 17:26:00,"{""side"": ""HOLD"", ""confidence"": null}",0.0,FILLED
1013,ES,2023-01-01 17:27:00,"{""side"": ""HOLD"", ""confidence"": null}",0.0,FILLED
1014,ES,2023-01-01 17:28:00,"{""side"": ""HOLD"", ""confidence"": null}",0.0,FILLED
1015,ES,2023-01-01 17:29:00,"{""side"": ""HOLD"", ""confidence"": null}",0.0,FILLED
1016,ES,2023-01-01 17:30:00,"{""side"": ""HOLD"", ""confidence"": null}",0.0,FILLED
1017,ES,2023-01-01 17:31:00,"{""side"": ""HOLD"", ""confidence"": null}",0.0,FILLED
1018,ES,2023-01-01 17:32:00,"{""side"": ""HOLD"", ""confidence"": null}",0.0,FILLED
1019,ES,2023-01-01 17:33:00,"{""side"": ""HOLD"", ""confidence"": null}",0.0,FILLED
1020,ES,2023-01-01 17:34:00,"{""side"": ""HOLD"", ""confidence"": null}",0.0,FILLED
1021,ES,2023-01-01 17:35:00,"{""side"": ""HOLD"", ""confidence"": null}",0.0,FILLED
1022,ES,2023-01-01 17:36:00,"{""side"": ""HOLD"", ""confidence"": null}",0.0,FILLED
1023,ES,2023-01-01 17:37:00,"{""side"": ""HOLD"", ""confidence"": null}",0.0,FILLED
1024,ES,2023-01-01 17:38:00,"{""side"": ""HOLD"", ""confidence"": null}",0.0,FILLED
1025,ES,2023-01-01 17:39:00,"{""side"": ""HOLD"", ""confidence"": null}",0.0,FILLED
1026,ES,2023-01-01 17:40:00,"{""side"": ""HOLD"", ""confidence"": null}",0.0,FILLED
1027,ES,2023-01-01 17:41:00,"{""side"": ""HOLD"", ""confidence"": null}",0.0,FILLED
1028,ES,2023-01-01 17:42:00,"{""side"": ""HOLD"", ""confidence"": null}",0.0,FILLED
1029,ES,2023-01-01 17:43:00,"{""side"": ""HOLD"", ""confidence"": null}",0.0,FILLED
1030,ES,2023-01-01 17:44:00,"{""side"": ""HOLD"", ""confidence"": null}",0.0,FILLED
1031,ES,2023-01-01 17:45:00,"{""side"": ""HOLD"", ""confidence"": null}",0.0,FILLED
1032,ES,2023-01-01 17:46:00,"{""side"": ""HOLD"", ""confidence"": null}",0.0,FILLED
1033,ES,2023-01-01 17:47:00,"{""side"": ""HOLD"", ""confidence"": null}",0.0,FILLED
1034,ES,2023-01-01 17:48:00,"{""side"": ""HOLD"", ""confidence"": null}",0.0,FILLED
1035,ES,2023-01-01 17:49:00,"{""side"": ""HOLD"", ""confidence"": null}",0.0,FILLED
1036,ES,2023-01-01 17:50:00,"{""side"": ""HOLD"", ""confidence"": null}",0.0,FILLED
1037,ES,2023-01-01 17:51:00,"{""side"": ""HOLD"", ""confidence"": null}",0.0,FILLED
1038,ES,2023-01-01 17:52:00,"{""side"": ""HOLD"", ""confidence"": null}",0.0,FILLED
1039,ES,2023-01-01 17:53:00,"{""side"": ""HOLD"", ""confidence"": null}",0.0,FILLED
1040,ES,2023-01-01 17:54:00,"{""side"": ""HOLD"", ""confidence"": null}",0.0,FILLED
1041,ES,2023-01-01 17:55:00,"{""side"": ""HOLD"", ""confidence"": null}",0.0,FILLED
1042,ES,2023-01-01 17:56:00,"{""side"": ""HOLD"", ""confidence"": null}",0.0,FILLED
1043,ES,2023-01-01 17:57:00,"{""side"": ""HOLD"", ""confidence"": null}",0.0,FILLED
1044,ES,2023-01-01 17:58:00,"{""side"": ""HOLD"", ""confidence"": null}",0.0,FILLED
1045,ES,2023-01-01 17:59:00,"{""side"": ""HOLD"", ""confidence"": null}",0.0,FILLED
1046,ES,2023-01-01 18:00:00,"{""side"": ""HOLD"", ""confidence"": null}",0.0,FILLED
1047,ES,2023-01-01 18:01:00,"{""side"": ""HOLD"", ""confidence"": null}",0.0,FILLED
1048,ES,2023-01-01 18:02:00,"{""side"": ""HOLD"", ""confidence"": null}",0.0,FILLED
1049,ES,2023-01-01 18:03:00,"{""side"": ""HOLD"", ""confidence"": null}",0.0,FILLED
1050,ES,2023-01-01 18:04:00,"{""side"": ""HOLD"", ""confidence"": null}",0.0,FILLED
1051,ES,2023-01-01 18:05:00,"{""side"": ""HOLD"", ""confidence"": null}",0.0,FILLED
1052,ES,2023-01-01 18:06:00,"{""side"": ""HOLD"", ""confidence"": null}",0.0,FILLED
1053,ES,2023-01-01 18:07:00,"{""side"": ""HOLD"", ""confidence"": null}",0.0,FILLED
1054,ES,2023-01-01 18:08:00,"{""side"": ""HOLD"", ""confidence"": null}",0.0,FILLED
1055,ES,2023-01-01 18:09:00,"{""side"": ""HOLD"", ""confidence"": null}",0.0,FILLED
1056,ES,2023-01-01 18:10:00,"{""side"": ""HOLD"", ""confidence"": null}",0.0,FILLED
1057,ES,2023-01-01 18:11:00,"{""side"": ""HOLD"", ""confidence"": null}",0.0,FILLED
1058,ES,2023-01-01 18:12:00,"{""side"": ""HOLD"", ""confidence"": null}",0.0,FILLED
1059,ES,2023-01-01 18:13:00,"{""side"": ""HOLD"", ""confidence"": null}",0.0,FILLED
1060,ES,2023-01-01 18:14:00,"{""side"": ""HOLD"", ""confidence"": null}",0.0,FILLED
1061,ES,2023-01-01 18:15:00,"{""side"": ""HOLD"", ""confidence"": null}",0.0,FILLED
1062,ES,2023-01-01 18:16:00,"{""side"": ""HOLD"", ""confidence"": null}",0.0,FILLED
1063,ES,2023-01-01 18:17:00,"{""side"": ""HOLD"", ""confidence"": null}",0.0,FILLED
1064,ES,2023-01-01 18:18:00,"{""side"": ""HOLD"", ""confidence"": null}",0.0,FILLED
1065,ES,2023-01-01 18:19:00,"{""side"": ""HOLD"", ""confidence"": null}",0.0,FILLED
1066,ES,2023-01-01 18:20:00,"{""side"": ""HOLD"", ""confidence"": null}",0.0,FILLED
1067,ES,2023-01-01 18:21:00,"{""side"": ""HOLD"", ""confidence"": null}",0.0,FILLED
1068,ES,2023-01-01 18:22:00,"{""side"": ""HOLD"", ""confidence"": null}",0.0,FILLED
1069,ES,2023-01-01 18:23:00,"{""side"": ""HOLD"", ""confidence"": null}",0.0,FILLED
1070,ES,2023-01-01 18:24:00,"{""side"": ""HOLD"", ""confidence"": null}",0.0,FILLED
1071,ES,2023-01-01 18:25:00,"{""side"": ""HOLD"", ""confidence"": null}",0.0,FILLED
1072,ES,2023-01-01 18:26:00,"{""side"": ""HOLD"", ""confidence"": null}",0.0,FILLED
1073,ES,2023-01-01 18:27:00,"{""side"": ""HOLD"", ""confidence"": null}",0.0,FILLED
1074,ES,2023-01-01 18:28:00,"{""side"": ""HOLD"", ""confidence"": null}",0.0,FILLED
1075,ES,2023-01-01 18:29:00,"{""side"": ""HOLD"", ""confidence"": null}",0.0,FILLED
1076,ES,2023-01-01 18:30:00,"{""side"": ""HOLD"", ""confidence"": null}",0.0,FILLED
1077,ES,2023-01-01 18:31:00,"{""side"": ""HOLD"", ""confidence"": null}",0.0,FILLED
1078,ES,2023-01-01 18:32:00,"{""side"": ""HOLD"", ""confidence"": null}",0.0,FILLED
1079,ES,2023-01-01 18:33:00,"{""side"": ""HOLD"", ""confidence"": null}",0.0,FILLED
1080,ES,2023-01-01 18:34:00,"{""side"": ""HOLD"", ""confidence"": null}",0.0,FILLED
1081,ES,2023-01-01 18:35:00,"{""side"": ""HOLD"", ""confidence"": null}",0.0,FILLED
1082,ES,2023-01-01 18:36:00,"{""side"": ""HOLD"", ""confidence"": null}",0.0,FILLED
1083,ES,2023-01-01 18:37:00,"{""side"": ""HOLD"", ""confidence"": null}",0.0,FILLED
1084,ES,2023-01-01 18:38:00,"{""side"": ""HOLD"", ""confidence"": null}",0.0,FILLED
1085,ES,2023-01-01 18:39:00,"{""side"": ""HOLD"", ""confidence"": null}",0.0,FILLED
1086,ES,2023-01-01 18:40:00,"{""side"": ""HOLD"", ""confidence"": null}",0.0,FILLED
1087,ES,2023-01-01 18:41:00,"{""side"": ""HOLD"", ""confidence"": null}",0.0,FILLED
1088,ES,2023-01-01 18:42:00,"{""side"": ""HOLD"", ""confidence"": null}",0.0,FILLED
1089,ES,2023-01-01 18:43:00,"{""side"": ""HOLD"", ""confidence"": null}",0.0,FILLED
1090,ES,2023-01-01 18:44:00,"{""side"": ""HOLD"", ""confidence"": null}",0.0,FILLED
1091,ES,2023-01-01 18:45:00,"{""side"": ""HOLD"", ""confidence"": null}",0.0,FILLED
1092,ES,2023-01-01 18:46:00,"{""side"": ""HOLD"", ""confidence"": null}",0.0,FILLED
1093,ES,2023-01-01 18:47:00,"{""side"": ""HOLD"", ""confidence"": null}",0.0,FILLED
1094,ES,2023-01-01 18:48:00,"{""side"": ""HOLD"", ""confidence"": null}",0.0,FILLED
1095,ES,2023-01-01 18:49:00,"{""side"": ""HOLD"", ""confidence"": null}",0.0,FILLED
1096,ES,2023-01-01 18:50:00,"{""side"": ""HOLD"", ""confidence"": null}",0.0,FILLED
1097,ES,2023-01-01 18:51:00,"{""side"": ""HOLD"", ""confidence"": null}",0.0,FILLED
1098,ES,2023-01-01 18:52:00,"{""side"": ""HOLD"", ""confidence"": null}",0.0,FILLED
1099,ES,2023-01-01 18:53:00,"{""side"": ""HOLD"", ""confidence"": null}",0.0,FILLED
1100,ES,2023-01-01 18:54:00,"{""side"": ""HOLD"", ""confidence"": null}",0.0,FILLED
1101,ES,2023-01-01 18:55:00,"{""side"": ""HOLD"", ""confidence"": null}",0.0,FILLED
1102,ES,2023-01-01 18:56:00,"{""side"": ""HOLD"", ""confidence"": null}",0.0,FILLED
1103,ES,2023-01-01 18:57:00,"{""side"": ""HOLD"", ""confidence"": null}",0.0,FILLED
1104,ES,2023-01-01 18:58:00,"{""side"": ""HOLD"", ""confidence"": null}",0.0,FILLED
1105,ES,2023-01-01 18:59:00,"{""side"": ""HOLD"", ""confidence"": null}",0.0,FILLED
1106,ES,2023-01-01 19:00:00,"{""side"": ""HOLD"", ""confidence"": null}",0.0,FILLED
1107,ES,2023-01-01 19:01:00,"{""side"": ""HOLD"", ""confidence"": null}",0.0,FILLED
1108,ES,2023-01-01 19:02:00,"{""side"": ""HOLD"", ""confidence"": null}",0.0,FILLED
1109,ES,2023-01-01 19:03:00,"{""side"": ""HOLD"", ""confidence"": null}",0.0,FILLED
1110,ES,2023-01-01 19:04:00,"{""side"": ""HOLD"", ""confidence"": null}",0.0,FILLED
1111,ES,2023-01-01 19:05:00,"{""side"": ""HOLD"", ""confidence"": null}",0.0,FILLED
1112,ES,2023-01-01 19:06:00,"{""side"": ""HOLD"", ""confidence"": null}",0.0,FILLED
1113,ES,2023-01-01 19:07:00,"{""side"": ""HOLD"", ""confidence"": null}",0.0,FILLED
1114,ES,2023-01-01 19:08:00,"{""side"": ""HOLD"", ""confidence"": null}",0.0,FILLED
1115,ES,2023-01-01 19:09:00,"{""side"": ""HOLD"", ""confidence"": null}",0.0,FILLED
1116,ES,2023-01-01 19:10:00,"{""side"": ""HOLD"", ""confidence"": null}",0.0,FILLED
1117,ES,2023-01-01 19:11:00,"{""side"": ""HOLD"", ""confidence"": null}",0.0,FILLED
1118,ES,2023-01-01 19:12:00,"{""side"": ""HOLD"", ""confidence"": null}",0.0,FILLED
1119,ES,2023-01-01 19:13:00,"{""side"": ""HOLD"", ""confidence"": null}",0.0,FILLED
1120,ES,2023-01-01 19:14:00,"{""side"": ""HOLD"", ""confidence"": null}",0.0,FILLED
1121,ES,2023-01-01 19:15:00,"{""side"": ""HOLD"", ""confidence"": null}",0.0,FILLED
1122,ES,2023-01-01 19:16:00,"{""side"": ""HOLD"", ""confidence"": null}",0.0,FILLED
1123,ES,2023-01-01 19:17:00,"{""side"": ""HOLD"", ""confidence"": null}",0.0,FILLED
1124,ES,2023-01-01 19:18:00,"{""side"": ""HOLD"", ""confidence"": null}",0.0,FILLED
1125,ES,2023-01-01 19:19:00,"{""side"": ""HOLD"", ""confidence"": null}",0.0,FILLED
1126,ES,2023-01-01 19:20:00,"{""side"": ""HOLD"", ""confidence"": null}",0.0,FILLED
1127,ES,2023-01-01 19:21:00,"{""side"": ""HOLD"", ""confidence"": null}",0.0,FILLED
1128,ES,2023-01-01 19:22:00,"{""side"": ""HOLD"", ""confidence"": null}",0.0,FILLED
1129,ES,2023-01-01 19:23:00,"{""side"": ""HOLD"", ""confidence"": null}",0.0,FILLED
1130,ES,2023-01-01 19:24:00,"{""side"": ""HOLD"", ""confidence"": null}",0.0,FILLED
1131,ES,2023-01-01 19:25:00,"{""side"": ""HOLD"", ""confidence"": null}",0.0,FILLED
1132,ES,2023-01-01 19:26:00,"{""side"": ""HOLD"", ""confidence"": null}",0.0,FILLED
1133,ES,2023-01-01 19:27:00,"{""side"": ""HOLD"", ""confidence"": null}",0.0,FILLED
1134,ES,2023-01-01 19:28:00,"{""side"": ""HOLD"", ""confidence"": null}",0.0,FILLED
1135,ES,2023-01-01 19:29:00,"{""side"": ""HOLD"", ""confidence"": null}",0.0,FILLED
1136,ES,2023-01-01 19:30:00,"{""side"": ""HOLD"", ""confidence"": null}",0.0,FILLED
1137,ES,2023-01-01 19:31:00,"{""side"": ""HOLD"", ""confidence"": null}",0.0,FILLED
1138,ES,2023-01-01 19:32:00,"{""side"": ""HOLD"", ""confidence"": null}",0.0,FILLED
1139,ES,2023-01-01 19:33:00,"{""side"": ""HOLD"", ""confidence"": null}",0.0,FILLED
1140,ES,2023-01-01 19:34:00,"{""side"": ""HOLD"", ""confidence"": null}",0.0,FILLED
1141,ES,2023-01-01 19:35:00,"{""side"": ""HOLD"", ""confidence"": null}",0.0,FILLED
1142,ES,2023-01-01 19:36:00,"{""side"": ""HOLD"", ""confidence"": null}",0.0,FILLED
1143,ES,2023-01-01 19:37:00,"{""side"": ""HOLD"", ""confidence"": null}",0.0,FILLED
1144,ES,2023-01-01 19:38:00,"{""side"": ""HOLD"", ""confidence"": null}",0.0,FILLED
1145,ES,2023-01-01 19:39:00,"{""side"": ""HOLD"", ""confidence"": null}",0.0,FILLED
1146,ES,2023-01-01 19:40:00,"{""side"": ""HOLD"", ""confidence"": null}",0.0,FILLED
1147,ES,2023-01-01 19:41:00,"{""side"": ""HOLD"", ""confidence"": null}",0.0,FILLED
1148,ES,2023-01-01 19:42:00,"{""side"": ""HOLD"", ""confidence"": null}",0.0,FILLED
1149,ES,2023-01-01 19:43:00,"{""side"": ""HOLD"", ""confidence"": null}",0.0,FILLED
1150,ES,2023-01-01 19:44:00,"{""side"": ""HOLD"", ""confidence"": null}",0.0,FILLED
1151,ES,2023-01-01 19:45:00,"{""side"": ""HOLD"", ""confidence"": null}",0.0,FILLED
1152,ES,2023-01-01 19:46:00,"{""side"": ""HOLD"", ""confidence"": null}",0.0,FILLED
1153,ES,2023-01-01 19:47:00,"{""side"": ""HOLD"", ""confidence"": null}",0.0,FILLED
1154,ES,2023-01-01 19:48:00,"{""side"": ""HOLD"", ""confidence"": null}",0.0,FILLED
1155,ES,2023-01-01 19:49:00,"{""side"": ""HOLD"", ""confidence"": null}",0.0,FILLED
1156,ES,2023-01-01 19:50:00,"{""side"": ""HOLD"", ""confidence"": null}",0.0,FILLED
1157,ES,2023-01-01 19:51:00,"{""side"": ""HOLD"", ""confidence"": null}",0.0,FILLED
1158,ES,2023-01-01 19:52:00,"{""side"": ""HOLD"", ""confidence"": null}",0.0,FILLED
1159,ES,2023-01-01 19:53:00,"{""side"": ""HOLD"", ""confidence"": null}",0.0,FILLED
1160,ES,2023-01-01 19:54:00,"{""side"": ""HOLD"", ""confidence"": null}",0.0,FILLED
1161,ES,2023-01-01 19:55:00,"{""side"": ""HOLD"", ""confidence"": null}",0.0,FILLED
1162,ES,2023-01-01 19:56:00,"{""side"": ""HOLD"", ""confidence"": null}",0.0,FILLED
1163,ES,2023-01-01 19:57:00,"{""side"": ""HOLD"", ""confidence"": null}",0.0,FILLED
1164,ES,2023-01-01 19:58:00,"{""side"": ""HOLD"", ""confidence"": null}",0.0,FILLED
1165,ES,2023-01-01 19:59:00,"{""side"": ""HOLD"", ""confidence"": null}",0.0,FILLED
1166,ES,2023-01-01 20:00:00,"{""side"": ""HOLD"", ""confidence"": null}",0.0,FILLED
1167,ES,2023-01-01 20:01:00,"{""side"": ""HOLD"", ""confidence"": null}",0.0,FILLED
1168,ES,2023-01-01 20:02:00,"{""side"": ""HOLD"", ""confidence"": null}",0.0,FILLED
1169,ES,2023-01-01 20:03:00,"{""side"": ""HOLD"", ""confidence"": null}",0.0,FILLED
1170,ES,2023-01-01 20:04:00,"{""side"": ""HOLD"", ""confidence"": null}",0.0,FILLED
1171,ES,2023-01-01 20:05:00,"{""side"": ""HOLD"", ""confidence"": null}",0.0,FILLED
1172,ES,2023-01-01 20:06:00,"{""side"": ""HOLD"", ""confidence"": null}",0.0,FILLED
1173,ES,2023-01-01 20:07:00,"{""side"": ""HOLD"", ""confidence"": null}",0.0,FILLED
1174,ES,2023-01-01 20:08:00,"{""side"": ""HOLD"", ""confidence"": null}",0.0,FILLED
1175,ES,2023-01-01 20:09:00,"{""side"": ""HOLD"", ""confidence"": null}",0.0,FILLED
1176,ES,2023-01-01 20:10:00,"{""side"": ""HOLD"", ""confidence"": null}",0.0,FILLED
1177,ES,2023-01-01 20:11:00,"{""side"": ""HOLD"", ""confidence"": null}",0.0,FILLED
1178,ES,2023-01-01 20:12:00,"{""side"": ""HOLD"", ""confidence"": null}",0.0,FILLED
1179,ES,2023-01-01 20:13:00,"{""side"": ""HOLD"", ""confidence"": null}",0.0,FILLED
1180,ES,2023-01-01 20:14:00,"{""side"": ""HOLD"", ""confidence"": null}",0.0,FILLED
1181,ES,2023-01-01 20:15:00,"{""side"": ""HOLD"", ""confidence"": null}",0.0,FILLED
1182,ES,2023-01-01 20:16:00,"{""side"": ""HOLD"", ""confidence"": null}",0.0,FILLED
1183,ES,2023-01-01 20:17:00,"{""side"": ""HOLD"", ""confidence"": null}",0.0,FILLED
1184,ES,2023-01-01 20:18:00,"{""side"": ""HOLD"", ""confidence"": null}",0.0,FILLED
1185,ES,2023-01-01 20:19:00,"{""side"": ""HOLD"", ""confidence"": null}",0.0,FILLED
1186,ES,2023-01-01 20:20:00,"{""side"": ""HOLD"", ""confidence"": null}",0.0,FILLED
1187,ES,2023-01-01 20:21:00,"{""side"": ""HOLD"", ""confidence"": null}",0.0,FILLED
1188,ES,2023-01-01 20:22:00,"{""side"": ""HOLD"", ""confidence"": null}",0.0,FILLED
1189,ES,2023-01-01 20:23:00,"{""side"": ""HOLD"", ""confidence"": null}",0.0,FILLED
1190,ES,2023-01-01 20:24:00,"{""side"": ""HOLD"", ""confidence"": null}",0.0,FILLED
1191,ES,2023-01-01 20:25:00,"{""side"": ""HOLD"", ""confidence"": null}",0.0,FILLED
1192,ES,2023-01-01 20:26:00,"{""side"": ""HOLD"", ""confidence"": null}",0.0,FILLED
1193,ES,2023-01-01 20:27:00,"{""side"": ""HOLD"", ""confidence"": null}",0.0,FILLED
1194,ES,2023-01-01 20:28:00,"{""side"": ""HOLD"", ""confidence"": null}",0.0,FILLED
1195,ES,2023-01-01 20:29:00,"{""side"": ""HOLD"", ""confidence"": null}",0.0,FILLED
1196,ES,2023-01-01 20:30:00,"{""side"": ""HOLD"", ""confidence"": null}",0.0,FILLED
1197,ES,2023-01-01 20:31:00,"{""side"": ""HOLD"", ""confidence"": null}",0.0,FILLED
1198,ES,2023-01-01 20:32:00,"{""side"": ""HOLD"", ""confidence"": null}",0.0,FILLED
1199,ES,2023-01-01 20:33:00,"{""side"": ""HOLD"", ""confidence"": null}",0.0,FILLED
1200,ES,2023-01-01 20:34:00,"{""side"": ""HOLD"", ""confidence"": null}",0.0,FILLED
1201,ES,2023-01-01 20:35:00,"{""side"": ""HOLD"", ""confidence"": null}",0.0,FILLED
1202,ES,2023-01-01 20:36:00,"{""side"": ""HOLD"", ""confidence"": null}",0.0,FILLED
1203,ES,2023-01-01 20:37:00,"{""side"": ""HOLD"", ""confidence"": null}",0.0,FILLED
1204,ES,2023-01-01 20:38:00,"{""side"": ""HOLD"", ""confidence"": null}",0.0,FILLED
1205,ES,2023-01-01 20:39:00,"{""side"": ""HOLD"", ""confidence"": null}",0.0,FILLED
1206,ES,2023-01-01 20:40:00,"{""side"": ""HOLD"", ""confidence"": null}",0.0,FILLED
1207,ES,2023-01-01 20:41:00,"{""side"": ""HOLD"", ""confidence"": null}",0.0,FILLED
1208,ES,2023-01-01 20:42:00,"{""side"": ""HOLD"", ""confidence"": null}",0.0,FILLED
1209,ES,2023-01-01 20:43:00,"{""side"": ""HOLD"", ""confidence"": null}",0.0,FILLED
1210,ES,2023-01-01 20:44:00,"{""side"": ""HOLD"", ""confidence"": null}",0.0,FILLED
1211,ES,2023-01-01 20:45:00,"{""side"": ""HOLD"", ""confidence"": null}",0.0,FILLED
1212,ES,2023-01-01 20:46:00,"{""side"": ""HOLD"", ""confidence"": null}",0.0,FILLED
1213,ES,2023-01-01 20:47:00,"{""side"": ""HOLD"", ""confidence"": null}",0.0,FILLED
1214,ES,2023-01-01 20:48:00,"{""side"": ""HOLD"", ""confidence"": null}",0.0,FILLED
1215,ES,2023-01-01 20:49:00,"{""side"": ""HOLD"", ""confidence"": null}",0.0,FILLED
1216,ES,2023-01-01 20:50:00,"{""side"": ""HOLD"", ""confidence"": null}",0.0,FILLED
1217,ES,2023-01-01 20:51:00,"{""side"": ""HOLD"", ""confidence"": null}",0.0,FILLED
1218,ES,2023-01-01 20:52:00,"{""side"": ""HOLD"", ""confidence"": null}",0.0,FILLED
1219,ES,2023-01-01 20:53:00,"{""side"": ""HOLD"", ""confidence"": null}",0.0,FILLED
1220,ES,2023-01-01 20:54:00,"{""side"": ""HOLD"", ""confidence"": null}",0.0,FILLED
1221,ES,2023-01-01 20:55:00,"{""side"": ""HOLD"", ""confidence"": null}",0.0,FILLED
1222,ES,2023-01-01 20:56:00,"{""side"": ""HOLD"", ""confidence"": null}",0.0,FILLED
1223,ES,2023-01-01 20:57:00,"{""side"": ""HOLD"", ""confidence"": null}",0.0,FILLED
1224,ES,2023-01-01 20:58:00,"{""side"": ""HOLD"", ""confidence"": null}",0.0,FILLED
1225,ES,2023-01-01 20:59:00,"{""side"": ""HOLD"", ""confidence"": null}",0.0,FILLED
1226,ES,2023-01-01 21:00:00,"{""side"": ""HOLD"", ""confidence"": null}",0.0,FILLED
1227,ES,2023-01-01 21:01:00,"{""side"": ""HOLD"", ""confidence"": null}",0.0,FILLED
1228,ES,2023-01-01 21:02:00,"{""side"": ""HOLD"", ""confidence"": null}",0.0,FILLED
1229,ES,2023-01-01 21:03:00,"{""side"": ""HOLD"", ""confidence"": null}",0.0,FILLED
1230,ES,2023-01-01 21:04:00,"{""side"": ""HOLD"", ""confidence"": null}",0.0,FILLED
1231,ES,2023-01-01 21:05:00,"{""side"": ""HOLD"", ""confidence"": null}",0.0,FILLED
1232,ES,2023-01-01 21:06:00,"{""side"": ""HOLD"", ""confidence"": null}",0.0,FILLED
1233,ES,2023-01-01 21:07:00,"{""side"": ""HOLD"", ""confidence"": null}",0.0,FILLED
1234,ES,2023-01-01 21:08:00,"{""side"": ""HOLD"", ""confidence"": null}",0.0,FILLED
1235,ES,2023-01-01 21:09:00,"{""side"": ""HOLD"", ""confidence"": null}",0.0,FILLED
1236,ES,2023-01-01 21:10:00,"{""side"": ""HOLD"", ""confidence"": null}",0.0,FILLED
1237,ES,2023-01-01 21:11:00,"{""side"": ""HOLD"", ""confidence"": null}",0.0,FILLED
1238,ES,2023-01-01 21:12:00,"{""side"": ""HOLD"", ""confidence"": null}",0.0,FILLED
1239,ES,2023-01-01 21:13:00,"{""side"": ""HOLD"", ""confidence"": null}",0.0,FILLED
1240,ES,2023-01-01 21:14:00,"{""side"": ""HOLD"", ""confidence"": null}",0.0,FILLED
1241,ES,2023-01-01 21:15:00,"{""side"": ""HOLD"", ""confidence"": null}",0.0,FILLED
1242,ES,2023-01-01 21:16:00,"{""side"": ""HOLD"", ""confidence"": null}",0.0,FILLED
1243,ES,2023-01-01 21:17:00,"{""side"": ""HOLD"", ""confidence"": null}",0.0,FILLED
1244,ES,2023-01-01 21:18:00,"{""side"": ""HOLD"", ""confidence"": null}",0.0,FILLED
1245,ES,2023-01-01 21:19:00,"{""side"": ""HOLD"", ""confidence"": null}",0.0,FILLED
1246,ES,2023-01-01 21:20:00,"{""side"": ""HOLD"", ""confidence"": null}",0.0,FILLED
1247,ES,2023-01-01 21:21:00,"{""side"": ""HOLD"", ""confidence"": null}",0.0,FILLED
1248,ES,2023-01-01 21:22:00,"{""side"": ""HOLD"", ""confidence"": null}",0.0,FILLED
1249,ES,2023-01-01 21:23:00,"{""side"": ""HOLD"", ""confidence"": null}",0.0,FILLED
1250,ES,2023-01-01 21:24:00,"{""side"": ""HOLD"", ""confidence"": null}",0.0,FILLED
1251,ES,2023-01-01 21:25:00,"{""side"": ""HOLD"", ""confidence"": null}",0.0,FILLED
1252,ES,2023-01-01 21:26:00,"{""side"": ""HOLD"", ""confidence"": null}",0.0,FILLED
1253,ES,2023-01-01 21:27:00,"{""side"": ""HOLD"", ""confidence"": null}",0.0,FILLED
1254,ES,2023-01-01 21:28:00,"{""side"": ""HOLD"", ""confidence"": null}",0.0,FILLED
1255,ES,2023-01-01 21:29:00,"{""side"": ""HOLD"", ""confidence"": null}",0.0,FILLED
1256,ES,2023-01-01 21:30:00,"{""side"": ""HOLD"", ""confidence"": null}",0.0,FILLED
1257,ES,2023-01-01 21:31:00,"{""side"": ""HOLD"", ""confidence"": null}",0.0,FILLED
1258,ES,2023-01-01 21:32:00,"{""side"": ""HOLD"", ""confidence"": null}",0.0,FILLED
1259,ES,2023-01-01 21:33:00,"{""side"": ""HOLD"", ""confidence"": null}",0.0,FILLED
1260,ES,2023-01-01 21:34:00,"{""side"": ""HOLD"", ""confidence"": null}",0.0,FILLED
1261,ES,2023-01-01 21:35:00,"{""side"": ""HOLD"", ""confidence"": null}",0.0,FILLED
1262,ES,2023-01-01 21:36:00,"{""side"": ""HOLD"", ""confidence"": null}",0.0,FILLED
1263,ES,2023-01-01 21:37:00,"{""side"": ""HOLD"", ""confidence"": null}",0.0,FILLED
1264,ES,2023-01-01 21:38:00,"{""side"": ""HOLD"", ""confidence"": null}",0.0,FILLED
1265,ES,2023-01-01 21:39:00,"{""side"": ""HOLD"", ""confidence"": null}",0.0,FILLED
1266,ES,2023-01-01 21:40:00,"{""side"": ""HOLD"", ""confidence"": null}",0.0,FILLED
1267,ES,2023-01-01 21:41:00,"{""side"": ""HOLD"", ""confidence"": null}",0.0,FILLED
1268,ES,2023-01-01 21:42:00,"{""side"": ""HOLD"", ""confidence"": null}",0.0,FILLED
1269,ES,2023-01-01 21:43:00,"{""side"": ""HOLD"", ""confidence"": null}",0.0,FILLED
1270,ES,2023-01-01 21:44:00,"{""side"": ""HOLD"", ""confidence"": null}",0.0,FILLED
1271,ES,2023-01-01 21:45:00,"{""side"": ""HOLD"", ""confidence"": null}",0.0,FILLED
1272,ES,2023-01-01 21:46:00,"{""side"": ""HOLD"", ""confidence"": null}",0.0,FILLED
1273,ES,2023-01-01 21:47:00,"{""side"": ""HOLD"", ""confidence"": null}",0.0,FILLED
1274,ES,2023-01-01 21:48:00,"{""side"": ""HOLD"", ""confidence"": null}",0.0,FILLED
1275,ES,2023-01-01 21:49:00,"{""side"": ""HOLD"", ""confidence"": null}",0.0,FILLED
1276,ES,2023-01-01 21:50:00,"{""side"": ""HOLD"", ""confidence"": null}",0.0,FILLED
1277,ES,2023-01-01 21:51:00,"{""side"": ""HOLD"", ""confidence"": null}",0.0,FILLED
1278,ES,2023-01-01 21:52:00,"{""side"": ""HOLD"", ""confidence"": null}",0.0,FILLED
1279,ES,2023-01-01 21:53:00,"{""side"": ""HOLD"", ""confidence"": null}",0.0,FILLED
1280,ES,2023-01-01 21:54:00,"{""side"": ""HOLD"", ""confidence"": null}",0.0,FILLED
1281,ES,2023-01-01 21:55:00,"{""side"": ""HOLD"", ""confidence"": null}",0.0,FILLED
1282,ES,2023-01-01 21:56:00,"{""side"": ""HOLD"", ""confidence"": null}",0.0,FILLED
1283,ES,2023-01-01 21:57:00,"{""side"": ""HOLD"", ""confidence"": null}",0.0,FILLED
1284,ES,2023-01-01 21:58:00,"{""side"": ""HOLD"", ""confidence"": null}",0.0,FILLED
1285,ES,2023-01-01 21:59:00,"{""side"": ""HOLD"", ""confidence"": null}",0.0,FILLED
1286,ES,2023-01-01 22:00:00,"{""side"": ""HOLD"", ""confidence"": null}",0.0,FILLED
1287,ES,2023-01-01 22:01:00,"{""side"": ""HOLD"", ""confidence"": null}",0.0,FILLED
1288,ES,2023-01-01 22:02:00,"{""side"": ""HOLD"", ""confidence"": null}",0.0,FILLED
1289,ES,2023-01-01 22:03:00,"{""side"": ""HOLD"", ""confidence"": null}",0.0,FILLED
1290,ES,2023-01-01 22:04:00,"{""side"": ""HOLD"", ""confidence"": null}",0.0,FILLED
1291,ES,2023-01-01 22:05:00,"{""side"": ""HOLD"", ""confidence"": null}",0.0,FILLED
1292,ES,2023-01-01 22:06:00,"{""side"": ""HOLD"", ""confidence"": null}",0.0,FILLED
1293,ES,2023-01-01 22:07:00,"{""side"": ""HOLD"", ""confidence"": null}",0.0,FILLED
1294,ES,2023-01-01 22:08:00,"{""side"": ""HOLD"", ""confidence"": null}",0.0,FILLED
1295,ES,2023-01-01 22:09:00,"{""side"": ""HOLD"", ""confidence"": null}",0.0,FILLED
1296,ES,2023-01-01 22:10:00,"{""side"": ""HOLD"", ""confidence"": null}",0.0,FILLED
1297,ES,2023-01-01 22:11:00,"{""side"": ""HOLD"", ""confidence"": null}",0.0,FILLED
1298,ES,2023-01-01 22:12:00,"{""side"": ""HOLD"", ""confidence"": null}",0.0,FILLED
1299,ES,2023-01-01 22:13:00,"{""side"": ""HOLD"", ""confidence"": null}",0.0,FILLED
1300,ES,2023-01-01 22:14:00,"{""side"": ""HOLD"", ""confidence"": null}",0.0,FILLED
1301,ES,2023-01-01 22:15:00,"{""side"": ""HOLD"", ""confidence"": null}",0.0,FILLED
1302,ES,2023-01-01 22:16:00,"{""side"": ""HOLD"", ""confidence"": null}",0.0,FILLED
1303,ES,2023-01-01 22:17:00,"{""side"": ""HOLD"", ""confidence"": null}",0.0,FILLED
1304,ES,2023-01-01 22:18:00,"{""side"": ""HOLD"", ""confidence"": null}",0.0,FILLED
1305,ES,2023-01-01 22:19:00,"{""side"": ""HOLD"", ""confidence"": null}",0.0,FILLED
1306,ES,2023-01-01 22:20:00,"{""side"": ""HOLD"", ""confidence"": null}",0.0,FILLED
1307,ES,2023-01-01 22:21:00,"{""side"": ""HOLD"", ""confidence"": null}",0.0,FILLED
1308,ES,2023-01-01 22:22:00,"{""side"": ""HOLD"", ""confidence"": null}",0.0,FILLED
1309,ES,2023-01-01 22:23:00,"{""side"": ""HOLD"", ""confidence"": null}",0.0,FILLED
1310,ES,2023-01-01 22:24:00,"{""side"": ""HOLD"", ""confidence"": null}",0.0,FILLED
1311,ES,2023-01-01 22:25:00,"{""side"": ""HOLD"", ""confidence"": null}",0.0,FILLED
1312,ES,2023-01-01 22:26:00,"{""side"": ""HOLD"", ""confidence"": null}",0.0,FILLED
1313,ES,2023-01-01 22:27:00,"{""side"": ""HOLD"", ""confidence"": null}",0.0,FILLED
1314,ES,2023-01-01 22:28:00,"{""side"": ""HOLD"", ""confidence"": null}",0.0,FILLED
1315,ES,2023-01-01 22:29:00,"{""side"": ""HOLD"", ""confidence"": null}",0.0,FILLED
1316,ES,2023-01-01 22:30:00,"{""side"": ""HOLD"", ""confidence"": null}",0.0,FILLED
1317,ES,2023-01-01 22:31:00,"{""side"": ""HOLD"", ""confidence"": null}",0.0,FILLED
1318,ES,2023-01-01 22:32:00,"{""side"": ""HOLD"", ""confidence"": null}",0.0,FILLED
1319,ES,2023-01-01 22:33:00,"{""side"": ""HOLD"", ""confidence"": null}",0.0,FILLED
1320,ES,2023-01-01 22:34:00,"{""side"": ""HOLD"", ""confidence"": null}",0.0,FILLED
1321,ES,2023-01-01 22:35:00,"{""side"": ""HOLD"", ""confidence"": null}",0.0,FILLED
1322,ES,2023-01-01 22:36:00,"{""side"": ""HOLD"", ""confidence"": null}",0.0,FILLED
1323,ES,2023-01-01 22:37:00,"{""side"": ""HOLD"", ""confidence"": null}",0.0,FILLED
1324,ES,2023-01-01 22:38:00,"{""side"": ""HOLD"", ""confidence"": null}",0.0,FILLED
1325,ES,2023-01-01 22:39:00,"{""side"": ""HOLD"", ""confidence"": null}",0.0,FILLED
1326,ES,2023-01-01 22:40:00,"{""side"": ""HOLD"", ""confidence"": null}",0.0,FILLED
1327,ES,2023-01-01 22:41:00,"{""side"": ""HOLD"", ""confidence"": null}",0.0,FILLED
1328,ES,2023-01-01 22:42:00,"{""side"": ""HOLD"", ""confidence"": null}",0.0,FILLED
1329,ES,2023-01-01 22:43:00,"{""side"": ""HOLD"", ""confidence"": null}",0.0,FILLED
1330,ES,2023-01-01 22:44:00,"{""side"": ""HOLD"", ""confidence"": null}",0.0,FILLED
1331,ES,2023-01-01 22:45:00,"{""side"": ""HOLD"", ""confidence"": null}",0.0,FILLED
1332,ES,2023-01-01 22:46:00,"{""side"": ""HOLD"", ""confidence"": null}",0.0,FILLED
1333,ES,2023-01-01 22:47:00,"{""side"": ""HOLD"", ""confidence"": null}",0.0,FILLED
1334,ES,2023-01-01 22:48:00,"{""side"": ""HOLD"", ""confidence"": null}",0.0,FILLED
1335,ES,2023-01-01 22:49:00,"{""side"": ""HOLD"", ""confidence"": null}",0.0,FILLED
1336,ES,2023-01-01 22:50:00,"{""side"": ""HOLD"", ""confidence"": null}",0.0,FILLED
1337,ES,2023-01-01 22:51:00,"{""side"": ""HOLD"", ""confidence"": null}",0.0,FILLED
1338,ES,2023-01-01 22:52:00,"{""side"": ""HOLD"", ""confidence"": null}",0.0,FILLED
1339,ES,2023-01-01 22:53:00,"{""side"": ""HOLD"", ""confidence"": null}",0.0,FILLED
1340,ES,2023-01-01 22:54:00,"{""side"": ""HOLD"", ""confidence"": null}",0.0,FILLED
1341,ES,2023-01-01 22:55:00,"{""side"": ""HOLD"", ""confidence"": null}",0.0,FILLED
1342,ES,2023-01-01 22:56:00,"{""side"": ""HOLD"", ""confidence"": null}",0.0,FILLED
1343,ES,2023-01-01 22:57:00,"{""side"": ""HOLD"", ""confidence"": null}",0.0,FILLED
1344,ES,2023-01-01 22:58:00,"{""side"": ""HOLD"", ""confidence"": null}",0.0,FILLED
1345,ES,2023-01-01 22:59:00,"{""side"": ""HOLD"", ""confidence"": null}",0.0,FILLED
1346,ES,2023-01-01 23:00:00,"{""side"": ""HOLD"", ""confidence"": null}",0.0,FILLED
1347,ES,2023-01-01 23:01:00,"{""side"": ""HOLD"", ""confidence"": null}",0.0,FILLED
1348,ES,2023-01-01 23:02:00,"{""side"": ""HOLD"", ""confidence"": null}",0.0,FILLED
1349,ES,2023-01-01 23:03:00,"{""side"": ""HOLD"", ""confidence"": null}",0.0,FILLED
1350,ES,2023-01-01 23:04:00,"{""side"": ""HOLD"", ""confidence"": null}",0.0,FILLED
1351,ES,2023-01-01 23:05:00,"{""side"": ""HOLD"", ""confidence"": null}",0.0,FILLED
1352,ES,2023-01-01 23:06:00,"{""side"": ""HOLD"", ""confidence"": null}",0.0,FILLED
1353,ES,2023-01-01 23:07:00,"{""side"": ""HOLD"", ""confidence"": null}",0.0,FILLED
1354,ES,2023-01-01 23:08:00,"{""side"": ""HOLD"", ""confidence"": null}",0.0,FILLED
1355,ES,2023-01-01 23:09:00,"{""side"": ""HOLD"", ""confidence"": null}",0.0,FILLED
1356,ES,2023-01-01 23:10:00,"{""side"": ""HOLD"", ""confidence"": null}",0.0,FILLED
1357,ES,2023-01-01 23:11:00,"{""side"": ""HOLD"", ""confidence"": null}",0.0,FILLED
1358,ES,2023-01-01 23:12:00,"{""side"": ""HOLD"", ""confidence"": null}",0.0,FILLED
1359,ES,2023-01-01 23:13:00,"{""side"": ""HOLD"", ""confidence"": null}",0.0,FILLED
1360,ES,2023-01-01 23:14:00,"{""side"": ""HOLD"", ""confidence"": null}",0.0,FILLED
1361,ES,2023-01-01 23:15:00,"{""side"": ""HOLD"", ""confidence"": null}",0.0,FILLED
1362,ES,2023-01-01 23:16:00,"{""side"": ""HOLD"", ""confidence"": null}",0.0,FILLED
1363,ES,2023-01-01 23:17:00,"{""side"": ""HOLD"", ""confidence"": null}",0.0,FILLED
1364,ES,2023-01-01 23:18:00,"{""side"": ""HOLD"", ""confidence"": null}",0.0,FILLED
1365,ES,2023-01-01 23:19:00,"{""side"": ""HOLD"", ""confidence"": null}",0.0,FILLED
1366,ES,2023-01-01 23:20:00,"{""side"": ""HOLD"", ""confidence"": null}",0.0,FILLED
1367,ES,2023-01-01 23:21:00,"{""side"": ""HOLD"", ""confidence"": null}",0.0,FILLED
1368,ES,2023-01-01 23:22:00,"{""side"": ""HOLD"", ""confidence"": null}",0.0,FILLED
1369,ES,2023-01-01 23:23:00,"{""side"": ""HOLD"", ""confidence"": null}",0.0,FILLED
1370,ES,2023-01-01 23:24:00,"{""side"": ""HOLD"", ""confidence"": null}",0.0,FILLED
1371,ES,2023-01-01 23:25:00,"{""side"": ""HOLD"", ""confidence"": null}",0.0,FILLED
1372,ES,2023-01-01 23:26:00,"{""side"": ""HOLD"", ""confidence"": null}",0.0,FILLED
1373,ES,2023-01-01 23:27:00,"{""side"": ""HOLD"", ""confidence"": null}",0.0,FILLED
1374,ES,2023-01-01 23:28:00,"{""side"": ""HOLD"", ""confidence"": null}",0.0,FILLED
1375,ES,2023-01-01 23:29:00,"{""side"": ""HOLD"", ""confidence"": null}",0.0,FILLED
1376,ES,2023-01-01 23:30:00,"{""side"": ""HOLD"", ""confidence"": null}",0.0,FILLED
1377,ES,2023-01-01 23:31:00,"{""side"": ""HOLD"", ""confidence"": null}",0.0,FILLED
1378,ES,2023-01-01 23:32:00,"{""side"": ""HOLD"", ""confidence"": null}",0.0,FILLED
1379,ES,2023-01-01 23:33:00,"{""side"": ""HOLD"", ""confidence"": null}",0.0,FILLED
1380,ES,2023-01-01 23:34:00,"{""side"": ""HOLD"", ""confidence"": null}",0.0,FILLED
1381,ES,2023-01-01 23:35:00,"{""side"": ""HOLD"", ""confidence"": null}",0.0,FILLED
1382,ES,2023-01-01 23:36:00,"{""side"": ""HOLD"", ""confidence"": null}",0.0,FILLED
1383,ES,2023-01-01 23:37:00,"{""side"": ""HOLD"", ""confidence"": null}",0.0,FILLED
1384,ES,2023-01-01 23:38:00,"{""side"": ""HOLD"", ""confidence"": null}",0.0,FILLED
1385,ES,2023-01-01 23:39:00,"{""side"": ""HOLD"", ""confidence"": null}",0.0,FILLED
1386,ES,2023-01-01 23:40:00,"{""side"": ""HOLD"", ""confidence"": null}",0.0,FILLED
1387,ES,2023-01-01 23:41:00,"{""side"": ""HOLD"", ""confidence"": null}",0.0,FILLED
1388,ES,2023-01-01 23:42:00,"{""side"": ""HOLD"", ""confidence"": null}",0.0,FILLED
1389,ES,2023-01-01 23:43:00,"{""side"": ""HOLD"", ""confidence"": null}",0.0,FILLED
1390,ES,2023-01-01 23:44:00,"{""side"": ""HOLD"", ""confidence"": null}",0.0,FILLED
1391,ES,2023-01-01 23:45:00,"{""side"": ""HOLD"", ""confidence"": null}",0.0,FILLED
1392,ES,2023-01-01 23:46:00,"{""side"": ""HOLD"", ""confidence"": null}",0.0,FILLED
1393,ES,2023-01-01 23:47:00,"{""side"": ""HOLD"", ""confidence"": null}",0.0,FILLED
1394,ES,2023-01-01 23:48:00,"{""side"": ""HOLD"", ""confidence"": null}",0.0,FILLED
1395,ES,2023-01-01 23:49:00,"{""side"": ""HOLD"", ""confidence"": null}",0.0,FILLED
1396,ES,2023-01-01 23:50:00,"{""side"": ""HOLD"", ""confidence"": null}",0.0,FILLED
1397,ES,2023-01-01 23:51:00,"{""side"": ""HOLD"", ""confidence"": null}",0.0,FILLED
1398,ES,2023-01-01 23:52:00,"{""side"": ""HOLD"", ""confidence"": null}",0.0,FILLED
1399,ES,2023-01-01 23:53:00,"{""side"": ""HOLD"", ""confidence"": null}",0.0,FILLED
1400,ES,2023-01-01 23:54:00,"{""side"": ""HOLD"", ""confidence"": null}",0.0,FILLED
1401,ES,2023-01-01 23:55:00,"{""side"": ""HOLD"", ""confidence"": null}",0.0,FILLED
1402,ES,2023-01-01 23:56:00,"{""side"": ""HOLD"", ""confidence"": null}",0.0,FILLED
1403,ES,2023-01-01 23:57:00,"{""side"": ""HOLD"", ""confidence"": null}",0.0,FILLED
1404,ES,2023-01-01 23:58:00,"{""side"": ""HOLD"", ""confidence"": null}",0.0,FILLED
1405,ES,2023-01-01 23:59:00,"{""side"": ""HOLD"", ""confidence"": null}",0.0,FILLED
1406,ES,2023-01-02 00:00:00,"{""side"": ""HOLD"", ""confidence"": null}",0.0,FILLED
1407,ES,2023-01-02 00:01:00,"{""side"": ""HOLD"", ""confidence"": null}",0.0,FILLED
1408,ES,2023-01-02 00:02:00,"{""side"": ""HOLD"", ""confidence"": null}",0.0,FILLED
1409,ES,2023-01-02 00:03:00,"{""side"": ""HOLD"", ""confidence"": null}",0.0,FILLED
1410,ES,2023-01-02 00:04:00,"{""side"": ""HOLD"", ""confidence"": null}",0.0,FILLED
1411,ES,2023-01-02 00:05:00,"{""side"": ""HOLD"", ""confidence"": null}",0.0,FILLED
1412,ES,2023-01-02 00:06:00,"{""side"": ""HOLD"", ""confidence"": null}",0.0,FILLED
1413,ES,2023-01-02 00:07:00,"{""side"": ""HOLD"", ""confidence"": null}",0.0,FILLED
1414,ES,2023-01-02 00:08:00,"{""side"": ""HOLD"", ""confidence"": null}",0.0,FILLED
1415,ES,2023-01-02 00:09:00,"{""side"": ""HOLD"", ""confidence"": null}",0.0,FILLED
1416,ES,2023-01-02 00:10:00,"{""side"": ""HOLD"", ""confidence"": null}",0.0,FILLED
1417,ES,2023-01-02 00:11:00,"{""side"": ""HOLD"", ""confidence"": null}",0.0,FILLED
1418,ES,2023-01-02 00:12:00,"{""side"": ""HOLD"", ""confidence"": null}",0.0,FILLED
1419,ES,2023-01-02 00:13:00,"{""side"": ""HOLD"", ""confidence"": null}",0.0,FILLED
1420,ES,2023-01-02 00:14:00,"{""side"": ""HOLD"", ""confidence"": null}",0.0,FILLED
1421,ES,2023-01-02 00:15:00,"{""side"": ""HOLD"", ""confidence"": null}",0.0,FILLED
1422,ES,2023-01-02 00:16:00,"{""side"": ""HOLD"", ""confidence"": null}",0.0,FILLED
1423,ES,2023-01-02 00:17:00,"{""side"": ""HOLD"", ""confidence"": null}",0.0,FILLED
1424,ES,2023-01-02 00:18:00,"{""side"": ""HOLD"", ""confidence"": null}",0.0,FILLED
1425,ES,2023-01-02 00:19:00,"{""side"": ""HOLD"", ""confidence"": null}",0.0,FILLED
1426,ES,2023-01-02 00:20:00,"{""side"": ""HOLD"", ""confidence"": null}",0.0,FILLED
1427,ES,2023-01-02 00:21:00,"{""side"": ""HOLD"", ""confidence"": null}",0.0,FILLED
1428,ES,2023-01-02 00:22:00,"{""side"": ""HOLD"", ""confidence"": null}",0.0,FILLED
1429,ES,2023-01-02 00:23:00,"{""side"": ""HOLD"", ""confidence"": null}",0.0,FILLED
1430,ES,2023-01-02 00:24:00,"{""side"": ""HOLD"", ""confidence"": null}",0.0,FILLED
1431,ES,2023-01-02 00:25:00,"{""side"": ""HOLD"", ""confidence"": null}",0.0,FILLED
1432,ES,2023-01-02 00:26:00,"{""side"": ""HOLD"", ""confidence"": null}",0.0,FILLED
1433,ES,2023-01-02 00:27:00,"{""side"": ""HOLD"", ""confidence"": null}",0.0,FILLED
1434,ES,2023-01-02 00:28:00,"{""side"": ""HOLD"", ""confidence"": null}",0.0,FILLED
1435,ES,2023-01-02 00:29:00,"{""side"": ""HOLD"", ""confidence"": null}",0.0,FILLED
1436,ES,2023-01-02 00:30:00,"{""side"": ""HOLD"", ""confidence"": null}",0.0,FILLED
1437,ES,2023-01-02 00:31:00,"{""side"": ""HOLD"", ""confidence"": null}",0.0,FILLED
1438,ES,2023-01-02 00:32:00,"{""side"": ""HOLD"", ""confidence"": null}",0.0,FILLED
1439,ES,2023-01-02 00:33:00,"{""side"": ""HOLD"", ""confidence"": null}",0.0,FILLED
1440,ES,2023-01-02 00:34:00,"{""side"": ""HOLD"", ""confidence"": null}",0.0,FILLED
1441,ES,2023-01-02 00:35:00,"{""side"": ""HOLD"", ""confidence"": null}",0.0,FILLED
1442,ES,2023-01-02 00:36:00,"{""side"": ""HOLD"", ""confidence"": null}",0.0,FILLED
1443,ES,2023-01-02 00:37:00,"{""side"": ""HOLD"", ""confidence"": null}",0.0,FILLED
1444,ES,2023-01-02 00:38:00,"{""side"": ""HOLD"", ""confidence"": null}",0.0,FILLED
1445,ES,2023-01-02 00:39:00,"{""side"": ""HOLD"", ""confidence"": null}",0.0,FILLED
1446,ES,2023-01-02 00:40:00,"{""side"": ""HOLD"", ""confidence"": null}",0.0,FILLED
1447,ES,2023-01-02 00:41:00,"{""side"": ""HOLD"", ""confidence"": null}",0.0,FILLED
1448,ES,2023-01-02 00:42:00,"{""side"": ""HOLD"", ""confidence"": null}",0.0,FILLED
1449,ES,2023-01-02 00:43:00,"{""side"": ""HOLD"", ""confidence"": null}",0.0,FILLED
1450,ES,2023-01-02 00:44:00,"{""side"": ""HOLD"", ""confidence"": null}",0.0,FILLED
1451,ES,2023-01-02 00:45:00,"{""side"": ""HOLD"", ""confidence"": null}",0.0,FILLED
1452,ES,2023-01-02 00:46:00,"{""side"": ""HOLD"", ""confidence"": null}",0.0,FILLED
1453,ES,2023-01-02 00:47:00,"{""side"": ""HOLD"", ""confidence"": null}",0.0,FILLED
1454,ES,2023-01-02 00:48:00,"{""side"": ""HOLD"", ""confidence"": null}",0.0,FILLED
1455,ES,2023-01-02 00:49:00,"{""side"": ""HOLD"", ""confidence"": null}",0.0,FILLED
1456,ES,2023-01-02 00:50:00,"{""side"": ""HOLD"", ""confidence"": null}",0.0,FILLED
1457,ES,2023-01-02 00:51:00,"{""side"": ""HOLD"", ""confidence"": null}",0.0,FILLED
1458,ES,2023-01-02 00:52:00,"{""side"": ""HOLD"", ""confidence"": null}",0.0,FILLED
1459,ES,2023-01-02 00:53:00,"{""side"": ""HOLD"", ""confidence"": null}",0.0,FILLED
1460,ES,2023-01-02 00:54:00,"{""side"": ""HOLD"", ""confidence"": null}",0.0,FILLED
1461,ES,2023-01-02 00:55:00,"{""side"": ""HOLD"", ""confidence"": null}",0.0,FILLED
1462,ES,2023-01-02 00:56:00,"{""side"": ""HOLD"", ""confidence"": null}",0.0,FILLED
1463,ES,2023-01-02 00:57:00,"{""side"": ""HOLD"", ""confidence"": null}",0.0,FILLED
1464,ES,2023-01-02 00:58:00,"{""side"": ""HOLD"", ""confidence"": null}",0.0,FILLED
1465,ES,2023-01-02 00:59:00,"{""side"": ""HOLD"", ""confidence"": null}",0.0,FILLED
1466,ES,2023-01-02 01:00:00,"{""side"": ""HOLD"", ""confidence"": null}",0.0,FILLED
1467,ES,2023-01-02 01:01:00,"{""side"": ""HOLD"", ""confidence"": null}",0.0,FILLED
1468,ES,2023-01-02 01:02:00,"{""side"": ""HOLD"", ""confidence"": null}",0.0,FILLED
1469,ES,2023-01-02 01:03:00,"{""side"": ""HOLD"", ""confidence"": null}",0.0,FILLED
1470,ES,2023-01-02 01:04:00,"{""side"": ""HOLD"", ""confidence"": null}",0.0,FILLED
1471,ES,2023-01-02 01:05:00,"{""side"": ""HOLD"", ""confidence"": null}",0.0,FILLED
1472,ES,2023-01-02 01:06:00,"{""side"": ""HOLD"", ""confidence"": null}",0.0,FILLED
1473,ES,2023-01-02 01:07:00,"{""side"": ""HOLD"", ""confidence"": null}",0.0,FILLED
1474,ES,2023-01-02 01:08:00,"{""side"": ""HOLD"", ""confidence"": null}",0.0,FILLED
1475,ES,2023-01-02 01:09:00,"{""side"": ""HOLD"", ""confidence"": null}",0.0,FILLED
1476,ES,2023-01-02 01:10:00,"{""side"": ""HOLD"", ""confidence"": null}",0.0,FILLED
1477,ES,2023-01-02 01:11:00,"{""side"": ""HOLD"", ""confidence"": null}",0.0,FILLED
1478,ES,2023-01-02 01:12:00,"{""side"": ""HOLD"", ""confidence"": null}",0.0,FILLED
1479,ES,2023-01-02 01:13:00,"{""side"": ""HOLD"", ""confidence"": null}",0.0,FILLED
1480,ES,2023-01-02 01:14:00,"{""side"": ""HOLD"", ""confidence"": null}",0.0,FILLED
1481,ES,2023-01-02 01:15:00,"{""side"": ""HOLD"", ""confidence"": null}",0.0,FILLED
1482,ES,2023-01-02 01:16:00,"{""side"": ""HOLD"", ""confidence"": null}",0.0,FILLED
1483,ES,2023-01-02 01:17:00,"{""side"": ""HOLD"", ""confidence"": null}",0.0,FILLED
1484,ES,2023-01-02 01:18:00,"{""side"": ""HOLD"", ""confidence"": null}",0.0,FILLED
1485,ES,2023-01-02 01:19:00,"{""side"": ""HOLD"", ""confidence"": null}",0.0,FILLED
1486,ES,2023-01-02 01:20:00,"{""side"": ""HOLD"", ""confidence"": null}",0.0,FILLED
1487,ES,2023-01-02 01:21:00,"{""side"": ""HOLD"", ""confidence"": null}",0.0,FILLED
1488,ES,2023-01-02 01:22:00,"{""side"": ""HOLD"", ""confidence"": null}",0.0,FILLED
1489,ES,2023-01-02 01:23:00,"{""side"": ""HOLD"", ""confidence"": null}",0.0,FILLED
1490,ES,2023-01-02 01:24:00,"{""side"": ""HOLD"", ""confidence"": null}",0.0,FILLED
1491,ES,2023-01-02 01:25:00,"{""side"": ""HOLD"", ""confidence"": null}",0.0,FILLED
1492,ES,2023-01-02 01:26:00,"{""side"": ""HOLD"", ""confidence"": null}",0.0,FILLED
1493,ES,2023-01-02 01:27:00,"{""side"": ""HOLD"", ""confidence"": null}",0.0,FILLED
1494,ES,2023-01-02 01:28:00,"{""side"": ""HOLD"", ""confidence"": null}",0.0,FILLED
1495,ES,2023-01-02 01:29:00,"{""side"": ""HOLD"", ""confidence"": null}",0.0,FILLED
1496,ES,2023-01-02 01:30:00,"{""side"": ""HOLD"", ""confidence"": null}",0.0,FILLED
1497,ES,2023-01-02 01:31:00,"{""side"": ""HOLD"", ""confidence"": null}",0.0,FILLED
1498,ES,2023-01-02 01:32:00,"{""side"": ""HOLD"", ""confidence"": null}",0.0,FILLED
1499,ES,2023-01-02 01:33:00,"{""side"": ""HOLD"", ""confidence"": null}",0.0,FILLED
1500,ES,2023-01-02 01:34:00,"{""side"": ""HOLD"", ""confidence"": null}",0.0,FILLED
1501,ES,2023-01-02 01:35:00,"{""side"": ""HOLD"", ""confidence"": null}",0.0,FILLED
1502,ES,2023-01-02 01:36:00,"{""side"": ""HOLD"", ""confidence"": null}",0.0,FILLED
1503,ES,2023-01-02 01:37:00,"{""side"": ""HOLD"", ""confidence"": null}",0.0,FILLED
1504,ES,2023-01-02 01:38:00,"{""side"": ""HOLD"", ""confidence"": null}",0.0,FILLED
1505,ES,2023-01-02 01:39:00,"{""side"": ""HOLD"", ""confidence"": null}",0.0,FILLED
1506,ES,2023-01-02 01:40:00,"{""side"": ""HOLD"", ""confidence"": null}",0.0,FILLED
1507,ES,2023-01-02 01:41:00,"{""side"": ""HOLD"", ""confidence"": null}",0.0,FILLED
1508,ES,2023-01-02 01:42:00,"{""side"": ""HOLD"", ""confidence"": null}",0.0,FILLED
1509,ES,2023-01-02 01:43:00,"{""side"": ""HOLD"", ""confidence"": null}",0.0,FILLED
1510,ES,2023-01-02 01:44:00,"{""side"": ""HOLD"", ""confidence"": null}",0.0,FILLED
1511,ES,2023-01-02 01:45:00,"{""side"": ""HOLD"", ""confidence"": null}",0.0,FILLED
1512,ES,2023-01-02 01:46:00,"{""side"": ""HOLD"", ""confidence"": null}",0.0,FILLED
1513,ES,2023-01-02 01:47:00,"{""side"": ""HOLD"", ""confidence"": null}",0.0,FILLED
1514,ES,2023-01-02 01:48:00,"{""side"": ""HOLD"", ""confidence"": null}",0.0,FILLED
1515,ES,2023-01-02 01:49:00,"{""side"": ""HOLD"", ""confidence"": null}",0.0,FILLED
1516,ES,2023-01-02 01:50:00,"{""side"": ""HOLD"", ""confidence"": null}",0.0,FILLED
1517,ES,2023-01-02 01:51:00,"{""side"": ""HOLD"", ""confidence"": null}",0.0,FILLED
1518,ES,2023-01-02 01:52:00,"{""side"": ""HOLD"", ""confidence"": null}",0.0,FILLED
1519,ES,2023-01-02 01:53:00,"{""side"": ""HOLD"", ""confidence"": null}",0.0,FILLED
1520,ES,2023-01-02 01:54:00,"{""side"": ""HOLD"", ""confidence"": null}",0.0,FILLED
1521,ES,2023-01-02 01:55:00,"{""side"": ""HOLD"", ""confidence"": null}",0.0,FILLED
1522,ES,2023-01-02 01:56:00,"{""side"": ""HOLD"", ""confidence"": null}",0.0,FILLED
1523,ES,2023-01-02 01:57:00,"{""side"": ""HOLD"", ""confidence"": null}",0.0,FILLED
1524,ES,2023-01-02 01:58:00,"{""side"": ""HOLD"", ""confidence"": null}",0.0,FILLED
1525,ES,2023-01-02 01:59:00,"{""side"": ""HOLD"", ""confidence"": null}",0.0,FILLED
1526,ES,2023-01-02 02:00:00,"{""side"": ""HOLD"", ""confidence"": null}",0.0,FILLED
1527,ES,2023-01-02 02:01:00,"{""side"": ""HOLD"", ""confidence"": null}",0.0,FILLED
1528,ES,2023-01-02 02:02:00,"{""side"": ""HOLD"", ""confidence"": null}",0.0,FILLED
1529,ES,2023-01-02 02:03:00,"{""side"": ""HOLD"", ""confidence"": null}",0.0,FILLED
1530,ES,2023-01-02 02:04:00,"{""side"": ""HOLD"", ""confidence"": null}",0.0,FILLED
1531,ES,2023-01-02 02:05:00,"{""side"": ""HOLD"", ""confidence"": null}",0.0,FILLED
1532,ES,2023-01-02 02:06:00,"{""side"": ""HOLD"", ""confidence"": null}",0.0,FILLED
1533,ES,2023-01-02 02:07:00,"{""side"": ""HOLD"", ""confidence"": null}",0.0,FILLED
1534,ES,2023-01-02 02:08:00,"{""side"": ""HOLD"", ""confidence"": null}",0.0,FILLED
1535,ES,2023-01-02 02:09:00,"{""side"": ""HOLD"", ""confidence"": null}",0.0,FILLED
1536,ES,2023-01-02 02:10:00,"{""side"": ""HOLD"", ""confidence"": null}",0.0,FILLED
1537,ES,2023-01-02 02:11:00,"{""side"": ""HOLD"", ""confidence"": null}",0.0,FILLED
1538,ES,2023-01-02 02:12:00,"{""side"": ""HOLD"", ""confidence"": null}",0.0,FILLED
1539,ES,2023-01-02 02:13:00,"{""side"": ""HOLD"", ""confidence"": null}",0.0,FILLED
1540,ES,2023-01-02 02:14:00,"{""side"": ""HOLD"", ""confidence"": null}",0.0,FILLED
1541,ES,2023-01-02 02:15:00,"{""side"": ""HOLD"", ""confidence"": null}",0.0,FILLED
1542,ES,2023-01-02 02:16:00,"{""side"": ""HOLD"", ""confidence"": null}",0.0,FILLED
1543,ES,2023-01-02 02:17:00,"{""side"": ""HOLD"", ""confidence"": null}",0.0,FILLED
1544,ES,2023-01-02 02:18:00,"{""side"": ""HOLD"", ""confidence"": null}",0.0,FILLED
1545,ES,2023-01-02 02:19:00,"{""side"": ""HOLD"", ""confidence"": null}",0.0,FILLED
1546,ES,2023-01-02 02:20:00,"{""side"": ""HOLD"", ""confidence"": null}",0.0,FILLED
1547,ES,2023-01-02 02:21:00,"{""side"": ""HOLD"", ""confidence"": null}",0.0,FILLED
1548,ES,2023-01-02 02:22:00,"{""side"": ""HOLD"", ""confidence"": null}",0.0,FILLED
1549,ES,2023-01-02 02:23:00,"{""side"": ""HOLD"", ""confidence"": null}",0.0,FILLED
1550,ES,2023-01-02 02:24:00,"{""side"": ""HOLD"", ""confidence"": null}",0.0,FILLED
1551,ES,2023-01-02 02:25:00,"{""side"": ""HOLD"", ""confidence"": null}",0.0,FILLED
1552,ES,2023-01-02 02:26:00,"{""side"": ""HOLD"", ""confidence"": null}",0.0,FILLED
1553,ES,2023-01-02 02:27:00,"{""side"": ""HOLD"", ""confidence"": null}",0.0,FILLED
1554,ES,2023-01-02 02:28:00,"{""side"": ""HOLD"", ""confidence"": null}",0.0,FILLED
1555,ES,2023-01-02 02:29:00,"{""side"": ""HOLD"", ""confidence"": null}",0.0,FILLED
1556,ES,2023-01-02 02:30:00,"{""side"": ""HOLD"", ""confidence"": null}",0.0,FILLED
1557,ES,2023-01-02 02:31:00,"{""side"": ""HOLD"", ""confidence"": null}",0.0,FILLED
1558,ES,2023-01-02 02:32:00,"{""side"": ""HOLD"", ""confidence"": null}",0.0,FILLED
1559,ES,2023-01-02 02:33:00,"{""side"": ""HOLD"", ""confidence"": null}",0.0,FILLED
1560,ES,2023-01-02 02:34:00,"{""side"": ""HOLD"", ""confidence"": null}",0.0,FILLED
1561,ES,2023-01-02 02:35:00,"{""side"": ""HOLD"", ""confidence"": null}",0.0,FILLED
1562,ES,2023-01-02 02:36:00,"{""side"": ""HOLD"", ""confidence"": null}",0.0,FILLED
1563,ES,2023-01-02 02:37:00,"{""side"": ""HOLD"", ""confidence"": null}",0.0,FILLED
1564,ES,2023-01-02 02:38:00,"{""side"": ""HOLD"", ""confidence"": null}",0.0,FILLED
1565,ES,2023-01-02 02:39:00,"{""side"": ""HOLD"", ""confidence"": null}",0.0,FILLED
1566,ES,2023-01-02 02:40:00,"{""side"": ""HOLD"", ""confidence"": null}",0.0,FILLED
1567,ES,2023-01-02 02:41:00,"{""side"": ""HOLD"", ""confidence"": null}",0.0,FILLED
1568,ES,2023-01-02 02:42:00,"{""side"": ""HOLD"", ""confidence"": null}",0.0,FILLED
1569,ES,2023-01-02 02:43:00,"{""side"": ""HOLD"", ""confidence"": null}",0.0,FILLED
1570,ES,2023-01-02 02:44:00,"{""side"": ""HOLD"", ""confidence"": null}",0.0,FILLED
1571,ES,2023-01-02 02:45:00,"{""side"": ""HOLD"", ""confidence"": null}",0.0,FILLED
1572,ES,2023-01-02 02:46:00,"{""side"": ""HOLD"", ""confidence"": null}",0.0,FILLED
1573,ES,2023-01-02 02:47:00,"{""side"": ""HOLD"", ""confidence"": null}",0.0,FILLED
1574,ES,2023-01-02 02:48:00,"{""side"": ""HOLD"", ""confidence"": null}",0.0,FILLED
1575,ES,2023-01-02 02:49:00,"{""side"": ""HOLD"", ""confidence"": null}",0.0,FILLED
1576,ES,2023-01-02 02:50:00,"{""side"": ""HOLD"", ""confidence"": null}",0.0,FILLED
1577,ES,2023-01-02 02:51:00,"{""side"": ""HOLD"", ""confidence"": null}",0.0,FILLED
1578,ES,2023-01-02 02:52:00,"{""side"": ""HOLD"", ""confidence"": null}",0.0,FILLED
1579,ES,2023-01-02 02:53:00,"{""side"": ""HOLD"", ""confidence"": null}",0.0,FILLED
1580,ES,2023-01-02 02:54:00,"{""side"": ""HOLD"", ""confidence"": null}",0.0,FILLED
1581,ES,2023-01-02 02:55:00,"{""side"": ""HOLD"", ""confidence"": null}",0.0,FILLED
1582,ES,2023-01-02 02:56:00,"{""side"": ""HOLD"", ""confidence"": null}",0.0,FILLED
1583,ES,2023-01-02 02:57:00,"{""side"": ""HOLD"", ""confidence"": null}",0.0,FILLED
1584,ES,2023-01-02 02:58:00,"{""side"": ""HOLD"", ""confidence"": null}",0.0,FILLED
1585,ES,2023-01-02 02:59:00,"{""side"": ""HOLD"", ""confidence"": null}",0.0,FILLED
1586,ES,2023-01-02 03:00:00,"{""side"": ""HOLD"", ""confidence"": null}",0.0,FILLED
1587,ES,2023-01-02 03:01:00,"{""side"": ""HOLD"", ""confidence"": null}",0.0,FILLED
1588,ES,2023-01-02 03:02:00,"{""side"": ""HOLD"", ""confidence"": null}",0.0,FILLED
1589,ES,2023-01-02 03:03:00,"{""side"": ""HOLD"", ""confidence"": null}",0.0,FILLED
1590,ES,2023-01-02 03:04:00,"{""side"": ""HOLD"", ""confidence"": null}",0.0,FILLED
1591,ES,2023-01-02 03:05:00,"{""side"": ""HOLD"", ""confidence"": null}",0.0,FILLED
1592,ES,2023-01-02 03:06:00,"{""side"": ""HOLD"", ""confidence"": null}",0.0,FILLED
1593,ES,2023-01-02 03:07:00,"{""side"": ""HOLD"", ""confidence"": null}",0.0,FILLED
1594,ES,2023-01-02 03:08:00,"{""side"": ""HOLD"", ""confidence"": null}",0.0,FILLED
1595,ES,2023-01-02 03:09:00,"{""side"": ""HOLD"", ""confidence"": null}",0.0,FILLED
1596,ES,2023-01-02 03:10:00,"{""side"": ""HOLD"", ""confidence"": null}",0.0,FILLED
1597,ES,2023-01-02 03:11:00,"{""side"": ""HOLD"", ""confidence"": null}",0.0,FILLED
1598,ES,2023-01-02 03:12:00,"{""side"": ""HOLD"", ""confidence"": null}",0.0,FILLED
1599,ES,2023-01-02 03:13:00,"{""side"": ""HOLD"", ""confidence"": null}",0.0,FILLED
1600,ES,2023-01-02 03:14:00,"{""side"": ""HOLD"", ""confidence"": null}",0.0,FILLED
1601,ES,2023-01-02 03:15:00,"{""side"": ""HOLD"", ""confidence"": null}",0.0,FILLED
1602,ES,2023-01-02 03:16:00,"{""side"": ""HOLD"", ""confidence"": null}",0.0,FILLED
1603,ES,2023-01-02 03:17:00,"{""side"": ""HOLD"", ""confidence"": null}",0.0,FILLED
1604,ES,2023-01-02 03:18:00,"{""side"": ""HOLD"", ""confidence"": null}",0.0,FILLED
1605,ES,2023-01-02 03:19:00,"{""side"": ""HOLD"", ""confidence"": null}",0.0,FILLED
1606,ES,2023-01-02 03:20:00,"{""side"": ""HOLD"", ""confidence"": null}",0.0,FILLED
1607,ES,2023-01-02 03:21:00,"{""side"": ""HOLD"", ""confidence"": null}",0.0,FILLED
1608,ES,2023-01-02 03:22:00,"{""side"": ""HOLD"", ""confidence"": null}",0.0,FILLED
1609,ES,2023-01-02 03:23:00,"{""side"": ""HOLD"", ""confidence"": null}",0.0,FILLED
1610,ES,2023-01-02 03:24:00,"{""side"": ""HOLD"", ""confidence"": null}",0.0,FILLED
1611,ES,2023-01-02 03:25:00,"{""side"": ""HOLD"", ""confidence"": null}",0.0,FILLED
1612,ES,2023-01-02 03:26:00,"{""side"": ""HOLD"", ""confidence"": null}",0.0,FILLED
1613,ES,2023-01-02 03:27:00,"{""side"": ""HOLD"", ""confidence"": null}",0.0,FILLED
1614,ES,2023-01-02 03:28:00,"{""side"": ""HOLD"", ""confidence"": null}",0.0,FILLED
1615,ES,2023-01-02 03:29:00,"{""side"": ""HOLD"", ""confidence"": null}",0.0,FILLED
1616,ES,2023-01-02 03:30:00,"{""side"": ""HOLD"", ""confidence"": null}",0.0,FILLED
1617,ES,2023-01-02 03:31:00,"{""side"": ""HOLD"", ""confidence"": null}",0.0,FILLED
1618,ES,2023-01-02 03:32:00,"{""side"": ""HOLD"", ""confidence"": null}",0.0,FILLED
1619,ES,2023-01-02 03:33:00,"{""side"": ""HOLD"", ""confidence"": null}",0.0,FILLED
1620,ES,2023-01-02 03:34:00,"{""side"": ""HOLD"", ""confidence"": null}",0.0,FILLED
1621,ES,2023-01-02 03:35:00,"{""side"": ""HOLD"", ""confidence"": null}",0.0,FILLED
1622,ES,2023-01-02 03:36:00,"{""side"": ""HOLD"", ""confidence"": null}",0.0,FILLED
1623,ES,2023-01-02 03:37:00,"{""side"": ""HOLD"", ""confidence"": null}",0.0,FILLED
1624,ES,2023-01-02 03:38:00,"{""side"": ""HOLD"", ""confidence"": null}",0.0,FILLED
1625,ES,2023-01-02 03:39:00,"{""side"": ""HOLD"", ""confidence"": null}",0.0,FILLED
1626,ES,2023-01-02 03:40:00,"{""side"": ""HOLD"", ""confidence"": null}",0.0,FILLED
1627,ES,2023-01-02 03:41:00,"{""side"": ""HOLD"", ""confidence"": null}",0.0,FILLED
1628,ES,2023-01-02 03:42:00,"{""side"": ""HOLD"", ""confidence"": null}",0.0,FILLED
1629,ES,2023-01-02 03:43:00,"{""side"": ""HOLD"", ""confidence"": null}",0.0,FILLED
1630,ES,2023-01-02 03:44:00,"{""side"": ""HOLD"", ""confidence"": null}",0.0,FILLED
1631,ES,2023-01-02 03:45:00,"{""side"": ""HOLD"", ""confidence"": null}",0.0,FILLED
1632,ES,2023-01-02 03:46:00,"{""side"": ""HOLD"", ""confidence"": null}",0.0,FILLED
1633,ES,2023-01-02 03:47:00,"{""side"": ""HOLD"", ""confidence"": null}",0.0,FILLED
1634,ES,2023-01-02 03:48:00,"{""side"": ""HOLD"", ""confidence"": null}",0.0,FILLED
1635,ES,2023-01-02 03:49:00,"{""side"": ""HOLD"", ""confidence"": null}",0.0,FILLED
1636,ES,2023-01-02 03:50:00,"{""side"": ""HOLD"", ""confidence"": null}",0.0,FILLED
1637,ES,2023-01-02 03:51:00,"{""side"": ""HOLD"", ""confidence"": null}",0.0,FILLED
1638,ES,2023-01-02 03:52:00,"{""side"": ""HOLD"", ""confidence"": null}",0.0,FILLED
1639,ES,2023-01-02 03:53:00,"{""side"": ""HOLD"", ""confidence"": null}",0.0,FILLED
1640,ES,2023-01-02 03:54:00,"{""side"": ""HOLD"", ""confidence"": null}",0.0,FILLED
1641,ES,2023-01-02 03:55:00,"{""side"": ""HOLD"", ""confidence"": null}",0.0,FILLED
1642,ES,2023-01-02 03:56:00,"{""side"": ""HOLD"", ""confidence"": null}",0.0,FILLED
1643,ES,2023-01-02 03:57:00,"{""side"": ""HOLD"", ""confidence"": null}",0.0,FILLED
1644,ES,2023-01-02 03:58:00,"{""side"": ""HOLD"", ""confidence"": null}",0.0,FILLED
1645,ES,2023-01-02 03:59:00,"{""side"": ""HOLD"", ""confidence"": null}",0.0,FILLED
1646,ES,2023-01-02 04:00:00,"{""side"": ""HOLD"", ""confidence"": null}",0.0,FILLED
1647,ES,2023-01-02 04:01:00,"{""side"": ""HOLD"", ""confidence"": null}",0.0,FILLED
1648,ES,2023-01-02 04:02:00,"{""side"": ""HOLD"", ""confidence"": null}",0.0,FILLED
1649,ES,2023-01-02 04:03:00,"{""side"": ""HOLD"", ""confidence"": null}",0.0,FILLED
1650,ES,2023-01-02 04:04:00,"{""side"": ""HOLD"", ""confidence"": null}",0.0,FILLED
1651,ES,2023-01-02 04:05:00,"{""side"": ""HOLD"", ""confidence"": null}",0.0,FILLED
1652,ES,2023-01-02 04:06:00,"{""side"": ""HOLD"", ""confidence"": null}",0.0,FILLED
1653,ES,2023-01-02 04:07:00,"{""side"": ""HOLD"", ""confidence"": null}",0.0,FILLED
1654,ES,2023-01-02 04:08:00,"{""side"": ""HOLD"", ""confidence"": null}",0.0,FILLED
1655,ES,2023-01-02 04:09:00,"{""side"": ""HOLD"", ""confidence"": null}",0.0,FILLED
1656,ES,2023-01-02 04:10:00,"{""side"": ""HOLD"", ""confidence"": null}",0.0,FILLED
1657,ES,2023-01-02 04:11:00,"{""side"": ""HOLD"", ""confidence"": null}",0.0,FILLED
1658,ES,2023-01-02 04:12:00,"{""side"": ""HOLD"", ""confidence"": null}",0.0,FILLED
1659,ES,2023-01-02 04:13:00,"{""side"": ""HOLD"", ""confidence"": null}",0.0,FILLED
1660,ES,2023-01-02 04:14:00,"{""side"": ""HOLD"", ""confidence"": null}",0.0,FILLED
1661,ES,2023-01-02 04:15:00,"{""side"": ""HOLD"", ""confidence"": null}",0.0,FILLED
1662,ES,2023-01-02 04:16:00,"{""side"": ""HOLD"", ""confidence"": null}",0.0,FILLED
1663,ES,2023-01-02 04:17:00,"{""side"": ""HOLD"", ""confidence"": null}",0.0,FILLED
1664,ES,2023-01-02 04:18:00,"{""side"": ""HOLD"", ""confidence"": null}",0.0,FILLED
1665,ES,2023-01-02 04:19:00,"{""side"": ""HOLD"", ""confidence"": null}",0.0,FILLED
1666,ES,2023-01-02 04:20:00,"{""side"": ""HOLD"", ""confidence"": null}",0.0,FILLED
1667,ES,2023-01-02 04:21:00,"{""side"": ""HOLD"", ""confidence"": null}",0.0,FILLED
1668,ES,2023-01-02 04:22:00,"{""side"": ""HOLD"", ""confidence"": null}",0.0,FILLED
1669,ES,2023-01-02 04:23:00,"{""side"": ""HOLD"", ""confidence"": null}",0.0,FILLED
1670,ES,2023-01-02 04:24:00,"{""side"": ""HOLD"", ""confidence"": null}",0.0,FILLED
1671,ES,2023-01-02 04:25:00,"{""side"": ""HOLD"", ""confidence"": null}",0.0,FILLED
1672,ES,2023-01-02 04:26:00,"{""side"": ""HOLD"", ""confidence"": null}",0.0,FILLED
1673,ES,2023-01-02 04:27:00,"{""side"": ""HOLD"", ""confidence"": null}",0.0,FILLED
1674,ES,2023-01-02 04:28:00,"{""side"": ""HOLD"", ""confidence"": null}",0.0,FILLED
1675,ES,2023-01-02 04:29:00,"{""side"": ""HOLD"", ""confidence"": null}",0.0,FILLED
1676,ES,2023-01-02 04:30:00,"{""side"": ""HOLD"", ""confidence"": null}",0.0,FILLED
1677,ES,2023-01-02 04:31:00,"{""side"": ""HOLD"", ""confidence"": null}",0.0,FILLED
1678,ES,2023-01-02 04:32:00,"{""side"": ""HOLD"", ""confidence"": null}",0.0,FILLED
1679,ES,2023-01-02 04:33:00,"{""side"": ""HOLD"", ""confidence"": null}",0.0,FILLED
1680,ES,2023-01-02 04:34:00,"{""side"": ""HOLD"", ""confidence"": null}",0.0,FILLED
1681,ES,2023-01-02 04:35:00,"{""side"": ""HOLD"", ""confidence"": null}",0.0,FILLED
1682,ES,2023-01-02 04:36:00,"{""side"": ""HOLD"", ""confidence"": null}",0.0,FILLED
1683,ES,2023-01-02 04:37:00,"{""side"": ""HOLD"", ""confidence"": null}",0.0,FILLED
1684,ES,2023-01-02 04:38:00,"{""side"": ""HOLD"", ""confidence"": null}",0.0,FILLED
1685,ES,2023-01-02 04:39:00,"{""side"": ""HOLD"", ""confidence"": null}",0.0,FILLED
1686,ES,2023-01-02 04:40:00,"{""side"": ""HOLD"", ""confidence"": null}",0.0,FILLED
1687,ES,2023-01-02 04:41:00,"{""side"": ""HOLD"", ""confidence"": null}",0.0,FILLED
1688,ES,2023-01-02 04:42:00,"{""side"": ""HOLD"", ""confidence"": null}",0.0,FILLED
1689,ES,2023-01-02 04:43:00,"{""side"": ""HOLD"", ""confidence"": null}",0.0,FILLED
1690,ES,2023-01-02 04:44:00,"{""side"": ""HOLD"", ""confidence"": null}",0.0,FILLED
1691,ES,2023-01-02 04:45:00,"{""side"": ""HOLD"", ""confidence"": null}",0.0,FILLED
1692,ES,2023-01-02 04:46:00,"{""side"": ""HOLD"", ""confidence"": null}",0.0,FILLED
1693,ES,2023-01-02 04:47:00,"{""side"": ""HOLD"", ""confidence"": null}",0.0,FILLED
1694,ES,2023-01-02 04:48:00,"{""side"": ""HOLD"", ""confidence"": null}",0.0,FILLED
1695,ES,2023-01-02 04:49:00,"{""side"": ""HOLD"", ""confidence"": null}",0.0,FILLED
1696,ES,2023-01-02 04:50:00,"{""side"": ""HOLD"", ""confidence"": null}",0.0,FILLED
1697,ES,2023-01-02 04:51:00,"{""side"": ""HOLD"", ""confidence"": null}",0.0,FILLED
1698,ES,2023-01-02 04:52:00,"{""side"": ""HOLD"", ""confidence"": null}",0.0,FILLED
1699,ES,2023-01-02 04:53:00,"{""side"": ""HOLD"", ""confidence"": null}",0.0,FILLED
1700,ES,2023-01-02 04:54:00,"{""side"": ""HOLD"", ""confidence"": null}",0.0,FILLED
1701,ES,2023-01-02 04:55:00,"{""side"": ""HOLD"", ""confidence"": null}",0.0,FILLED
1702,ES,2023-01-02 04:56:00,"{""side"": ""HOLD"", ""confidence"": null}",0.0,FILLED
1703,ES,2023-01-02 04:57:00,"{""side"": ""HOLD"", ""confidence"": null}",0.0,FILLED
1704,ES,2023-01-02 04:58:00,"{""side"": ""HOLD"", ""confidence"": null}",0.0,FILLED
1705,ES,2023-01-02 04:59:00,"{""side"": ""HOLD"", ""confidence"": null}",0.0,FILLED
1706,ES,2023-01-02 05:00:00,"{""side"": ""HOLD"", ""confidence"": null}",0.0,FILLED
1707,ES,2023-01-02 05:01:00,"{""side"": ""HOLD"", ""confidence"": null}",0.0,FILLED
1708,ES,2023-01-02 05:02:00,"{""side"": ""HOLD"", ""confidence"": null}",0.0,FILLED
1709,ES,2023-01-02 05:03:00,"{""side"": ""HOLD"", ""confidence"": null}",0.0,FILLED
1710,ES,2023-01-02 05:04:00,"{""side"": ""HOLD"", ""confidence"": null}",0.0,FILLED
1711,ES,2023-01-02 05:05:00,"{""side"": ""HOLD"", ""confidence"": null}",0.0,FILLED
1712,ES,2023-01-02 05:06:00,"{""side"": ""HOLD"", ""confidence"": null}",0.0,FILLED
1713,ES,2023-01-02 05:07:00,"{""side"": ""HOLD"", ""confidence"": null}",0.0,FILLED
1714,ES,2023-01-02 05:08:00,"{""side"": ""HOLD"", ""confidence"": null}",0.0,FILLED
1715,ES,2023-01-02 05:09:00,"{""side"": ""HOLD"", ""confidence"": null}",0.0,FILLED
1716,ES,2023-01-02 05:10:00,"{""side"": ""HOLD"", ""confidence"": null}",0.0,FILLED
1717,ES,2023-01-02 05:11:00,"{""side"": ""HOLD"", ""confidence"": null}",0.0,FILLED
1718,ES,2023-01-02 05:12:00,"{""side"": ""HOLD"", ""confidence"": null}",0.0,FILLED
1719,ES,2023-01-02 05:13:00,"{""side"": ""HOLD"", ""confidence"": null}",0.0,FILLED
1720,ES,2023-01-02 05:14:00,"{""side"": ""HOLD"", ""confidence"": null}",0.0,FILLED
1721,ES,2023-01-02 05:15:00,"{""side"": ""HOLD"", ""confidence"": null}",0.0,FILLED
1722,ES,2023-01-02 05:16:00,"{""side"": ""HOLD"", ""confidence"": null}",0.0,FILLED
1723,ES,2023-01-02 05:17:00,"{""side"": ""HOLD"", ""confidence"": null}",0.0,FILLED
1724,ES,2023-01-02 05:18:00,"{""side"": ""HOLD"", ""confidence"": null}",0.0,FILLED
1725,ES,2023-01-02 05:19:00,"{""side"": ""HOLD"", ""confidence"": null}",0.0,FILLED
1726,ES,2023-01-02 05:20:00,"{""side"": ""HOLD"", ""confidence"": null}",0.0,FILLED
1727,ES,2023-01-02 05:21:00,"{""side"": ""HOLD"", ""confidence"": null}",0.0,FILLED
1728,ES,2023-01-02 05:22:00,"{""side"": ""HOLD"", ""confidence"": null}",0.0,FILLED
1729,ES,2023-01-02 05:23:00,"{""side"": ""HOLD"", ""confidence"": null}",0.0,FILLED
1730,ES,2023-01-02 05:24:00,"{""side"": ""HOLD"", ""confidence"": null}",0.0,FILLED
1731,ES,2023-01-02 05:25:00,"{""side"": ""HOLD"", ""confidence"": null}",0.0,FILLED
1732,ES,2023-01-02 05:26:00,"{""side"": ""HOLD"", ""confidence"": null}",0.0,FILLED
1733,ES,2023-01-02 05:27:00,"{""side"": ""HOLD"", ""confidence"": null}",0.0,FILLED
1734,ES,2023-01-02 05:28:00,"{""side"": ""HOLD"", ""confidence"": null}",0.0,FILLED
1735,ES,2023-01-02 05:29:00,"{""side"": ""HOLD"", ""confidence"": null}",0.0,FILLED
1736,ES,2023-01-02 05:30:00,"{""side"": ""HOLD"", ""confidence"": null}",0.0,FILLED
1737,ES,2023-01-02 05:31:00,"{""side"": ""HOLD"", ""confidence"": null}",0.0,FILLED
1738,ES,2023-01-02 05:32:00,"{""side"": ""HOLD"", ""confidence"": null}",0.0,FILLED
1739,ES,2023-01-02 05:33:00,"{""side"": ""HOLD"", ""confidence"": null}",0.0,FILLED
1740,ES,2023-01-02 05:34:00,"{""side"": ""HOLD"", ""confidence"": null}",0.0,FILLED
1741,ES,2023-01-02 05:35:00,"{""side"": ""HOLD"", ""confidence"": null}",0.0,FILLED
1742,ES,2023-01-02 05:36:00,"{""side"": ""HOLD"", ""confidence"": null}",0.0,FILLED
1743,ES,2023-01-02 05:37:00,"{""side"": ""HOLD"", ""confidence"": null}",0.0,FILLED
1744,ES,2023-01-02 05:38:00,"{""side"": ""HOLD"", ""confidence"": null}",0.0,FILLED
1745,ES,2023-01-02 05:39:00,"{""side"": ""HOLD"", ""confidence"": null}",0.0,FILLED
1746,ES,2023-01-02 05:40:00,"{""side"": ""HOLD"", ""confidence"": null}",0.0,FILLED
1747,ES,2023-01-02 05:41:00,"{""side"": ""HOLD"", ""confidence"": null}",0.0,FILLED
1748,ES,2023-01-02 05:42:00,"{""side"": ""HOLD"", ""confidence"": null}",0.0,FILLED
1749,ES,2023-01-02 05:43:00,"{""side"": ""HOLD"", ""confidence"": null}",0.0,FILLED
1750,ES,2023-01-02 05:44:00,"{""side"": ""HOLD"", ""confidence"": null}",0.0,FILLED
1751,ES,2023-01-02 05:45:00,"{""side"": ""HOLD"", ""confidence"": null}",0.0,FILLED
1752,ES,2023-01-02 05:46:00,"{""side"": ""HOLD"", ""confidence"": null}",0.0,FILLED
1753,ES,2023-01-02 05:47:00,"{""side"": ""HOLD"", ""confidence"": null}",0.0,FILLED
1754,ES,2023-01-02 05:48:00,"{""side"": ""HOLD"", ""confidence"": null}",0.0,FILLED
1755,ES,2023-01-02 05:49:00,"{""side"": ""HOLD"", ""confidence"": null}",0.0,FILLED
1756,ES,2023-01-02 05:50:00,"{""side"": ""HOLD"", ""confidence"": null}",0.0,FILLED
1757,ES,2023-01-02 05:51:00,"{""side"": ""HOLD"", ""confidence"": null}",0.0,FILLED
1758,ES,2023-01-02 05:52:00,"{""side"": ""HOLD"", ""confidence"": null}",0.0,FILLED
1759,ES,2023-01-02 05:53:00,"{""side"": ""HOLD"", ""confidence"": null}",0.0,FILLED
1760,ES,2023-01-02 05:54:00,"{""side"": ""HOLD"", ""confidence"": null}",0.0,FILLED
1761,ES,2023-01-02 05:55:00,"{""side"": ""HOLD"", ""confidence"": null}",0.0,FILLED
1762,ES,2023-01-02 05:56:00,"{""side"": ""HOLD"", ""confidence"": null}",0.0,FILLED
1763,ES,2023-01-02 05:57:00,"{""side"": ""HOLD"", ""confidence"": null}",0.0,FILLED
1764,ES,2023-01-02 05:58:00,"{""side"": ""HOLD"", ""confidence"": null}",0.0,FILLED
1765,ES,2023-01-02 05:59:00,"{""side"": ""HOLD"", ""confidence"": null}",0.0,FILLED
1766,ES,2023-01-02 06:00:00,"{""side"": ""HOLD"", ""confidence"": null}",0.0,FILLED
1767,ES,2023-01-02 06:01:00,"{""side"": ""HOLD"", ""confidence"": null}",0.0,FILLED
1768,ES,2023-01-02 06:02:00,"{""side"": ""HOLD"", ""confidence"": null}",0.0,FILLED
1769,ES,2023-01-02 06:03:00,"{""side"": ""HOLD"", ""confidence"": null}",0.0,FILLED
1770,ES,2023-01-02 06:04:00,"{""side"": ""HOLD"", ""confidence"": null}",0.0,FILLED
1771,ES,2023-01-02 06:05:00,"{""side"": ""HOLD"", ""confidence"": null}",0.0,FILLED
1772,ES,2023-01-02 06:06:00,"{""side"": ""HOLD"", ""confidence"": null}",0.0,FILLED
1773,ES,2023-01-02 06:07:00,"{""side"": ""HOLD"", ""confidence"": null}",0.0,FILLED
1774,ES,2023-01-02 06:08:00,"{""side"": ""HOLD"", ""confidence"": null}",0.0,FILLED
1775,ES,2023-01-02 06:09:00,"{""side"": ""HOLD"", ""confidence"": null}",0.0,FILLED
1776,ES,2023-01-02 06:10:00,"{""side"": ""HOLD"", ""confidence"": null}",0.0,FILLED
1777,ES,2023-01-02 06:11:00,"{""side"": ""HOLD"", ""confidence"": null}",0.0,FILLED
1778,ES,2023-01-02 06:12:00,"{""side"": ""HOLD"", ""confidence"": null}",0.0,FILLED
1779,ES,2023-01-02 06:13:00,"{""side"": ""HOLD"", ""confidence"": null}",0.0,FILLED
1780,ES,2023-01-02 06:14:00,"{""side"": ""HOLD"", ""confidence"": null}",0.0,FILLED
1781,ES,2023-01-02 06:15:00,"{""side"": ""HOLD"", ""confidence"": null}",0.0,FILLED
1782,ES,2023-01-02 06:16:00,"{""side"": ""HOLD"", ""confidence"": null}",0.0,FILLED
1783,ES,2023-01-02 06:17:00,"{""side"": ""HOLD"", ""confidence"": null}",0.0,FILLED
1784,ES,2023-01-02 06:18:00,"{""side"": ""HOLD"", ""confidence"": null}",0.0,FILLED
1785,ES,2023-01-02 06:19:00,"{""side"": ""HOLD"", ""confidence"": null}",0.0,FILLED
1786,ES,2023-01-02 06:20:00,"{""side"": ""HOLD"", ""confidence"": null}",0.0,FILLED
1787,ES,2023-01-02 06:21:00,"{""side"": ""HOLD"", ""confidence"": null}",0.0,FILLED
1788,ES,2023-01-02 06:22:00,"{""side"": ""HOLD"", ""confidence"": null}",0.0,FILLED
1789,ES,2023-01-02 06:23:00,"{""side"": ""HOLD"", ""confidence"": null}",0.0,FILLED
1790,ES,2023-01-02 06:24:00,"{""side"": ""HOLD"", ""confidence"": null}",0.0,FILLED
1791,ES,2023-01-02 06:25:00,"{""side"": ""HOLD"", ""confidence"": null}",0.0,FILLED
1792,ES,2023-01-02 06:26:00,"{""side"": ""HOLD"", ""confidence"": null}",0.0,FILLED
1793,ES,2023-01-02 06:27:00,"{""side"": ""HOLD"", ""confidence"": null}",0.0,FILLED
1794,ES,2023-01-02 06:28:00,"{""side"": ""HOLD"", ""confidence"": null}",0.0,FILLED
1795,ES,2023-01-02 06:29:00,"{""side"": ""HOLD"", ""confidence"": null}",0.0,FILLED
1796,ES,2023-01-02 06:30:00,"{""side"": ""HOLD"", ""confidence"": null}",0.0,FILLED
1797,ES,2023-01-02 06:31:00,"{""side"": ""HOLD"", ""confidence"": null}",0.0,FILLED
1798,ES,2023-01-02 06:32:00,"{""side"": ""HOLD"", ""confidence"": null}",0.0,FILLED
1799,ES,2023-01-02 06:33:00,"{""side"": ""HOLD"", ""confidence"": null}",0.0,FILLED
1800,ES,2023-01-02 06:34:00,"{""side"": ""HOLD"", ""confidence"": null}",0.0,FILLED
1801,ES,2023-01-02 06:35:00,"{""side"": ""HOLD"", ""confidence"": null}",0.0,FILLED
1802,ES,2023-01-02 06:36:00,"{""side"": ""HOLD"", ""confidence"": null}",0.0,FILLED
1803,ES,2023-01-02 06:37:00,"{""side"": ""HOLD"", ""confidence"": null}",0.0,FILLED
1804,ES,2023-01-02 06:38:00,"{""side"": ""HOLD"", ""confidence"": null}",0.0,FILLED
1805,ES,2023-01-02 06:39:00,"{""side"": ""HOLD"", ""confidence"": null}",0.0,FILLED
1806,ES,2023-01-02 06:40:00,"{""side"": ""HOLD"", ""confidence"": null}",0.0,FILLED
1807,ES,2023-01-02 06:41:00,"{""side"": ""HOLD"", ""confidence"": null}",0.0,FILLED
1808,ES,2023-01-02 06:42:00,"{""side"": ""HOLD"", ""confidence"": null}",0.0,FILLED
1809,ES,2023-01-02 06:43:00,"{""side"": ""HOLD"", ""confidence"": null}",0.0,FILLED
1810,ES,2023-01-02 06:44:00,"{""side"": ""HOLD"", ""confidence"": null}",0.0,FILLED
1811,ES,2023-01-02 06:45:00,"{""side"": ""HOLD"", ""confidence"": null}",0.0,FILLED
1812,ES,2023-01-02 06:46:00,"{""side"": ""HOLD"", ""confidence"": null}",0.0,FILLED
1813,ES,2023-01-02 06:47:00,"{""side"": ""HOLD"", ""confidence"": null}",0.0,FILLED
1814,ES,2023-01-02 06:48:00,"{""side"": ""HOLD"", ""confidence"": null}",0.0,FILLED
1815,ES,2023-01-02 06:49:00,"{""side"": ""HOLD"", ""confidence"": null}",0.0,FILLED
1816,ES,2023-01-02 06:50:00,"{""side"": ""HOLD"", ""confidence"": null}",0.0,FILLED
1817,ES,2023-01-02 06:51:00,"{""side"": ""HOLD"", ""confidence"": null}",0.0,FILLED
1818,ES,2023-01-02 06:52:00,"{""side"": ""HOLD"", ""confidence"": null}",0.0,FILLED
1819,ES,2023-01-02 06:53:00,"{""side"": ""HOLD"", ""confidence"": null}",0.0,FILLED
1820,ES,2023-01-02 06:54:00,"{""side"": ""HOLD"", ""confidence"": null}",0.0,FILLED
1821,ES,2023-01-02 06:55:00,"{""side"": ""HOLD"", ""confidence"": null}",0.0,FILLED
1822,ES,2023-01-02 06:56:00,"{""side"": ""HOLD"", ""confidence"": null}",0.0,FILLED
1823,ES,2023-01-02 06:57:00,"{""side"": ""HOLD"", ""confidence"": null}",0.0,FILLED
1824,ES,2023-01-02 06:58:00,"{""side"": ""HOLD"", ""confidence"": null}",0.0,FILLED
1825,ES,2023-01-02 06:59:00,"{""side"": ""HOLD"", ""confidence"": null}",0.0,FILLED
1826,ES,2023-01-02 07:00:00,"{""side"": ""HOLD"", ""confidence"": null}",0.0,FILLED
1827,ES,2023-01-02 07:01:00,"{""side"": ""HOLD"", ""confidence"": null}",0.0,FILLED
1828,ES,2023-01-02 07:02:00,"{""side"": ""HOLD"", ""confidence"": null}",0.0,FILLED
1829,ES,2023-01-02 07:03:00,"{""side"": ""HOLD"", ""confidence"": null}",0.0,FILLED
1830,ES,2023-01-02 07:04:00,"{""side"": ""HOLD"", ""confidence"": null}",0.0,FILLED
1831,ES,2023-01-02 07:05:00,"{""side"": ""HOLD"", ""confidence"": null}",0.0,FILLED
1832,ES,2023-01-02 07:06:00,"{""side"": ""HOLD"", ""confidence"": null}",0.0,FILLED
1833,ES,2023-01-02 07:07:00,"{""side"": ""HOLD"", ""confidence"": null}",0.0,FILLED
1834,ES,2023-01-02 07:08:00,"{""side"": ""HOLD"", ""confidence"": null}",0.0,FILLED
1835,ES,2023-01-02 07:09:00,"{""side"": ""HOLD"", ""confidence"": null}",0.0,FILLED
1836,ES,2023-01-02 07:10:00,"{""side"": ""HOLD"", ""confidence"": null}",0.0,FILLED
1837,ES,2023-01-02 07:11:00,"{""side"": ""HOLD"", ""confidence"": null}",0.0,FILLED
1838,ES,2023-01-02 07:12:00,"{""side"": ""HOLD"", ""confidence"": null}",0.0,FILLED
1839,ES,2023-01-02 07:13:00,"{""side"": ""HOLD"", ""confidence"": null}",0.0,FILLED
1840,ES,2023-01-02 07:14:00,"{""side"": ""HOLD"", ""confidence"": null}",0.0,FILLED
1841,ES,2023-01-02 07:15:00,"{""side"": ""HOLD"", ""confidence"": null}",0.0,FILLED
1842,ES,2023-01-02 07:16:00,"{""side"": ""HOLD"", ""confidence"": null}",0.0,FILLED
1843,ES,2023-01-02 07:17:00,"{""side"": ""HOLD"", ""confidence"": null}",0.0,FILLED
1844,ES,2023-01-02 07:18:00,"{""side"": ""HOLD"", ""confidence"": null}",0.0,FILLED
1845,ES,2023-01-02 07:19:00,"{""side"": ""HOLD"", ""confidence"": null}",0.0,FILLED
1846,ES,2023-01-02 07:20:00,"{""side"": ""HOLD"", ""confidence"": null}",0.0,FILLED
1847,ES,2023-01-02 07:21:00,"{""side"": ""HOLD"", ""confidence"": null}",0.0,FILLED
1848,ES,2023-01-02 07:22:00,"{""side"": ""HOLD"", ""confidence"": null}",0.0,FILLED
1849,ES,2023-01-02 07:23:00,"{""side"": ""HOLD"", ""confidence"": null}",0.0,FILLED
1850,ES,2023-01-02 07:24:00,"{""side"": ""HOLD"", ""confidence"": null}",0.0,FILLED
1851,ES,2023-01-02 07:25:00,"{""side"": ""HOLD"", ""confidence"": null}",0.0,FILLED
1852,ES,2023-01-02 07:26:00,"{""side"": ""HOLD"", ""confidence"": null}",0.0,FILLED
1853,ES,2023-01-02 07:27:00,"{""side"": ""HOLD"", ""confidence"": null}",0.0,FILLED
1854,ES,2023-01-02 07:28:00,"{""side"": ""HOLD"", ""confidence"": null}",0.0,FILLED
1855,ES,2023-01-02 07:29:00,"{""side"": ""HOLD"", ""confidence"": null}",0.0,FILLED
1856,ES,2023-01-02 07:30:00,"{""side"": ""HOLD"", ""confidence"": null}",0.0,FILLED
1857,ES,2023-01-02 07:31:00,"{""side"": ""HOLD"", ""confidence"": null}",0.0,FILLED
1858,ES,2023-01-02 07:32:00,"{""side"": ""HOLD"", ""confidence"": null}",0.0,FILLED
1859,ES,2023-01-02 07:33:00,"{""side"": ""HOLD"", ""confidence"": null}",0.0,FILLED
1860,ES,2023-01-02 07:34:00,"{""side"": ""HOLD"", ""confidence"": null}",0.0,FILLED
1861,ES,2023-01-02 07:35:00,"{""side"": ""HOLD"", ""confidence"": null}",0.0,FILLED
1862,ES,2023-01-02 07:36:00,"{""side"": ""HOLD"", ""confidence"": null}",0.0,FILLED
1863,ES,2023-01-02 07:37:00,"{""side"": ""HOLD"", ""confidence"": null}",0.0,FILLED
1864,ES,2023-01-02 07:38:00,"{""side"": ""HOLD"", ""confidence"": null}",0.0,FILLED
1865,ES,2023-01-02 07:39:00,"{""side"": ""HOLD"", ""confidence"": null}",0.0,FILLED
1866,ES,2023-01-02 07:40:00,"{""side"": ""HOLD"", ""confidence"": null}",0.0,FILLED
1867,ES,2023-01-02 07:41:00,"{""side"": ""HOLD"", ""confidence"": null}",0.0,FILLED
1868,ES,2023-01-02 07:42:00,"{""side"": ""HOLD"", ""confidence"": null}",0.0,FILLED
1869,ES,2023-01-02 07:43:00,"{""side"": ""HOLD"", ""confidence"": null}",0.0,FILLED
1870,ES,2023-01-02 07:44:00,"{""side"": ""HOLD"", ""confidence"": null}",0.0,FILLED
1871,ES,2023-01-02 07:45:00,"{""side"": ""HOLD"", ""confidence"": null}",0.0,FILLED
1872,ES,2023-01-02 07:46:00,"{""side"": ""HOLD"", ""confidence"": null}",0.0,FILLED
1873,ES,2023-01-02 07:47:00,"{""side"": ""HOLD"", ""confidence"": null}",0.0,FILLED
1874,ES,2023-01-02 07:48:00,"{""side"": ""HOLD"", ""confidence"": null}",0.0,FILLED
1875,ES,2023-01-02 07:49:00,"{""side"": ""HOLD"", ""confidence"": null}",0.0,FILLED
1876,ES,2023-01-02 07:50:00,"{""side"": ""HOLD"", ""confidence"": null}",0.0,FILLED
1877,ES,2023-01-02 07:51:00,"{""side"": ""HOLD"", ""confidence"": null}",0.0,FILLED
1878,ES,2023-01-02 07:52:00,"{""side"": ""HOLD"", ""confidence"": null}",0.0,FILLED
1879,ES,2023-01-02 07:53:00,"{""side"": ""HOLD"", ""confidence"": null}",0.0,FILLED
1880,ES,2023-01-02 07:54:00,"{""side"": ""HOLD"", ""confidence"": null}",0.0,FILLED
1881,ES,2023-01-02 07:55:00,"{""side"": ""HOLD"", ""confidence"": null}",0.0,FILLED
1882,ES,2023-01-02 07:56:00,"{""side"": ""HOLD"", ""confidence"": null}",0.0,FILLED
1883,ES,2023-01-02 07:57:00,"{""side"": ""HOLD"", ""confidence"": null}",0.0,FILLED
1884,ES,2023-01-02 07:58:00,"{""side"": ""HOLD"", ""confidence"": null}",0.0,FILLED
1885,ES,2023-01-02 07:59:00,"{""side"": ""HOLD"", ""confidence"": null}",0.0,FILLED
1886,ES,2023-01-02 08:00:00,"{""side"": ""HOLD"", ""confidence"": null}",0.0,FILLED
1887,ES,2023-01-02 08:01:00,"{""side"": ""HOLD"", ""confidence"": null}",0.0,FILLED
1888,ES,2023-01-02 08:02:00,"{""side"": ""HOLD"", ""confidence"": null}",0.0,FILLED
1889,ES,2023-01-02 08:03:00,"{""side"": ""HOLD"", ""confidence"": null}",0.0,FILLED
1890,ES,2023-01-02 08:04:00,"{""side"": ""HOLD"", ""confidence"": null}",0.0,FILLED
1891,ES,2023-01-02 08:05:00,"{""side"": ""HOLD"", ""confidence"": null}",0.0,FILLED
1892,ES,2023-01-02 08:06:00,"{""side"": ""HOLD"", ""confidence"": null}",0.0,FILLED
1893,ES,2023-01-02 08:07:00,"{""side"": ""HOLD"", ""confidence"": null}",0.0,FILLED
1894,ES,2023-01-02 08:08:00,"{""side"": ""HOLD"", ""confidence"": null}",0.0,FILLED
1895,ES,2023-01-02 08:09:00,"{""side"": ""HOLD"", ""confidence"": null}",0.0,FILLED
1896,ES,2023-01-02 08:10:00,"{""side"": ""HOLD"", ""confidence"": null}",0.0,FILLED
1897,ES,2023-01-02 08:11:00,"{""side"": ""HOLD"", ""confidence"": null}",0.0,FILLED
1898,ES,2023-01-02 08:12:00,"{""side"": ""HOLD"", ""confidence"": null}",0.0,FILLED
1899,ES,2023-01-02 08:13:00,"{""side"": ""HOLD"", ""confidence"": null}",0.0,FILLED
1900,ES,2023-01-02 08:14:00,"{""side"": ""HOLD"", ""confidence"": null}",0.0,FILLED
1901,ES,2023-01-02 08:15:00,"{""side"": ""HOLD"", ""confidence"": null}",0.0,FILLED
1902,ES,2023-01-02 08:16:00,"{""side"": ""HOLD"", ""confidence"": null}",0.0,FILLED
1903,ES,2023-01-02 08:17:00,"{""side"": ""HOLD"", ""confidence"": null}",0.0,FILLED
1904,ES,2023-01-02 08:18:00,"{""side"": ""HOLD"", ""confidence"": null}",0.0,FILLED
1905,ES,2023-01-02 08:19:00,"{""side"": ""HOLD"", ""confidence"": null}",0.0,FILLED
1906,ES,2023-01-02 08:20:00,"{""side"": ""HOLD"", ""confidence"": null}",0.0,FILLED
1907,ES,2023-01-02 08:21:00,"{""side"": ""HOLD"", ""confidence"": null}",0.0,FILLED
1908,ES,2023-01-02 08:22:00,"{""side"": ""HOLD"", ""confidence"": null}",0.0,FILLED
1909,ES,2023-01-02 08:23:00,"{""side"": ""HOLD"", ""confidence"": null}",0.0,FILLED
1910,ES,2023-01-02 08:24:00,"{""side"": ""HOLD"", ""confidence"": null}",0.0,FILLED
1911,ES,2023-01-02 08:25:00,"{""side"": ""HOLD"", ""confidence"": null}",0.0,FILLED
1912,ES,2023-01-02 08:26:00,"{""side"": ""HOLD"", ""confidence"": null}",0.0,FILLED
1913,ES,2023-01-02 08:27:00,"{""side"": ""HOLD"", ""confidence"": null}",0.0,FILLED
1914,ES,2023-01-02 08:28:00,"{""side"": ""HOLD"", ""confidence"": null}",0.0,FILLED
1915,ES,2023-01-02 08:29:00,"{""side"": ""HOLD"", ""confidence"": null}",0.0,FILLED
1916,ES,2023-01-02 08:30:00,"{""side"": ""HOLD"", ""confidence"": null}",0.0,FILLED
1917,ES,2023-01-02 08:31:00,"{""side"": ""HOLD"", ""confidence"": null}",0.0,FILLED
1918,ES,2023-01-02 08:32:00,"{""side"": ""HOLD"", ""confidence"": null}",0.0,FILLED
1919,ES,2023-01-02 08:33:00,"{""side"": ""HOLD"", ""confidence"": null}",0.0,FILLED
1920,ES,2023-01-02 08:34:00,"{""side"": ""HOLD"", ""confidence"": null}",0.0,FILLED
1921,ES,2023-01-02 08:35:00,"{""side"": ""HOLD"", ""confidence"": null}",0.0,FILLED
1922,ES,2023-01-02 08:36:00,"{""side"": ""HOLD"", ""confidence"": null}",0.0,FILLED
1923,ES,2023-01-02 08:37:00,"{""side"": ""HOLD"", ""confidence"": null}",0.0,FILLED
1924,ES,2023-01-02 08:38:00,"{""side"": ""HOLD"", ""confidence"": null}",0.0,FILLED
1925,ES,2023-01-02 08:39:00,"{""side"": ""HOLD"", ""confidence"": null}",0.0,FILLED
1926,ES,2023-01-02 08:40:00,"{""side"": ""HOLD"", ""confidence"": null}",0.0,FILLED
1927,ES,2023-01-02 08:41:00,"{""side"": ""HOLD"", ""confidence"": null}",0.0,FILLED
1928,ES,2023-01-02 08:42:00,"{""side"": ""HOLD"", ""confidence"": null}",0.0,FILLED
1929,ES,2023-01-02 08:43:00,"{""side"": ""HOLD"", ""confidence"": null}",0.0,FILLED
1930,ES,2023-01-02 08:44:00,"{""side"": ""HOLD"", ""confidence"": null}",0.0,FILLED
1931,ES,2023-01-02 08:45:00,"{""side"": ""HOLD"", ""confidence"": null}",0.0,FILLED
1932,ES,2023-01-02 08:46:00,"{""side"": ""HOLD"", ""confidence"": null}",0.0,FILLED
1933,ES,2023-01-02 08:47:00,"{""side"": ""HOLD"", ""confidence"": null}",0.0,FILLED
1934,ES,2023-01-02 08:48:00,"{""side"": ""HOLD"", ""confidence"": null}",0.0,FILLED
1935,ES,2023-01-02 08:49:00,"{""side"": ""HOLD"", ""confidence"": null}",0.0,FILLED
1936,ES,2023-01-02 08:50:00,"{""side"": ""HOLD"", ""confidence"": null}",0.0,FILLED
1937,ES,2023-01-02 08:51:00,"{""side"": ""HOLD"", ""confidence"": null}",0.0,FILLED
1938,ES,2023-01-02 08:52:00,"{""side"": ""HOLD"", ""confidence"": null}",0.0,FILLED
1939,ES,2023-01-02 08:53:00,"{""side"": ""HOLD"", ""confidence"": null}",0.0,FILLED
1940,ES,2023-01-02 08:54:00,"{""side"": ""HOLD"", ""confidence"": null}",0.0,FILLED
1941,ES,2023-01-02 08:55:00,"{""side"": ""HOLD"", ""confidence"": null}",0.0,FILLED
1942,ES,2023-01-02 08:56:00,"{""side"": ""HOLD"", ""confidence"": null}",0.0,FILLED
1943,ES,2023-01-02 08:57:00,"{""side"": ""HOLD"", ""confidence"": null}",0.0,FILLED
1944,ES,2023-01-02 08:58:00,"{""side"": ""HOLD"", ""confidence"": null}",0.0,FILLED
1945,ES,2023-01-02 08:59:00,"{""side"": ""HOLD"", ""confidence"": null}",0.0,FILLED
1946,ES,2023-01-02 09:00:00,"{""side"": ""HOLD"", ""confidence"": null}",0.0,FILLED
1947,ES,2023-01-02 09:01:00,"{""side"": ""HOLD"", ""confidence"": null}",0.0,FILLED
1948,ES,2023-01-02 09:02:00,"{""side"": ""HOLD"", ""confidence"": null}",0.0,FILLED
1949,ES,2023-01-02 09:03:00,"{""side"": ""HOLD"", ""confidence"": null}",0.0,FILLED
1950,ES,2023-01-02 09:04:00,"{""side"": ""HOLD"", ""confidence"": null}",0.0,FILLED
1951,ES,2023-01-02 09:05:00,"{""side"": ""HOLD"", ""confidence"": null}",0.0,FILLED
1952,ES,2023-01-02 09:06:00,"{""side"": ""HOLD"", ""confidence"": null}",0.0,FILLED
1953,ES,2023-01-02 09:07:00,"{""side"": ""HOLD"", ""confidence"": null}",0.0,FILLED
1954,ES,2023-01-02 09:08:00,"{""side"": ""HOLD"", ""confidence"": null}",0.0,FILLED
1955,ES,2023-01-02 09:09:00,"{""side"": ""HOLD"", ""confidence"": null}",0.0,FILLED
1956,ES,2023-01-02 09:10:00,"{""side"": ""HOLD"", ""confidence"": null}",0.0,FILLED
1957,ES,2023-01-02 09:11:00,"{""side"": ""HOLD"", ""confidence"": null}",0.0,FILLED
1958,ES,2023-01-02 09:12:00,"{""side"": ""HOLD"", ""confidence"": null}",0.0,FILLED
1959,ES,2023-01-02 09:13:00,"{""side"": ""HOLD"", ""confidence"": null}",0.0,FILLED
1960,ES,2023-01-02 09:14:00,"{""side"": ""HOLD"", ""confidence"": null}",0.0,FILLED
1961,ES,2023-01-02 09:15:00,"{""side"": ""HOLD"", ""confidence"": null}",0.0,FILLED
1962,ES,2023-01-02 09:16:00,"{""side"": ""HOLD"", ""confidence"": null}",0.0,FILLED
1963,ES,2023-01-02 09:17:00,"{""side"": ""HOLD"", ""confidence"": null}",0.0,FILLED
1964,ES,2023-01-02 09:18:00,"{""side"": ""HOLD"", ""confidence"": null}",0.0,FILLED
1965,ES,2023-01-02 09:19:00,"{""side"": ""HOLD"", ""confidence"": null}",0.0,FILLED
1966,ES,2023-01-02 09:20:00,"{""side"": ""HOLD"", ""confidence"": null}",0.0,FILLED
1967,ES,2023-01-02 09:21:00,"{""side"": ""HOLD"", ""confidence"": null}",0.0,FILLED
1968,ES,2023-01-02 09:22:00,"{""side"": ""HOLD"", ""confidence"": null}",0.0,FILLED
1969,ES,2023-01-02 09:23:00,"{""side"": ""HOLD"", ""confidence"": null}",0.0,FILLED
1970,ES,2023-01-02 09:24:00,"{""side"": ""HOLD"", ""confidence"": null}",0.0,FILLED
1971,ES,2023-01-02 09:25:00,"{""side"": ""HOLD"", ""confidence"": null}",0.0,FILLED
1972,ES,2023-01-02 09:26:00,"{""side"": ""HOLD"", ""confidence"": null}",0.0,FILLED
1973,ES,2023-01-02 09:27:00,"{""side"": ""HOLD"", ""confidence"": null}",0.0,FILLED
1974,ES,2023-01-02 09:28:00,"{""side"": ""HOLD"", ""confidence"": null}",0.0,FILLED
1975,ES,2023-01-02 09:29:00,"{""side"": ""HOLD"", ""confidence"": null}",0.0,FILLED
1976,MES,2023-01-01 09:30:00,"{""side"": ""HOLD"", ""confidence"": null}",0.0,FILLED
1977,MES,2023-01-01 09:31:00,"{""side"": ""HOLD"", ""confidence"": null}",0.0,FILLED
1978,MES,2023-01-01 09:32:00,"{""side"": ""HOLD"", ""confidence"": null}",0.0,FILLED
1979,MES,2023-01-01 09:33:00,"{""side"": ""HOLD"", ""confidence"": null}",0.0,FILLED
1980,MES,2023-01-01 09:34:00,"{""side"": ""HOLD"", ""confidence"": null}",0.0,FILLED
1981,MES,2023-01-01 09:35:00,"{""side"": ""HOLD"", ""confidence"": null}",0.0,FILLED
1982,MES,2023-01-01 09:36:00,"{""side"": ""HOLD"", ""confidence"": null}",0.0,FILLED
1983,MES,2023-01-01 09:37:00,"{""side"": ""HOLD"", ""confidence"": null}",0.0,FILLED
1984,MES,2023-01-01 09:38:00,"{""side"": ""HOLD"", ""confidence"": null}",0.0,FILLED
1985,MES,2023-01-01 09:39:00,"{""side"": ""HOLD"", ""confidence"": null}",0.0,FILLED
1986,MES,2023-01-01 09:40:00,"{""side"": ""HOLD"", ""confidence"": null}",0.0,FILLED
1987,MES,2023-01-01 09:41:00,"{""side"": ""HOLD"", ""confidence"": null}",0.0,FILLED
1988,MES,2023-01-01 09:42:00,"{""side"": ""HOLD"", ""confidence"": null}",0.0,FILLED
1989,MES,2023-01-01 09:43:00,"{""side"": ""HOLD"", ""confidence"": null}",0.0,FILLED
1990,MES,2023-01-01 09:44:00,"{""side"": ""HOLD"", ""confidence"": null}",0.0,FILLED
1991,MES,2023-01-01 09:45:00,"{""side"": ""HOLD"", ""confidence"": null}",0.0,FILLED
1992,MES,2023-01-01 09:46:00,"{""side"": ""HOLD"", ""confidence"": null}",0.0,FILLED
1993,MES,2023-01-01 09:47:00,"{""side"": ""HOLD"", ""confidence"": null}",0.0,FILLED
1994,MES,2023-01-01 09:48:00,"{""side"": ""HOLD"", ""confidence"": null}",0.0,FILLED
1995,MES,2023-01-01 09:49:00,"{""side"": ""HOLD"", ""confidence"": null}",0.0,FILLED
1996,MES,2023-01-01 09:50:00,"{""side"": ""HOLD"", ""confidence"": null}",0.0,FILLED
1997,MES,2023-01-01 09:51:00,"{""side"": ""HOLD"", ""confidence"": null}",0.0,FILLED
1998,MES,2023-01-01 09:52:00,"{""side"": ""HOLD"", ""confidence"": null}",0.0,FILLED
1999,MES,2023-01-01 09:53:00,"{""side"": ""HOLD"", ""confidence"": null}",0.0,FILLED
2000,MES,2023-01-01 09:54:00,"{""side"": ""HOLD"", ""confidence"": null}",0.0,FILLED
2001,MES,2023-01-01 09:55:00,"{""side"": ""HOLD"", ""confidence"": null}",0.0,FILLED
2002,MES,2023-01-01 09:56:00,"{""side"": ""HOLD"", ""confidence"": null}",0.0,FILLED
2003,MES,2023-01-01 09:57:00,"{""side"": ""HOLD"", ""confidence"": null}",0.0,FILLED
2004,MES,2023-01-01 09:58:00,"{""side"": ""HOLD"", ""confidence"": null}",0.0,FILLED
2005,MES,2023-01-01 09:59:00,"{""side"": ""HOLD"", ""confidence"": null}",0.0,FILLED
2006,MES,2023-01-01 10:00:00,"{""side"": ""HOLD"", ""confidence"": null}",0.0,FILLED
2007,MES,2023-01-01 10:01:00,"{""side"": ""HOLD"", ""confidence"": null}",0.0,FILLED
2008,MES,2023-01-01 10:02:00,"{""side"": ""HOLD"", ""confidence"": null}",0.0,FILLED
2009,MES,2023-01-01 10:03:00,"{""side"": ""HOLD"", ""confidence"": null}",0.0,FILLED
2010,MES,2023-01-01 10:04:00,"{""side"": ""HOLD"", ""confidence"": null}",0.0,FILLED
2011,MES,2023-01-01 10:05:00,"{""side"": ""HOLD"", ""confidence"": null}",0.0,FILLED
2012,MES,2023-01-01 10:06:00,"{""side"": ""HOLD"", ""confidence"": null}",0.0,FILLED
2013,MES,2023-01-01 10:07:00,"{""side"": ""HOLD"", ""confidence"": null}",0.0,FILLED
2014,MES,2023-01-01 10:08:00,"{""side"": ""HOLD"", ""confidence"": null}",0.0,FILLED
2015,MES,2023-01-01 10:09:00,"{""side"": ""HOLD"", ""confidence"": null}",0.0,FILLED
2016,MES,2023-01-01 10:10:00,"{""side"": ""HOLD"", ""confidence"": null}",0.0,FILLED
2017,MES,2023-01-01 10:11:00,"{""side"": ""HOLD"", ""confidence"": null}",0.0,FILLED
2018,MES,2023-01-01 10:12:00,"{""side"": ""HOLD"", ""confidence"": null}",0.0,FILLED
2019,MES,2023-01-01 10:13:00,"{""side"": ""HOLD"", ""confidence"": null}",0.0,FILLED
2020,MES,2023-01-01 10:14:00,"{""side"": ""HOLD"", ""confidence"": null}",0.0,FILLED
2021,MES,2023-01-01 10:15:00,"{""side"": ""HOLD"", ""confidence"": null}",0.0,FILLED
2022,MES,2023-01-01 10:16:00,"{""side"": ""HOLD"", ""confidence"": null}",0.0,FILLED
2023,MES,2023-01-01 10:17:00,"{""side"": ""HOLD"", ""confidence"": null}",0.0,FILLED
2024,MES,2023-01-01 10:18:00,"{""side"": ""HOLD"", ""confidence"": null}",0.0,FILLED
2025,MES,2023-01-01 10:19:00,"{""side"": ""HOLD"", ""confidence"": null}",0.0,FILLED
2026,MES,2023-01-01 10:20:00,"{""side"": ""HOLD"", ""confidence"": null}",0.0,FILLED
2027,MES,2023-01-01 10:21:00,"{""side"": ""HOLD"", ""confidence"": null}",0.0,FILLED
2028,MES,2023-01-01 10:22:00,"{""side"": ""HOLD"", ""confidence"": null}",0.0,FILLED
2029,MES,2023-01-01 10:23:00,"{""side"": ""HOLD"", ""confidence"": null}",0.0,FILLED
2030,MES,2023-01-01 10:24:00,"{""side"": ""HOLD"", ""confidence"": null}",0.0,FILLED
2031,MES,2023-01-01 10:25:00,"{""side"": ""HOLD"", ""confidence"": null}",0.0,FILLED
2032,MES,2023-01-01 10:26:00,"{""side"": ""HOLD"", ""confidence"": null}",0.0,FILLED
2033,MES,2023-01-01 10:27:00,"{""side"": ""HOLD"", ""confidence"": null}",0.0,FILLED
2034,MES,2023-01-01 10:28:00,"{""side"": ""HOLD"", ""confidence"": null}",0.0,FILLED
2035,MES,2023-01-01 10:29:00,"{""side"": ""HOLD"", ""confidence"": null}",0.0,FILLED
2036,MES,2023-01-01 10:30:00,"{""side"": ""HOLD"", ""confidence"": null}",0.0,FILLED
2037,MES,2023-01-01 10:31:00,"{""side"": ""HOLD"", ""confidence"": null}",0.0,FILLED
2038,MES,2023-01-01 10:32:00,"{""side"": ""HOLD"", ""confidence"": null}",0.0,FILLED
2039,MES,2023-01-01 10:33:00,"{""side"": ""HOLD"", ""confidence"": null}",0.0,FILLED
2040,MES,2023-01-01 10:34:00,"{""side"": ""HOLD"", ""confidence"": null}",0.0,FILLED
2041,MES,2023-01-01 10:35:00,"{""side"": ""HOLD"", ""confidence"": null}",0.0,FILLED
2042,MES,2023-01-01 10:36:00,"{""side"": ""HOLD"", ""confidence"": null}",0.0,FILLED
2043,MES,2023-01-01 10:37:00,"{""side"": ""HOLD"", ""confidence"": null}",0.0,FILLED
2044,MES,2023-01-01 10:38:00,"{""side"": ""HOLD"", ""confidence"": null}",0.0,FILLED
2045,MES,2023-01-01 10:39:00,"{""side"": ""HOLD"", ""confidence"": null}",0.0,FILLED
2046,MES,2023-01-01 10:40:00,"{""side"": ""HOLD"", ""confidence"": null}",0.0,FILLED
2047,MES,2023-01-01 10:41:00,"{""side"": ""HOLD"", ""confidence"": null}",0.0,FILLED
2048,MES,2023-01-01 10:42:00,"{""side"": ""HOLD"", ""confidence"": null}",0.0,FILLED
2049,MES,2023-01-01 10:43:00,"{""side"": ""HOLD"", ""confidence"": null}",0.0,FILLED
2050,MES,2023-01-01 10:44:00,"{""side"": ""HOLD"", ""confidence"": null}",0.0,FILLED
2051,MES,2023-01-01 10:45:00,"{""side"": ""HOLD"", ""confidence"": null}",0.0,FILLED
2052,MES,2023-01-01 10:46:00,"{""side"": ""HOLD"", ""confidence"": null}",0.0,FILLED
2053,MES,2023-01-01 10:47:00,"{""side"": ""HOLD"", ""confidence"": null}",0.0,FILLED
2054,MES,2023-01-01 10:48:00,"{""side"": ""HOLD"", ""confidence"": null}",0.0,FILLED
2055,MES,2023-01-01 10:49:00,"{""side"": ""HOLD"", ""confidence"": null}",0.0,FILLED
2056,MES,2023-01-01 10:50:00,"{""side"": ""HOLD"", ""confidence"": null}",0.0,FILLED
2057,MES,2023-01-01 10:51:00,"{""side"": ""HOLD"", ""confidence"": null}",0.0,FILLED
2058,MES,2023-01-01 10:52:00,"{""side"": ""HOLD"", ""confidence"": null}",0.0,FILLED
2059,MES,2023-01-01 10:53:00,"{""side"": ""HOLD"", ""confidence"": null}",0.0,FILLED
2060,MES,2023-01-01 10:54:00,"{""side"": ""HOLD"", ""confidence"": null}",0.0,FILLED
2061,MES,2023-01-01 10:55:00,"{""side"": ""HOLD"", ""confidence"": null}",0.0,FILLED
2062,MES,2023-01-01 10:56:00,"{""side"": ""HOLD"", ""confidence"": null}",0.0,FILLED
2063,MES,2023-01-01 10:57:00,"{""side"": ""HOLD"", ""confidence"": null}",0.0,FILLED
2064,MES,2023-01-01 10:58:00,"{""side"": ""HOLD"", ""confidence"": null}",0.0,FILLED
2065,MES,2023-01-01 10:59:00,"{""side"": ""HOLD"", ""confidence"": null}",0.0,FILLED
2066,MES,2023-01-01 11:00:00,"{""side"": ""HOLD"", ""confidence"": null}",0.0,FILLED
2067,MES,2023-01-01 11:01:00,"{""side"": ""HOLD"", ""confidence"": null}",0.0,FILLED
2068,MES,2023-01-01 11:02:00,"{""side"": ""HOLD"", ""confidence"": null}",0.0,FILLED
2069,MES,2023-01-01 11:03:00,"{""side"": ""HOLD"", ""confidence"": null}",0.0,FILLED
2070,MES,2023-01-01 11:04:00,"{""side"": ""HOLD"", ""confidence"": null}",0.0,FILLED
2071,MES,2023-01-01 11:05:00,"{""side"": ""HOLD"", ""confidence"": null}",0.0,FILLED
2072,MES,2023-01-01 11:06:00,"{""side"": ""HOLD"", ""confidence"": null}",0.0,FILLED
2073,MES,2023-01-01 11:07:00,"{""side"": ""HOLD"", ""confidence"": null}",0.0,FILLED
2074,MES,2023-01-01 11:08:00,"{""side"": ""HOLD"", ""confidence"": null}",0.0,FILLED
2075,MES,2023-01-01 11:09:00,"{""side"": ""HOLD"", ""confidence"": null}",0.0,FILLED
2076,MES,2023-01-01 11:10:00,"{""side"": ""HOLD"", ""confidence"": null}",0.0,FILLED
2077,MES,2023-01-01 11:11:00,"{""side"": ""HOLD"", ""confidence"": null}",0.0,FILLED
2078,MES,2023-01-01 11:12:00,"{""side"": ""HOLD"", ""confidence"": null}",0.0,FILLED
2079,MES,2023-01-01 11:13:00,"{""side"": ""HOLD"", ""confidence"": null}",0.0,FILLED
2080,MES,2023-01-01 11:14:00,"{""side"": ""HOLD"", ""confidence"": null}",0.0,FILLED
2081,MES,2023-01-01 11:15:00,"{""side"": ""HOLD"", ""confidence"": null}",0.0,FILLED
2082,MES,2023-01-01 11:16:00,"{""side"": ""HOLD"", ""confidence"": null}",0.0,FILLED
2083,MES,2023-01-01 11:17:00,"{""side"": ""HOLD"", ""confidence"": null}",0.0,FILLED
2084,MES,2023-01-01 11:18:00,"{""side"": ""HOLD"", ""confidence"": null}",0.0,FILLED
2085,MES,2023-01-01 11:19:00,"{""side"": ""HOLD"", ""confidence"": null}",0.0,FILLED
2086,MES,2023-01-01 11:20:00,"{""side"": ""HOLD"", ""confidence"": null}",0.0,FILLED
2087,MES,2023-01-01 11:21:00,"{""side"": ""HOLD"", ""confidence"": null}",0.0,FILLED
2088,MES,2023-01-01 11:22:00,"{""side"": ""HOLD"", ""confidence"": null}",0.0,FILLED
2089,MES,2023-01-01 11:23:00,"{""side"": ""HOLD"", ""confidence"": null}",0.0,FILLED
2090,MES,2023-01-01 11:24:00,"{""side"": ""HOLD"", ""confidence"": null}",0.0,FILLED
2091,MES,2023-01-01 11:25:00,"{""side"": ""HOLD"", ""confidence"": null}",0.0,FILLED
2092,MES,2023-01-01 11:26:00,"{""side"": ""HOLD"", ""confidence"": null}",0.0,FILLED
2093,MES,2023-01-01 11:27:00,"{""side"": ""HOLD"", ""confidence"": null}",0.0,FILLED
2094,MES,2023-01-01 11:28:00,"{""side"": ""HOLD"", ""confidence"": null}",0.0,FILLED
2095,MES,2023-01-01 11:29:00,"{""side"": ""HOLD"", ""confidence"": null}",0.0,FILLED
2096,MES,2023-01-01 11:30:00,"{""side"": ""HOLD"", ""confidence"": null}",0.0,FILLED
2097,MES,2023-01-01 11:31:00,"{""side"": ""HOLD"", ""confidence"": null}",0.0,FILLED
2098,MES,2023-01-01 11:32:00,"{""side"": ""HOLD"", ""confidence"": null}",0.0,FILLED
2099,MES,2023-01-01 11:33:00,"{""side"": ""HOLD"", ""confidence"": null}",0.0,FILLED
2100,MES,2023-01-01 11:34:00,"{""side"": ""HOLD"", ""confidence"": null}",0.0,FILLED
2101,MES,2023-01-01 11:35:00,"{""side"": ""HOLD"", ""confidence"": null}",0.0,FILLED
2102,MES,2023-01-01 11:36:00,"{""side"": ""HOLD"", ""confidence"": null}",0.0,FILLED
2103,MES,2023-01-01 11:37:00,"{""side"": ""HOLD"", ""confidence"": null}",0.0,FILLED
2104,MES,2023-01-01 11:38:00,"{""side"": ""HOLD"", ""confidence"": null}",0.0,FILLED
2105,MES,2023-01-01 11:39:00,"{""side"": ""HOLD"", ""confidence"": null}",0.0,FILLED
2106,MES,2023-01-01 11:40:00,"{""side"": ""HOLD"", ""confidence"": null}",0.0,FILLED
2107,MES,2023-01-01 11:41:00,"{""side"": ""HOLD"", ""confidence"": null}",0.0,FILLED
2108,MES,2023-01-01 11:42:00,"{""side"": ""HOLD"", ""confidence"": null}",0.0,FILLED
2109,MES,2023-01-01 11:43:00,"{""side"": ""HOLD"", ""confidence"": null}",0.0,FILLED
2110,MES,2023-01-01 11:44:00,"{""side"": ""HOLD"", ""confidence"": null}",0.0,FILLED
2111,MES,2023-01-01 11:45:00,"{""side"": ""HOLD"", ""confidence"": null}",0.0,FILLED
2112,MES,2023-01-01 11:46:00,"{""side"": ""HOLD"", ""confidence"": null}",0.0,FILLED
2113,MES,2023-01-01 11:47:00,"{""side"": ""HOLD"", ""confidence"": null}",0.0,FILLED
2114,MES,2023-01-01 11:48:00,"{""side"": ""HOLD"", ""confidence"": null}",0.0,FILLED
2115,MES,2023-01-01 11:49:00,"{""side"": ""HOLD"", ""confidence"": null}",0.0,FILLED
2116,MES,2023-01-01 11:50:00,"{""side"": ""HOLD"", ""confidence"": null}",0.0,FILLED
2117,MES,2023-01-01 11:51:00,"{""side"": ""HOLD"", ""confidence"": null}",0.0,FILLED
2118,MES,2023-01-01 11:52:00,"{""side"": ""HOLD"", ""confidence"": null}",0.0,FILLED
2119,MES,2023-01-01 11:53:00,"{""side"": ""HOLD"", ""confidence"": null}",0.0,FILLED
2120,MES,2023-01-01 11:54:00,"{""side"": ""HOLD"", ""confidence"": null}",0.0,FILLED
2121,MES,2023-01-01 11:55:00,"{""side"": ""HOLD"", ""confidence"": null}",0.0,FILLED
2122,MES,2023-01-01 11:56:00,"{""side"": ""HOLD"", ""confidence"": null}",0.0,FILLED
2123,MES,2023-01-01 11:57:00,"{""side"": ""HOLD"", ""confidence"": null}",0.0,FILLED
2124,MES,2023-01-01 11:58:00,"{""side"": ""HOLD"", ""confidence"": null}",0.0,FILLED
2125,MES,2023-01-01 11:59:00,"{""side"": ""HOLD"", ""confidence"": null}",0.0,FILLED
2126,MES,2023-01-01 12:00:00,"{""side"": ""HOLD"", ""confidence"": null}",0.0,FILLED
2127,MES,2023-01-01 12:01:00,"{""side"": ""HOLD"", ""confidence"": null}",0.0,FILLED
2128,MES,2023-01-01 12:02:00,"{""side"": ""HOLD"", ""confidence"": null}",0.0,FILLED
2129,MES,2023-01-01 12:03:00,"{""side"": ""HOLD"", ""confidence"": null}",0.0,FILLED
2130,MES,2023-01-01 12:04:00,"{""side"": ""HOLD"", ""confidence"": null}",0.0,FILLED
2131,MES,2023-01-01 12:05:00,"{""side"": ""HOLD"", ""confidence"": null}",0.0,FILLED
2132,MES,2023-01-01 12:06:00,"{""side"": ""HOLD"", ""confidence"": null}",0.0,FILLED
2133,MES,2023-01-01 12:07:00,"{""side"": ""HOLD"", ""confidence"": null}",0.0,FILLED
2134,MES,2023-01-01 12:08:00,"{""side"": ""HOLD"", ""confidence"": null}",0.0,FILLED
2135,MES,2023-01-01 12:09:00,"{""side"": ""HOLD"", ""confidence"": null}",0.0,FILLED
2136,MES,2023-01-01 12:10:00,"{""side"": ""HOLD"", ""confidence"": null}",0.0,FILLED
2137,MES,2023-01-01 12:11:00,"{""side"": ""HOLD"", ""confidence"": null}",0.0,FILLED
2138,MES,2023-01-01 12:12:00,"{""side"": ""HOLD"", ""confidence"": null}",0.0,FILLED
2139,MES,2023-01-01 12:13:00,"{""side"": ""HOLD"", ""confidence"": null}",0.0,FILLED
2140,MES,2023-01-01 12:14:00,"{""side"": ""HOLD"", ""confidence"": null}",0.0,FILLED
2141,MES,2023-01-01 12:15:00,"{""side"": ""HOLD"", ""confidence"": null}",0.0,FILLED
2142,MES,2023-01-01 12:16:00,"{""side"": ""HOLD"", ""confidence"": null}",0.0,FILLED
2143,MES,2023-01-01 12:17:00,"{""side"": ""HOLD"", ""confidence"": null}",0.0,FILLED
2144,MES,2023-01-01 12:18:00,"{""side"": ""HOLD"", ""confidence"": null}",0.0,FILLED
2145,MES,2023-01-01 12:19:00,"{""side"": ""HOLD"", ""confidence"": null}",0.0,FILLED
2146,MES,2023-01-01 12:20:00,"{""side"": ""HOLD"", ""confidence"": null}",0.0,FILLED
2147,MES,2023-01-01 12:21:00,"{""side"": ""HOLD"", ""confidence"": null}",0.0,FILLED
2148,MES,2023-01-01 12:22:00,"{""side"": ""HOLD"", ""confidence"": null}",0.0,FILLED
2149,MES,2023-01-01 12:23:00,"{""side"": ""HOLD"", ""confidence"": null}",0.0,FILLED
2150,MES,2023-01-01 12:24:00,"{""side"": ""HOLD"", ""confidence"": null}",0.0,FILLED
2151,MES,2023-01-01 12:25:00,"{""side"": ""HOLD"", ""confidence"": null}",0.0,FILLED
2152,MES,2023-01-01 12:26:00,"{""side"": ""HOLD"", ""confidence"": null}",0.0,FILLED
2153,MES,2023-01-01 12:27:00,"{""side"": ""HOLD"", ""confidence"": null}",0.0,FILLED
2154,MES,2023-01-01 12:28:00,"{""side"": ""HOLD"", ""confidence"": null}",0.0,FILLED
2155,MES,2023-01-01 12:29:00,"{""side"": ""HOLD"", ""confidence"": null}",0.0,FILLED
2156,MES,2023-01-01 12:30:00,"{""side"": ""HOLD"", ""confidence"": null}",0.0,FILLED
2157,MES,2023-01-01 12:31:00,"{""side"": ""HOLD"", ""confidence"": null}",0.0,FILLED
2158,MES,2023-01-01 12:32:00,"{""side"": ""HOLD"", ""confidence"": null}",0.0,FILLED
2159,MES,2023-01-01 12:33:00,"{""side"": ""HOLD"", ""confidence"": null}",0.0,FILLED
2160,MES,2023-01-01 12:34:00,"{""side"": ""HOLD"", ""confidence"": null}",0.0,FILLED
2161,MES,2023-01-01 12:35:00,"{""side"": ""HOLD"", ""confidence"": null}",0.0,FILLED
2162,MES,2023-01-01 12:36:00,"{""side"": ""HOLD"", ""confidence"": null}",0.0,FILLED
2163,MES,2023-01-01 12:37:00,"{""side"": ""HOLD"", ""confidence"": null}",0.0,FILLED
2164,MES,2023-01-01 12:38:00,"{""side"": ""HOLD"", ""confidence"": null}",0.0,FILLED
2165,MES,2023-01-01 12:39:00,"{""side"": ""HOLD"", ""confidence"": null}",0.0,FILLED
2166,MES,2023-01-01 12:40:00,"{""side"": ""HOLD"", ""confidence"": null}",0.0,FILLED
2167,MES,2023-01-01 12:41:00,"{""side"": ""HOLD"", ""confidence"": null}",0.0,FILLED
2168,MES,2023-01-01 12:42:00,"{""side"": ""HOLD"", ""confidence"": null}",0.0,FILLED
2169,MES,2023-01-01 12:43:00,"{""side"": ""HOLD"", ""confidence"": null}",0.0,FILLED
2170,MES,2023-01-01 12:44:00,"{""side"": ""HOLD"", ""confidence"": null}",0.0,FILLED
2171,MES,2023-01-01 12:45:00,"{""side"": ""HOLD"", ""confidence"": null}",0.0,FILLED
2172,MES,2023-01-01 12:46:00,"{""side"": ""HOLD"", ""confidence"": null}",0.0,FILLED
2173,MES,2023-01-01 12:47:00,"{""side"": ""HOLD"", ""confidence"": null}",0.0,FILLED
2174,MES,2023-01-01 12:48:00,"{""side"": ""HOLD"", ""confidence"": null}",0.0,FILLED
2175,MES,2023-01-01 12:49:00,"{""side"": ""HOLD"", ""confidence"": null}",0.0,FILLED
2176,MES,2023-01-01 12:50:00,"{""side"": ""HOLD"", ""confidence"": null}",0.0,FILLED
2177,MES,2023-01-01 12:51:00,"{""side"": ""HOLD"", ""confidence"": null}",0.0,FILLED
2178,MES,2023-01-01 12:52:00,"{""side"": ""HOLD"", ""confidence"": null}",0.0,FILLED
2179,MES,2023-01-01 12:53:00,"{""side"": ""HOLD"", ""confidence"": null}",0.0,FILLED
2180,MES,2023-01-01 12:54:00,"{""side"": ""HOLD"", ""confidence"": null}",0.0,FILLED
2181,MES,2023-01-01 12:55:00,"{""side"": ""HOLD"", ""confidence"": null}",0.0,FILLED
2182,MES,2023-01-01 12:56:00,"{""side"": ""HOLD"", ""confidence"": null}",0.0,FILLED
2183,MES,2023-01-01 12:57:00,"{""side"": ""HOLD"", ""confidence"": null}",0.0,FILLED
2184,MES,2023-01-01 12:58:00,"{""side"": ""HOLD"", ""confidence"": null}",0.0,FILLED
2185,MES,2023-01-01 12:59:00,"{""side"": ""HOLD"", ""confidence"": null}",0.0,FILLED
2186,MES,2023-01-01 13:00:00,"{""side"": ""HOLD"", ""confidence"": null}",0.0,FILLED
2187,MES,2023-01-01 13:01:00,"{""side"": ""HOLD"", ""confidence"": null}",0.0,FILLED
2188,MES,2023-01-01 13:02:00,"{""side"": ""HOLD"", ""confidence"": null}",0.0,FILLED
2189,MES,2023-01-01 13:03:00,"{""side"": ""HOLD"", ""confidence"": null}",0.0,FILLED
2190,MES,2023-01-01 13:04:00,"{""side"": ""HOLD"", ""confidence"": null}",0.0,FILLED
2191,MES,2023-01-01 13:05:00,"{""side"": ""HOLD"", ""confidence"": null}",0.0,FILLED
2192,MES,2023-01-01 13:06:00,"{""side"": ""HOLD"", ""confidence"": null}",0.0,FILLED
2193,MES,2023-01-01 13:07:00,"{""side"": ""HOLD"", ""confidence"": null}",0.0,FILLED
2194,MES,2023-01-01 13:08:00,"{""side"": ""HOLD"", ""confidence"": null}",0.0,FILLED
2195,MES,2023-01-01 13:09:00,"{""side"": ""HOLD"", ""confidence"": null}",0.0,FILLED
2196,MES,2023-01-01 13:10:00,"{""side"": ""HOLD"", ""confidence"": null}",0.0,FILLED
2197,MES,2023-01-01 13:11:00,"{""side"": ""HOLD"", ""confidence"": null}",0.0,FILLED
2198,MES,2023-01-01 13:12:00,"{""side"": ""HOLD"", ""confidence"": null}",0.0,FILLED
2199,MES,2023-01-01 13:13:00,"{""side"": ""HOLD"", ""confidence"": null}",0.0,FILLED
2200,MES,2023-01-01 13:14:00,"{""side"": ""HOLD"", ""confidence"": null}",0.0,FILLED
2201,MES,2023-01-01 13:15:00,"{""side"": ""HOLD"", ""confidence"": null}",0.0,FILLED
2202,MES,2023-01-01 13:16:00,"{""side"": ""HOLD"", ""confidence"": null}",0.0,FILLED
2203,MES,2023-01-01 13:17:00,"{""side"": ""HOLD"", ""confidence"": null}",0.0,FILLED
2204,MES,2023-01-01 13:18:00,"{""side"": ""HOLD"", ""confidence"": null}",0.0,FILLED
2205,MES,2023-01-01 13:19:00,"{""side"": ""HOLD"", ""confidence"": null}",0.0,FILLED
2206,MES,2023-01-01 13:20:00,"{""side"": ""HOLD"", ""confidence"": null}",0.0,FILLED
2207,MES,2023-01-01 13:21:00,"{""side"": ""HOLD"", ""confidence"": null}",0.0,FILLED
2208,MES,2023-01-01 13:22:00,"{""side"": ""HOLD"", ""confidence"": null}",0.0,FILLED
2209,MES,2023-01-01 13:23:00,"{""side"": ""HOLD"", ""confidence"": null}",0.0,FILLED
2210,MES,2023-01-01 13:24:00,"{""side"": ""HOLD"", ""confidence"": null}",0.0,FILLED
2211,MES,2023-01-01 13:25:00,"{""side"": ""HOLD"", ""confidence"": null}",0.0,FILLED
2212,MES,2023-01-01 13:26:00,"{""side"": ""HOLD"", ""confidence"": null}",0.0,FILLED
2213,MES,2023-01-01 13:27:00,"{""side"": ""HOLD"", ""confidence"": null}",0.0,FILLED
2214,MES,2023-01-01 13:28:00,"{""side"": ""HOLD"", ""confidence"": null}",0.0,FILLED
2215,MES,2023-01-01 13:29:00,"{""side"": ""HOLD"", ""confidence"": null}",0.0,FILLED
2216,MES,2023-01-01 13:30:00,"{""side"": ""HOLD"", ""confidence"": null}",0.0,FILLED
2217,MES,2023-01-01 13:31:00,"{""side"": ""HOLD"", ""confidence"": null}",0.0,FILLED
2218,MES,2023-01-01 13:32:00,"{""side"": ""HOLD"", ""confidence"": null}",0.0,FILLED
2219,MES,2023-01-01 13:33:00,"{""side"": ""HOLD"", ""confidence"": null}",0.0,FILLED
2220,MES,2023-01-01 13:34:00,"{""side"": ""HOLD"", ""confidence"": null}",0.0,FILLED
2221,MES,2023-01-01 13:35:00,"{""side"": ""HOLD"", ""confidence"": null}",0.0,FILLED
2222,MES,2023-01-01 13:36:00,"{""side"": ""HOLD"", ""confidence"": null}",0.0,FILLED
2223,MES,2023-01-01 13:37:00,"{""side"": ""HOLD"", ""confidence"": null}",0.0,FILLED
2224,MES,2023-01-01 13:38:00,"{""side"": ""HOLD"", ""confidence"": null}",0.0,FILLED
2225,MES,2023-01-01 13:39:00,"{""side"": ""HOLD"", ""confidence"": null}",0.0,FILLED
2226,MES,2023-01-01 13:40:00,"{""side"": ""HOLD"", ""confidence"": null}",0.0,FILLED
2227,MES,2023-01-01 13:41:00,"{""side"": ""HOLD"", ""confidence"": null}",0.0,FILLED
2228,MES,2023-01-01 13:42:00,"{""side"": ""HOLD"", ""confidence"": null}",0.0,FILLED
2229,MES,2023-01-01 13:43:00,"{""side"": ""HOLD"", ""confidence"": null}",0.0,FILLED
2230,MES,2023-01-01 13:44:00,"{""side"": ""HOLD"", ""confidence"": null}",0.0,FILLED
2231,MES,2023-01-01 13:45:00,"{""side"": ""HOLD"", ""confidence"": null}",0.0,FILLED
2232,MES,2023-01-01 13:46:00,"{""side"": ""HOLD"", ""confidence"": null}",0.0,FILLED
2233,MES,2023-01-01 13:47:00,"{""side"": ""HOLD"", ""confidence"": null}",0.0,FILLED
2234,MES,2023-01-01 13:48:00,"{""side"": ""HOLD"", ""confidence"": null}",0.0,FILLED
2235,MES,2023-01-01 13:49:00,"{""side"": ""HOLD"", ""confidence"": null}",0.0,FILLED
2236,MES,2023-01-01 13:50:00,"{""side"": ""HOLD"", ""confidence"": null}",0.0,FILLED
2237,MES,2023-01-01 13:51:00,"{""side"": ""HOLD"", ""confidence"": null}",0.0,FILLED
2238,MES,2023-01-01 13:52:00,"{""side"": ""HOLD"", ""confidence"": null}",0.0,FILLED
2239,MES,2023-01-01 13:53:00,"{""side"": ""HOLD"", ""confidence"": null}",0.0,FILLED
2240,MES,2023-01-01 13:54:00,"{""side"": ""HOLD"", ""confidence"": null}",0.0,FILLED
2241,MES,2023-01-01 13:55:00,"{""side"": ""HOLD"", ""confidence"": null}",0.0,FILLED
2242,MES,2023-01-01 13:56:00,"{""side"": ""HOLD"", ""confidence"": null}",0.0,FILLED
2243,MES,2023-01-01 13:57:00,"{""side"": ""HOLD"", ""confidence"": null}",0.0,FILLED
2244,MES,2023-01-01 13:58:00,"{""side"": ""HOLD"", ""confidence"": null}",0.0,FILLED
2245,MES,2023-01-01 13:59:00,"{""side"": ""HOLD"", ""confidence"": null}",0.0,FILLED
2246,MES,2023-01-01 14:00:00,"{""side"": ""HOLD"", ""confidence"": null}",0.0,FILLED
2247,MES,2023-01-01 14:01:00,"{""side"": ""HOLD"", ""confidence"": null}",0.0,FILLED
2248,MES,2023-01-01 14:02:00,"{""side"": ""HOLD"", ""confidence"": null}",0.0,FILLED
2249,MES,2023-01-01 14:03:00,"{""side"": ""HOLD"", ""confidence"": null}",0.0,FILLED
2250,MES,2023-01-01 14:04:00,"{""side"": ""HOLD"", ""confidence"": null}",0.0,FILLED
2251,MES,2023-01-01 14:05:00,"{""side"": ""HOLD"", ""confidence"": null}",0.0,FILLED
2252,MES,2023-01-01 14:06:00,"{""side"": ""HOLD"", ""confidence"": null}",0.0,FILLED
2253,MES,2023-01-01 14:07:00,"{""side"": ""HOLD"", ""confidence"": null}",0.0,FILLED
2254,MES,2023-01-01 14:08:00,"{""side"": ""HOLD"", ""confidence"": null}",0.0,FILLED
2255,MES,2023-01-01 14:09:00,"{""side"": ""HOLD"", ""confidence"": null}",0.0,FILLED
2256,MES,2023-01-01 14:10:00,"{""side"": ""HOLD"", ""confidence"": null}",0.0,FILLED
2257,MES,2023-01-01 14:11:00,"{""side"": ""HOLD"", ""confidence"": null}",0.0,FILLED
2258,MES,2023-01-01 14:12:00,"{""side"": ""HOLD"", ""confidence"": null}",0.0,FILLED
2259,MES,2023-01-01 14:13:00,"{""side"": ""HOLD"", ""confidence"": null}",0.0,FILLED
2260,MES,2023-01-01 14:14:00,"{""side"": ""HOLD"", ""confidence"": null}",0.0,FILLED
2261,MES,2023-01-01 14:15:00,"{""side"": ""HOLD"", ""confidence"": null}",0.0,FILLED
2262,MES,2023-01-01 14:16:00,"{""side"": ""HOLD"", ""confidence"": null}",0.0,FILLED
2263,MES,2023-01-01 14:17:00,"{""side"": ""HOLD"", ""confidence"": null}",0.0,FILLED
2264,MES,2023-01-01 14:18:00,"{""side"": ""HOLD"", ""confidence"": null}",0.0,FILLED
2265,MES,2023-01-01 14:19:00,"{""side"": ""HOLD"", ""confidence"": null}",0.0,FILLED
2266,MES,2023-01-01 14:20:00,"{""side"": ""HOLD"", ""confidence"": null}",0.0,FILLED
2267,MES,2023-01-01 14:21:00,"{""side"": ""HOLD"", ""confidence"": null}",0.0,FILLED
2268,MES,2023-01-01 14:22:00,"{""side"": ""HOLD"", ""confidence"": null}",0.0,FILLED
2269,MES,2023-01-01 14:23:00,"{""side"": ""HOLD"", ""confidence"": null}",0.0,FILLED
2270,MES,2023-01-01 14:24:00,"{""side"": ""HOLD"", ""confidence"": null}",0.0,FILLED
2271,MES,2023-01-01 14:25:00,"{""side"": ""HOLD"", ""confidence"": null}",0.0,FILLED
2272,MES,2023-01-01 14:26:00,"{""side"": ""HOLD"", ""confidence"": null}",0.0,FILLED
2273,MES,2023-01-01 14:27:00,"{""side"": ""HOLD"", ""confidence"": null}",0.0,FILLED
2274,MES,2023-01-01 14:28:00,"{""side"": ""HOLD"", ""confidence"": null}",0.0,FILLED
2275,MES,2023-01-01 14:29:00,"{""side"": ""HOLD"", ""confidence"": null}",0.0,FILLED
2276,MES,2023-01-01 14:30:00,"{""side"": ""HOLD"", ""confidence"": null}",0.0,FILLED
2277,MES,2023-01-01 14:31:00,"{""side"": ""HOLD"", ""confidence"": null}",0.0,FILLED
2278,MES,2023-01-01 14:32:00,"{""side"": ""HOLD"", ""confidence"": null}",0.0,FILLED
2279,MES,2023-01-01 14:33:00,"{""side"": ""HOLD"", ""confidence"": null}",0.0,FILLED
2280,MES,2023-01-01 14:34:00,"{""side"": ""HOLD"", ""confidence"": null}",0.0,FILLED
2281,MES,2023-01-01 14:35:00,"{""side"": ""HOLD"", ""confidence"": null}",0.0,FILLED
2282,MES,2023-01-01 14:36:00,"{""side"": ""HOLD"", ""confidence"": null}",0.0,FILLED
2283,MES,2023-01-01 14:37:00,"{""side"": ""HOLD"", ""confidence"": null}",0.0,FILLED
2284,MES,2023-01-01 14:38:00,"{""side"": ""HOLD"", ""confidence"": null}",0.0,FILLED
2285,MES,2023-01-01 14:39:00,"{""side"": ""HOLD"", ""confidence"": null}",0.0,FILLED
2286,MES,2023-01-01 14:40:00,"{""side"": ""HOLD"", ""confidence"": null}",0.0,FILLED
2287,MES,2023-01-01 14:41:00,"{""side"": ""HOLD"", ""confidence"": null}",0.0,FILLED
2288,MES,2023-01-01 14:42:00,"{""side"": ""HOLD"", ""confidence"": null}",0.0,FILLED
2289,MES,2023-01-01 14:43:00,"{""side"": ""HOLD"", ""confidence"": null}",0.0,FILLED
2290,MES,2023-01-01 14:44:00,"{""side"": ""HOLD"", ""confidence"": null}",0.0,FILLED
2291,MES,2023-01-01 14:45:00,"{""side"": ""HOLD"", ""confidence"": null}",0.0,FILLED
2292,MES,2023-01-01 14:46:00,"{""side"": ""HOLD"", ""confidence"": null}",0.0,FILLED
2293,MES,2023-01-01 14:47:00,"{""side"": ""HOLD"", ""confidence"": null}",0.0,FILLED
2294,MES,2023-01-01 14:48:00,"{""side"": ""HOLD"", ""confidence"": null}",0.0,FILLED
2295,MES,2023-01-01 14:49:00,"{""side"": ""HOLD"", ""confidence"": null}",0.0,FILLED
2296,MES,2023-01-01 14:50:00,"{""side"": ""HOLD"", ""confidence"": null}",0.0,FILLED
2297,MES,2023-01-01 14:51:00,"{""side"": ""HOLD"", ""confidence"": null}",0.0,FILLED
2298,MES,2023-01-01 14:52:00,"{""side"": ""HOLD"", ""confidence"": null}",0.0,FILLED
2299,MES,2023-01-01 14:53:00,"{""side"": ""HOLD"", ""confidence"": null}",0.0,FILLED
2300,MES,2023-01-01 14:54:00,"{""side"": ""HOLD"", ""confidence"": null}",0.0,FILLED
2301,MES,2023-01-01 14:55:00,"{""side"": ""HOLD"", ""confidence"": null}",0.0,FILLED
2302,MES,2023-01-01 14:56:00,"{""side"": ""HOLD"", ""confidence"": null}",0.0,FILLED
2303,MES,2023-01-01 14:57:00,"{""side"": ""HOLD"", ""confidence"": null}",0.0,FILLED
2304,MES,2023-01-01 14:58:00,"{""side"": ""HOLD"", ""confidence"": null}",0.0,FILLED
2305,MES,2023-01-01 14:59:00,"{""side"": ""HOLD"", ""confidence"": null}",0.0,FILLED
2306,MES,2023-01-01 15:00:00,"{""side"": ""HOLD"", ""confidence"": null}",0.0,FILLED
2307,MES,2023-01-01 15:01:00,"{""side"": ""HOLD"", ""confidence"": null}",0.0,FILLED
2308,MES,2023-01-01 15:02:00,"{""side"": ""HOLD"", ""confidence"": null}",0.0,FILLED
2309,MES,2023-01-01 15:03:00,"{""side"": ""HOLD"", ""confidence"": null}",0.0,FILLED
2310,MES,2023-01-01 15:04:00,"{""side"": ""HOLD"", ""confidence"": null}",0.0,FILLED
2311,MES,2023-01-01 15:05:00,"{""side"": ""HOLD"", ""confidence"": null}",0.0,FILLED
2312,MES,2023-01-01 15:06:00,"{""side"": ""HOLD"", ""confidence"": null}",0.0,FILLED
2313,MES,2023-01-01 15:07:00,"{""side"": ""HOLD"", ""confidence"": null}",0.0,FILLED
2314,MES,2023-01-01 15:08:00,"{""side"": ""HOLD"", ""confidence"": null}",0.0,FILLED
2315,MES,2023-01-01 15:09:00,"{""side"": ""HOLD"", ""confidence"": null}",0.0,FILLED
2316,MES,2023-01-01 15:10:00,"{""side"": ""HOLD"", ""confidence"": null}",0.0,FILLED
2317,MES,2023-01-01 15:11:00,"{""side"": ""HOLD"", ""confidence"": null}",0.0,FILLED
2318,MES,2023-01-01 15:12:00,"{""side"": ""HOLD"", ""confidence"": null}",0.0,FILLED
2319,MES,2023-01-01 15:13:00,"{""side"": ""HOLD"", ""confidence"": null}",0.0,FILLED
2320,MES,2023-01-01 15:14:00,"{""side"": ""HOLD"", ""confidence"": null}",0.0,FILLED
2321,MES,2023-01-01 15:15:00,"{""side"": ""HOLD"", ""confidence"": null}",0.0,FILLED
2322,MES,2023-01-01 15:16:00,"{""side"": ""HOLD"", ""confidence"": null}",0.0,FILLED
2323,MES,2023-01-01 15:17:00,"{""side"": ""HOLD"", ""confidence"": null}",0.0,FILLED
2324,MES,2023-01-01 15:18:00,"{""side"": ""HOLD"", ""confidence"": null}",0.0,FILLED
2325,MES,2023-01-01 15:19:00,"{""side"": ""HOLD"", ""confidence"": null}",0.0,FILLED
2326,MES,2023-01-01 15:20:00,"{""side"": ""HOLD"", ""confidence"": null}",0.0,FILLED
2327,MES,2023-01-01 15:21:00,"{""side"": ""HOLD"", ""confidence"": null}",0.0,FILLED
2328,MES,2023-01-01 15:22:00,"{""side"": ""HOLD"", ""confidence"": null}",0.0,FILLED
2329,MES,2023-01-01 15:23:00,"{""side"": ""HOLD"", ""confidence"": null}",0.0,FILLED
2330,MES,2023-01-01 15:24:00,"{""side"": ""HOLD"", ""confidence"": null}",0.0,FILLED
2331,MES,2023-01-01 15:25:00,"{""side"": ""HOLD"", ""confidence"": null}",0.0,FILLED
2332,MES,2023-01-01 15:26:00,"{""side"": ""HOLD"", ""confidence"": null}",0.0,FILLED
2333,MES,2023-01-01 15:27:00,"{""side"": ""HOLD"", ""confidence"": null}",0.0,FILLED
2334,MES,2023-01-01 15:28:00,"{""side"": ""HOLD"", ""confidence"": null}",0.0,FILLED
2335,MES,2023-01-01 15:29:00,"{""side"": ""HOLD"", ""confidence"": null}",0.0,FILLED
2336,MES,2023-01-01 15:30:00,"{""side"": ""HOLD"", ""confidence"": null}",0.0,FILLED
2337,MES,2023-01-01 15:31:00,"{""side"": ""HOLD"", ""confidence"": null}",0.0,FILLED
2338,MES,2023-01-01 15:32:00,"{""side"": ""HOLD"", ""confidence"": null}",0.0,FILLED
2339,MES,2023-01-01 15:33:00,"{""side"": ""HOLD"", ""confidence"": null}",0.0,FILLED
2340,MES,2023-01-01 15:34:00,"{""side"": ""HOLD"", ""confidence"": null}",0.0,FILLED
2341,MES,2023-01-01 15:35:00,"{""side"": ""HOLD"", ""confidence"": null}",0.0,FILLED
2342,MES,2023-01-01 15:36:00,"{""side"": ""HOLD"", ""confidence"": null}",0.0,FILLED
2343,MES,2023-01-01 15:37:00,"{""side"": ""HOLD"", ""confidence"": null}",0.0,FILLED
2344,MES,2023-01-01 15:38:00,"{""side"": ""HOLD"", ""confidence"": null}",0.0,FILLED
2345,MES,2023-01-01 15:39:00,"{""side"": ""HOLD"", ""confidence"": null}",0.0,FILLED
2346,MES,2023-01-01 15:40:00,"{""side"": ""HOLD"", ""confidence"": null}",0.0,FILLED
2347,MES,2023-01-01 15:41:00,"{""side"": ""HOLD"", ""confidence"": null}",0.0,FILLED
2348,MES,2023-01-01 15:42:00,"{""side"": ""HOLD"", ""confidence"": null}",0.0,FILLED
2349,MES,2023-01-01 15:43:00,"{""side"": ""HOLD"", ""confidence"": null}",0.0,FILLED
2350,MES,2023-01-01 15:44:00,"{""side"": ""HOLD"", ""confidence"": null}",0.0,FILLED
2351,MES,2023-01-01 15:45:00,"{""side"": ""HOLD"", ""confidence"": null}",0.0,FILLED
2352,MES,2023-01-01 15:46:00,"{""side"": ""HOLD"", ""confidence"": null}",0.0,FILLED
2353,MES,2023-01-01 15:47:00,"{""side"": ""HOLD"", ""confidence"": null}",0.0,FILLED
2354,MES,2023-01-01 15:48:00,"{""side"": ""HOLD"", ""confidence"": null}",0.0,FILLED
2355,MES,2023-01-01 15:49:00,"{""side"": ""HOLD"", ""confidence"": null}",0.0,FILLED
2356,MES,2023-01-01 15:50:00,"{""side"": ""HOLD"", ""confidence"": null}",0.0,FILLED
2357,MES,2023-01-01 15:51:00,"{""side"": ""HOLD"", ""confidence"": null}",0.0,FILLED
2358,MES,2023-01-01 15:52:00,"{""side"": ""HOLD"", ""confidence"": null}",0.0,FILLED
2359,MES,2023-01-01 15:53:00,"{""side"": ""HOLD"", ""confidence"": null}",0.0,FILLED
2360,MES,2023-01-01 15:54:00,"{""side"": ""HOLD"", ""confidence"": null}",0.0,FILLED
2361,MES,2023-01-01 15:55:00,"{""side"": ""HOLD"", ""confidence"": null}",0.0,FILLED
2362,MES,2023-01-01 15:56:00,"{""side"": ""HOLD"", ""confidence"": null}",0.0,FILLED
2363,MES,2023-01-01 15:57:00,"{""side"": ""HOLD"", ""confidence"": null}",0.0,FILLED
2364,MES,2023-01-01 15:58:00,"{""side"": ""HOLD"", ""confidence"": null}",0.0,FILLED
2365,MES,2023-01-01 15:59:00,"{""side"": ""HOLD"", ""confidence"": null}",0.0,FILLED
2366,MES,2023-01-01 16:00:00,"{""side"": ""HOLD"", ""confidence"": null}",0.0,FILLED
2367,MES,2023-01-01 16:01:00,"{""side"": ""HOLD"", ""confidence"": null}",0.0,FILLED
2368,MES,2023-01-01 16:02:00,"{""side"": ""HOLD"", ""confidence"": null}",0.0,FILLED
2369,MES,2023-01-01 16:03:00,"{""side"": ""HOLD"", ""confidence"": null}",0.0,FILLED
2370,MES,2023-01-01 16:04:00,"{""side"": ""HOLD"", ""confidence"": null}",0.0,FILLED
2371,MES,2023-01-01 16:05:00,"{""side"": ""HOLD"", ""confidence"": null}",0.0,FILLED
2372,MES,2023-01-01 16:06:00,"{""side"": ""HOLD"", ""confidence"": null}",0.0,FILLED
2373,MES,2023-01-01 16:07:00,"{""side"": ""HOLD"", ""confidence"": null}",0.0,FILLED
2374,MES,2023-01-01 16:08:00,"{""side"": ""HOLD"", ""confidence"": null}",0.0,FILLED
2375,MES,2023-01-01 16:09:00,"{""side"": ""HOLD"", ""confidence"": null}",0.0,FILLED
2376,MES,2023-01-01 16:10:00,"{""side"": ""HOLD"", ""confidence"": null}",0.0,FILLED
2377,MES,2023-01-01 16:11:00,"{""side"": ""HOLD"", ""confidence"": null}",0.0,FILLED
2378,MES,2023-01-01 16:12:00,"{""side"": ""HOLD"", ""confidence"": null}",0.0,FILLED
2379,MES,2023-01-01 16:13:00,"{""side"": ""HOLD"", ""confidence"": null}",0.0,FILLED
2380,MES,2023-01-01 16:14:00,"{""side"": ""HOLD"", ""confidence"": null}",0.0,FILLED
2381,MES,2023-01-01 16:15:00,"{""side"": ""HOLD"", ""confidence"": null}",0.0,FILLED
2382,MES,2023-01-01 16:16:00,"{""side"": ""HOLD"", ""confidence"": null}",0.0,FILLED
2383,MES,2023-01-01 16:17:00,"{""side"": ""HOLD"", ""confidence"": null}",0.0,FILLED
2384,MES,2023-01-01 16:18:00,"{""side"": ""HOLD"", ""confidence"": null}",0.0,FILLED
2385,MES,2023-01-01 16:19:00,"{""side"": ""HOLD"", ""confidence"": null}",0.0,FILLED
2386,MES,2023-01-01 16:20:00,"{""side"": ""HOLD"", ""confidence"": null}",0.0,FILLED
2387,MES,2023-01-01 16:21:00,"{""side"": ""HOLD"", ""confidence"": null}",0.0,FILLED
2388,MES,2023-01-01 16:22:00,"{""side"": ""HOLD"", ""confidence"": null}",0.0,FILLED
2389,MES,2023-01-01 16:23:00,"{""side"": ""HOLD"", ""confidence"": null}",0.0,FILLED
2390,MES,2023-01-01 16:24:00,"{""side"": ""HOLD"", ""confidence"": null}",0.0,FILLED
2391,MES,2023-01-01 16:25:00,"{""side"": ""HOLD"", ""confidence"": null}",0.0,FILLED
2392,MES,2023-01-01 16:26:00,"{""side"": ""HOLD"", ""confidence"": null}",0.0,FILLED
2393,MES,2023-01-01 16:27:00,"{""side"": ""HOLD"", ""confidence"": null}",0.0,FILLED
2394,MES,2023-01-01 16:28:00,"{""side"": ""HOLD"", ""confidence"": null}",0.0,FILLED
2395,MES,2023-01-01 16:29:00,"{""side"": ""HOLD"", ""confidence"": null}",0.0,FILLED
2396,MES,2023-01-01 16:30:00,"{""side"": ""HOLD"", ""confidence"": null}",0.0,FILLED
2397,MES,2023-01-01 16:31:00,"{""side"": ""HOLD"", ""confidence"": null}",0.0,FILLED
2398,MES,2023-01-01 16:32:00,"{""side"": ""HOLD"", ""confidence"": null}",0.0,FILLED
2399,MES,2023-01-01 16:33:00,"{""side"": ""HOLD"", ""confidence"": null}",0.0,FILLED
2400,MES,2023-01-01 16:34:00,"{""side"": ""HOLD"", ""confidence"": null}",0.0,FILLED
2401,MES,2023-01-01 16:35:00,"{""side"": ""HOLD"", ""confidence"": null}",0.0,FILLED
2402,MES,2023-01-01 16:36:00,"{""side"": ""HOLD"", ""confidence"": null}",0.0,FILLED
2403,MES,2023-01-01 16:37:00,"{""side"": ""HOLD"", ""confidence"": null}",0.0,FILLED
2404,MES,2023-01-01 16:38:00,"{""side"": ""HOLD"", ""confidence"": null}",0.0,FILLED
2405,MES,2023-01-01 16:39:00,"{""side"": ""HOLD"", ""confidence"": null}",0.0,FILLED
2406,MES,2023-01-01 16:40:00,"{""side"": ""HOLD"", ""confidence"": null}",0.0,FILLED
2407,MES,2023-01-01 16:41:00,"{""side"": ""HOLD"", ""confidence"": null}",0.0,FILLED
2408,MES,2023-01-01 16:42:00,"{""side"": ""HOLD"", ""confidence"": null}",0.0,FILLED
2409,MES,2023-01-01 16:43:00,"{""side"": ""HOLD"", ""confidence"": null}",0.0,FILLED
2410,MES,2023-01-01 16:44:00,"{""side"": ""HOLD"", ""confidence"": null}",0.0,FILLED
2411,MES,2023-01-01 16:45:00,"{""side"": ""HOLD"", ""confidence"": null}",0.0,FILLED
2412,MES,2023-01-01 16:46:00,"{""side"": ""HOLD"", ""confidence"": null}",0.0,FILLED
2413,MES,2023-01-01 16:47:00,"{""side"": ""HOLD"", ""confidence"": null}",0.0,FILLED
2414,MES,2023-01-01 16:48:00,"{""side"": ""HOLD"", ""confidence"": null}",0.0,FILLED
2415,MES,2023-01-01 16:49:00,"{""side"": ""HOLD"", ""confidence"": null}",0.0,FILLED
2416,MES,2023-01-01 16:50:00,"{""side"": ""HOLD"", ""confidence"": null}",0.0,FILLED
2417,MES,2023-01-01 16:51:00,"{""side"": ""HOLD"", ""confidence"": null}",0.0,FILLED
2418,MES,2023-01-01 16:52:00,"{""side"": ""HOLD"", ""confidence"": null}",0.0,FILLED
2419,MES,2023-01-01 16:53:00,"{""side"": ""HOLD"", ""confidence"": null}",0.0,FILLED
2420,MES,2023-01-01 16:54:00,"{""side"": ""HOLD"", ""confidence"": null}",0.0,FILLED
2421,MES,2023-01-01 16:55:00,"{""side"": ""HOLD"", ""confidence"": null}",0.0,FILLED
2422,MES,2023-01-01 16:56:00,"{""side"": ""HOLD"", ""confidence"": null}",0.0,FILLED
2423,MES,2023-01-01 16:57:00,"{""side"": ""HOLD"", ""confidence"": null}",0.0,FILLED
2424,MES,2023-01-01 16:58:00,"{""side"": ""HOLD"", ""confidence"": null}",0.0,FILLED
2425,MES,2023-01-01 16:59:00,"{""side"": ""HOLD"", ""confidence"": null}",0.0,FILLED
2426,MES,2023-01-01 17:00:00,"{""side"": ""HOLD"", ""confidence"": null}",0.0,FILLED
2427,MES,2023-01-01 17:01:00,"{""side"": ""HOLD"", ""confidence"": null}",0.0,FILLED
2428,MES,2023-01-01 17:02:00,"{""side"": ""HOLD"", ""confidence"": null}",0.0,FILLED
2429,MES,2023-01-01 17:03:00,"{""side"": ""HOLD"", ""confidence"": null}",0.0,FILLED
2430,MES,2023-01-01 17:04:00,"{""side"": ""HOLD"", ""confidence"": null}",0.0,FILLED
2431,MES,2023-01-01 17:05:00,"{""side"": ""HOLD"", ""confidence"": null}",0.0,FILLED
2432,MES,2023-01-01 17:06:00,"{""side"": ""HOLD"", ""confidence"": null}",0.0,FILLED
2433,MES,2023-01-01 17:07:00,"{""side"": ""HOLD"", ""confidence"": null}",0.0,FILLED
2434,MES,2023-01-01 17:08:00,"{""side"": ""HOLD"", ""confidence"": null}",0.0,FILLED
2435,MES,2023-01-01 17:09:00,"{""side"": ""HOLD"", ""confidence"": null}",0.0,FILLED
2436,MES,2023-01-01 17:10:00,"{""side"": ""HOLD"", ""confidence"": null}",0.0,FILLED
2437,MES,2023-01-01 17:11:00,"{""side"": ""HOLD"", ""confidence"": null}",0.0,FILLED
2438,MES,2023-01-01 17:12:00,"{""side"": ""HOLD"", ""confidence"": null}",0.0,FILLED
2439,MES,2023-01-01 17:13:00,"{""side"": ""HOLD"", ""confidence"": null}",0.0,FILLED
2440,MES,2023-01-01 17:14:00,"{""side"": ""HOLD"", ""confidence"": null}",0.0,FILLED
2441,MES,2023-01-01 17:15:00,"{""side"": ""HOLD"", ""confidence"": null}",0.0,FILLED
2442,MES,2023-01-01 17:16:00,"{""side"": ""HOLD"", ""confidence"": null}",0.0,FILLED
2443,MES,2023-01-01 17:17:00,"{""side"": ""HOLD"", ""confidence"": null}",0.0,FILLED
2444,MES,2023-01-01 17:18:00,"{""side"": ""HOLD"", ""confidence"": null}",0.0,FILLED
2445,MES,2023-01-01 17:19:00,"{""side"": ""HOLD"", ""confidence"": null}",0.0,FILLED
2446,MES,2023-01-01 17:20:00,"{""side"": ""HOLD"", ""confidence"": null}",0.0,FILLED
2447,MES,2023-01-01 17:21:00,"{""side"": ""HOLD"", ""confidence"": null}",0.0,FILLED
2448,MES,2023-01-01 17:22:00,"{""side"": ""HOLD"", ""confidence"": null}",0.0,FILLED
2449,MES,2023-01-01 17:23:00,"{""side"": ""HOLD"", ""confidence"": null}",0.0,FILLED
2450,MES,2023-01-01 17:24:00,"{""side"": ""HOLD"", ""confidence"": null}",0.0,FILLED
2451,MES,2023-01-01 17:25:00,"{""side"": ""HOLD"", ""confidence"": null}",0.0,FILLED
2452,MES,2023-01-01 17:26:00,"{""side"": ""HOLD"", ""confidence"": null}",0.0,FILLED
2453,MES,2023-01-01 17:27:00,"{""side"": ""HOLD"", ""confidence"": null}",0.0,FILLED
2454,MES,2023-01-01 17:28:00,"{""side"": ""HOLD"", ""confidence"": null}",0.0,FILLED
2455,MES,2023-01-01 17:29:00,"{""side"": ""HOLD"", ""confidence"": null}",0.0,FILLED
2456,MES,2023-01-01 17:30:00,"{""side"": ""HOLD"", ""confidence"": null}",0.0,FILLED
2457,MES,2023-01-01 17:31:00,"{""side"": ""HOLD"", ""confidence"": null}",0.0,FILLED
2458,MES,2023-01-01 17:32:00,"{""side"": ""HOLD"", ""confidence"": null}",0.0,FILLED
2459,MES,2023-01-01 17:33:00,"{""side"": ""HOLD"", ""confidence"": null}",0.0,FILLED
2460,MES,2023-01-01 17:34:00,"{""side"": ""HOLD"", ""confidence"": null}",0.0,FILLED
2461,MES,2023-01-01 17:35:00,"{""side"": ""HOLD"", ""confidence"": null}",0.0,FILLED
2462,MES,2023-01-01 17:36:00,"{""side"": ""HOLD"", ""confidence"": null}",0.0,FILLED
2463,MES,2023-01-01 17:37:00,"{""side"": ""HOLD"", ""confidence"": null}",0.0,FILLED
2464,MES,2023-01-01 17:38:00,"{""side"": ""HOLD"", ""confidence"": null}",0.0,FILLED
2465,MES,2023-01-01 17:39:00,"{""side"": ""HOLD"", ""confidence"": null}",0.0,FILLED
2466,MES,2023-01-01 17:40:00,"{""side"": ""HOLD"", ""confidence"": null}",0.0,FILLED
2467,MES,2023-01-01 17:41:00,"{""side"": ""HOLD"", ""confidence"": null}",0.0,FILLED
2468,MES,2023-01-01 17:42:00,"{""side"": ""HOLD"", ""confidence"": null}",0.0,FILLED
2469,MES,2023-01-01 17:43:00,"{""side"": ""HOLD"", ""confidence"": null}",0.0,FILLED
2470,MES,2023-01-01 17:44:00,"{""side"": ""HOLD"", ""confidence"": null}",0.0,FILLED
2471,MES,2023-01-01 17:45:00,"{""side"": ""HOLD"", ""confidence"": null}",0.0,FILLED
2472,MES,2023-01-01 17:46:00,"{""side"": ""HOLD"", ""confidence"": null}",0.0,FILLED
2473,MES,2023-01-01 17:47:00,"{""side"": ""HOLD"", ""confidence"": null}",0.0,FILLED
2474,MES,2023-01-01 17:48:00,"{""side"": ""HOLD"", ""confidence"": null}",0.0,FILLED
2475,MES,2023-01-01 17:49:00,"{""side"": ""HOLD"", ""confidence"": null}",0.0,FILLED
2476,MES,2023-01-01 17:50:00,"{""side"": ""HOLD"", ""confidence"": null}",0.0,FILLED
2477,MES,2023-01-01 17:51:00,"{""side"": ""HOLD"", ""confidence"": null}",0.0,FILLED
2478,MES,2023-01-01 17:52:00,"{""side"": ""HOLD"", ""confidence"": null}",0.0,FILLED
2479,MES,2023-01-01 17:53:00,"{""side"": ""HOLD"", ""confidence"": null}",0.0,FILLED
2480,MES,2023-01-01 17:54:00,"{""side"": ""HOLD"", ""confidence"": null}",0.0,FILLED
2481,MES,2023-01-01 17:55:00,"{""side"": ""HOLD"", ""confidence"": null}",0.0,FILLED
2482,MES,2023-01-01 17:56:00,"{""side"": ""HOLD"", ""confidence"": null}",0.0,FILLED
2483,MES,2023-01-01 17:57:00,"{""side"": ""HOLD"", ""confidence"": null}",0.0,FILLED
2484,MES,2023-01-01 17:58:00,"{""side"": ""HOLD"", ""confidence"": null}",0.0,FILLED
2485,MES,2023-01-01 17:59:00,"{""side"": ""HOLD"", ""confidence"": null}",0.0,FILLED
2486,MES,2023-01-01 18:00:00,"{""side"": ""HOLD"", ""confidence"": null}",0.0,FILLED
2487,MES,2023-01-01 18:01:00,"{""side"": ""HOLD"", ""confidence"": null}",0.0,FILLED
2488,MES,2023-01-01 18:02:00,"{""side"": ""HOLD"", ""confidence"": null}",0.0,FILLED
2489,MES,2023-01-01 18:03:00,"{""side"": ""HOLD"", ""confidence"": null}",0.0,FILLED
2490,MES,2023-01-01 18:04:00,"{""side"": ""HOLD"", ""confidence"": null}",0.0,FILLED
2491,MES,2023-01-01 18:05:00,"{""side"": ""HOLD"", ""confidence"": null}",0.0,FILLED
2492,MES,2023-01-01 18:06:00,"{""side"": ""HOLD"", ""confidence"": null}",0.0,FILLED
2493,MES,2023-01-01 18:07:00,"{""side"": ""HOLD"", ""confidence"": null}",0.0,FILLED
2494,MES,2023-01-01 18:08:00,"{""side"": ""HOLD"", ""confidence"": null}",0.0,FILLED
2495,MES,2023-01-01 18:09:00,"{""side"": ""HOLD"", ""confidence"": null}",0.0,FILLED
2496,MES,2023-01-01 18:10:00,"{""side"": ""HOLD"", ""confidence"": null}",0.0,FILLED
2497,MES,2023-01-01 18:11:00,"{""side"": ""HOLD"", ""confidence"": null}",0.0,FILLED
2498,MES,2023-01-01 18:12:00,"{""side"": ""HOLD"", ""confidence"": null}",0.0,FILLED
2499,MES,2023-01-01 18:13:00,"{""side"": ""HOLD"", ""confidence"": null}",0.0,FILLED
2500,MES,2023-01-01 18:14:00,"{""side"": ""HOLD"", ""confidence"": null}",0.0,FILLED
2501,MES,2023-01-01 18:15:00,"{""side"": ""HOLD"", ""confidence"": null}",0.0,FILLED
2502,MES,2023-01-01 18:16:00,"{""side"": ""HOLD"", ""confidence"": null}",0.0,FILLED
2503,MES,2023-01-01 18:17:00,"{""side"": ""HOLD"", ""confidence"": null}",0.0,FILLED
2504,MES,2023-01-01 18:18:00,"{""side"": ""HOLD"", ""confidence"": null}",0.0,FILLED
2505,MES,2023-01-01 18:19:00,"{""side"": ""HOLD"", ""confidence"": null}",0.0,FILLED
2506,MES,2023-01-01 18:20:00,"{""side"": ""HOLD"", ""confidence"": null}",0.0,FILLED
2507,MES,2023-01-01 18:21:00,"{""side"": ""HOLD"", ""confidence"": null}",0.0,FILLED
2508,MES,2023-01-01 18:22:00,"{""side"": ""HOLD"", ""confidence"": null}",0.0,FILLED
2509,MES,2023-01-01 18:23:00,"{""side"": ""HOLD"", ""confidence"": null}",0.0,FILLED
2510,MES,2023-01-01 18:24:00,"{""side"": ""HOLD"", ""confidence"": null}",0.0,FILLED
2511,MES,2023-01-01 18:25:00,"{""side"": ""HOLD"", ""confidence"": null}",0.0,FILLED
2512,MES,2023-01-01 18:26:00,"{""side"": ""HOLD"", ""confidence"": null}",0.0,FILLED
2513,MES,2023-01-01 18:27:00,"{""side"": ""HOLD"", ""confidence"": null}",0.0,FILLED
2514,MES,2023-01-01 18:28:00,"{""side"": ""HOLD"", ""confidence"": null}",0.0,FILLED
2515,MES,2023-01-01 18:29:00,"{""side"": ""HOLD"", ""confidence"": null}",0.0,FILLED
2516,MES,2023-01-01 18:30:00,"{""side"": ""HOLD"", ""confidence"": null}",0.0,FILLED
2517,MES,2023-01-01 18:31:00,"{""side"": ""HOLD"", ""confidence"": null}",0.0,FILLED
2518,MES,2023-01-01 18:32:00,"{""side"": ""HOLD"", ""confidence"": null}",0.0,FILLED
2519,MES,2023-01-01 18:33:00,"{""side"": ""HOLD"", ""confidence"": null}",0.0,FILLED
2520,MES,2023-01-01 18:34:00,"{""side"": ""HOLD"", ""confidence"": null}",0.0,FILLED
2521,MES,2023-01-01 18:35:00,"{""side"": ""HOLD"", ""confidence"": null}",0.0,FILLED
2522,MES,2023-01-01 18:36:00,"{""side"": ""HOLD"", ""confidence"": null}",0.0,FILLED
2523,MES,2023-01-01 18:37:00,"{""side"": ""HOLD"", ""confidence"": null}",0.0,FILLED
2524,MES,2023-01-01 18:38:00,"{""side"": ""HOLD"", ""confidence"": null}",0.0,FILLED
2525,MES,2023-01-01 18:39:00,"{""side"": ""HOLD"", ""confidence"": null}",0.0,FILLED
2526,MES,2023-01-01 18:40:00,"{""side"": ""HOLD"", ""confidence"": null}",0.0,FILLED
2527,MES,2023-01-01 18:41:00,"{""side"": ""HOLD"", ""confidence"": null}",0.0,FILLED
2528,MES,2023-01-01 18:42:00,"{""side"": ""HOLD"", ""confidence"": null}",0.0,FILLED
2529,MES,2023-01-01 18:43:00,"{""side"": ""HOLD"", ""confidence"": null}",0.0,FILLED
2530,MES,2023-01-01 18:44:00,"{""side"": ""HOLD"", ""confidence"": null}",0.0,FILLED
2531,MES,2023-01-01 18:45:00,"{""side"": ""HOLD"", ""confidence"": null}",0.0,FILLED
2532,MES,2023-01-01 18:46:00,"{""side"": ""HOLD"", ""confidence"": null}",0.0,FILLED
2533,MES,2023-01-01 18:47:00,"{""side"": ""HOLD"", ""confidence"": null}",0.0,FILLED
2534,MES,2023-01-01 18:48:00,"{""side"": ""HOLD"", ""confidence"": null}",0.0,FILLED
2535,MES,2023-01-01 18:49:00,"{""side"": ""HOLD"", ""confidence"": null}",0.0,FILLED
2536,MES,2023-01-01 18:50:00,"{""side"": ""HOLD"", ""confidence"": null}",0.0,FILLED
2537,MES,2023-01-01 18:51:00,"{""side"": ""HOLD"", ""confidence"": null}",0.0,FILLED
2538,MES,2023-01-01 18:52:00,"{""side"": ""HOLD"", ""confidence"": null}",0.0,FILLED
2539,MES,2023-01-01 18:53:00,"{""side"": ""HOLD"", ""confidence"": null}",0.0,FILLED
2540,MES,2023-01-01 18:54:00,"{""side"": ""HOLD"", ""confidence"": null}",0.0,FILLED
2541,MES,2023-01-01 18:55:00,"{""side"": ""HOLD"", ""confidence"": null}",0.0,FILLED
2542,MES,2023-01-01 18:56:00,"{""side"": ""HOLD"", ""confidence"": null}",0.0,FILLED
2543,MES,2023-01-01 18:57:00,"{""side"": ""HOLD"", ""confidence"": null}",0.0,FILLED
2544,MES,2023-01-01 18:58:00,"{""side"": ""HOLD"", ""confidence"": null}",0.0,FILLED
2545,MES,2023-01-01 18:59:00,"{""side"": ""HOLD"", ""confidence"": null}",0.0,FILLED
2546,MES,2023-01-01 19:00:00,"{""side"": ""HOLD"", ""confidence"": null}",0.0,FILLED
2547,MES,2023-01-01 19:01:00,"{""side"": ""HOLD"", ""confidence"": null}",0.0,FILLED
2548,MES,2023-01-01 19:02:00,"{""side"": ""HOLD"", ""confidence"": null}",0.0,FILLED
2549,MES,2023-01-01 19:03:00,"{""side"": ""HOLD"", ""confidence"": null}",0.0,FILLED
2550,MES,2023-01-01 19:04:00,"{""side"": ""HOLD"", ""confidence"": null}",0.0,FILLED
2551,MES,2023-01-01 19:05:00,"{""side"": ""HOLD"", ""confidence"": null}",0.0,FILLED
2552,MES,2023-01-01 19:06:00,"{""side"": ""HOLD"", ""confidence"": null}",0.0,FILLED
2553,MES,2023-01-01 19:07:00,"{""side"": ""HOLD"", ""confidence"": null}",0.0,FILLED
2554,MES,2023-01-01 19:08:00,"{""side"": ""HOLD"", ""confidence"": null}",0.0,FILLED
2555,MES,2023-01-01 19:09:00,"{""side"": ""HOLD"", ""confidence"": null}",0.0,FILLED
2556,MES,2023-01-01 19:10:00,"{""side"": ""HOLD"", ""confidence"": null}",0.0,FILLED
2557,MES,2023-01-01 19:11:00,"{""side"": ""HOLD"", ""confidence"": null}",0.0,FILLED
2558,MES,2023-01-01 19:12:00,"{""side"": ""HOLD"", ""confidence"": null}",0.0,FILLED
2559,MES,2023-01-01 19:13:00,"{""side"": ""HOLD"", ""confidence"": null}",0.0,FILLED
2560,MES,2023-01-01 19:14:00,"{""side"": ""HOLD"", ""confidence"": null}",0.0,FILLED
2561,MES,2023-01-01 19:15:00,"{""side"": ""HOLD"", ""confidence"": null}",0.0,FILLED
2562,MES,2023-01-01 19:16:00,"{""side"": ""HOLD"", ""confidence"": null}",0.0,FILLED
2563,MES,2023-01-01 19:17:00,"{""side"": ""HOLD"", ""confidence"": null}",0.0,FILLED
2564,MES,2023-01-01 19:18:00,"{""side"": ""HOLD"", ""confidence"": null}",0.0,FILLED
2565,MES,2023-01-01 19:19:00,"{""side"": ""HOLD"", ""confidence"": null}",0.0,FILLED
2566,MES,2023-01-01 19:20:00,"{""side"": ""HOLD"", ""confidence"": null}",0.0,FILLED
2567,MES,2023-01-01 19:21:00,"{""side"": ""HOLD"", ""confidence"": null}",0.0,FILLED
2568,MES,2023-01-01 19:22:00,"{""side"": ""HOLD"", ""confidence"": null}",0.0,FILLED
2569,MES,2023-01-01 19:23:00,"{""side"": ""HOLD"", ""confidence"": null}",0.0,FILLED
2570,MES,2023-01-01 19:24:00,"{""side"": ""HOLD"", ""confidence"": null}",0.0,FILLED
2571,MES,2023-01-01 19:25:00,"{""side"": ""HOLD"", ""confidence"": null}",0.0,FILLED
2572,MES,2023-01-01 19:26:00,"{""side"": ""HOLD"", ""confidence"": null}",0.0,FILLED
2573,MES,2023-01-01 19:27:00,"{""side"": ""HOLD"", ""confidence"": null}",0.0,FILLED
2574,MES,2023-01-01 19:28:00,"{""side"": ""HOLD"", ""confidence"": null}",0.0,FILLED
2575,MES,2023-01-01 19:29:00,"{""side"": ""HOLD"", ""confidence"": null}",0.0,FILLED
2576,MES,2023-01-01 19:30:00,"{""side"": ""HOLD"", ""confidence"": null}",0.0,FILLED
2577,MES,2023-01-01 19:31:00,"{""side"": ""HOLD"", ""confidence"": null}",0.0,FILLED
2578,MES,2023-01-01 19:32:00,"{""side"": ""HOLD"", ""confidence"": null}",0.0,FILLED
2579,MES,2023-01-01 19:33:00,"{""side"": ""HOLD"", ""confidence"": null}",0.0,FILLED
2580,MES,2023-01-01 19:34:00,"{""side"": ""HOLD"", ""confidence"": null}",0.0,FILLED
2581,MES,2023-01-01 19:35:00,"{""side"": ""HOLD"", ""confidence"": null}",0.0,FILLED
2582,MES,2023-01-01 19:36:00,"{""side"": ""HOLD"", ""confidence"": null}",0.0,FILLED
2583,MES,2023-01-01 19:37:00,"{""side"": ""HOLD"", ""confidence"": null}",0.0,FILLED
2584,MES,2023-01-01 19:38:00,"{""side"": ""HOLD"", ""confidence"": null}",0.0,FILLED
2585,MES,2023-01-01 19:39:00,"{""side"": ""HOLD"", ""confidence"": null}",0.0,FILLED
2586,MES,2023-01-01 19:40:00,"{""side"": ""HOLD"", ""confidence"": null}",0.0,FILLED
2587,MES,2023-01-01 19:41:00,"{""side"": ""HOLD"", ""confidence"": null}",0.0,FILLED
2588,MES,2023-01-01 19:42:00,"{""side"": ""HOLD"", ""confidence"": null}",0.0,FILLED
2589,MES,2023-01-01 19:43:00,"{""side"": ""HOLD"", ""confidence"": null}",0.0,FILLED
2590,MES,2023-01-01 19:44:00,"{""side"": ""HOLD"", ""confidence"": null}",0.0,FILLED
2591,MES,2023-01-01 19:45:00,"{""side"": ""HOLD"", ""confidence"": null}",0.0,FILLED
2592,MES,2023-01-01 19:46:00,"{""side"": ""HOLD"", ""confidence"": null}",0.0,FILLED
2593,MES,2023-01-01 19:47:00,"{""side"": ""HOLD"", ""confidence"": null}",0.0,FILLED
2594,MES,2023-01-01 19:48:00,"{""side"": ""HOLD"", ""confidence"": null}",0.0,FILLED
2595,MES,2023-01-01 19:49:00,"{""side"": ""HOLD"", ""confidence"": null}",0.0,FILLED
2596,MES,2023-01-01 19:50:00,"{""side"": ""HOLD"", ""confidence"": null}",0.0,FILLED
2597,MES,2023-01-01 19:51:00,"{""side"": ""HOLD"", ""confidence"": null}",0.0,FILLED
2598,MES,2023-01-01 19:52:00,"{""side"": ""HOLD"", ""confidence"": null}",0.0,FILLED
2599,MES,2023-01-01 19:53:00,"{""side"": ""HOLD"", ""confidence"": null}",0.0,FILLED
2600,MES,2023-01-01 19:54:00,"{""side"": ""HOLD"", ""confidence"": null}",0.0,FILLED
2601,MES,2023-01-01 19:55:00,"{""side"": ""HOLD"", ""confidence"": null}",0.0,FILLED
2602,MES,2023-01-01 19:56:00,"{""side"": ""HOLD"", ""confidence"": null}",0.0,FILLED
2603,MES,2023-01-01 19:57:00,"{""side"": ""HOLD"", ""confidence"": null}",0.0,FILLED
2604,MES,2023-01-01 19:58:00,"{""side"": ""HOLD"", ""confidence"": null}",0.0,FILLED
2605,MES,2023-01-01 19:59:00,"{""side"": ""HOLD"", ""confidence"": null}",0.0,FILLED
2606,MES,2023-01-01 20:00:00,"{""side"": ""HOLD"", ""confidence"": null}",0.0,FILLED
2607,MES,2023-01-01 20:01:00,"{""side"": ""HOLD"", ""confidence"": null}",0.0,FILLED
2608,MES,2023-01-01 20:02:00,"{""side"": ""HOLD"", ""confidence"": null}",0.0,FILLED
2609,MES,2023-01-01 20:03:00,"{""side"": ""HOLD"", ""confidence"": null}",0.0,FILLED
2610,MES,2023-01-01 20:04:00,"{""side"": ""HOLD"", ""confidence"": null}",0.0,FILLED
2611,MES,2023-01-01 20:05:00,"{""side"": ""HOLD"", ""confidence"": null}",0.0,FILLED
2612,MES,2023-01-01 20:06:00,"{""side"": ""HOLD"", ""confidence"": null}",0.0,FILLED
2613,MES,2023-01-01 20:07:00,"{""side"": ""HOLD"", ""confidence"": null}",0.0,FILLED
2614,MES,2023-01-01 20:08:00,"{""side"": ""HOLD"", ""confidence"": null}",0.0,FILLED
2615,MES,2023-01-01 20:09:00,"{""side"": ""HOLD"", ""confidence"": null}",0.0,FILLED
2616,MES,2023-01-01 20:10:00,"{""side"": ""HOLD"", ""confidence"": null}",0.0,FILLED
2617,MES,2023-01-01 20:11:00,"{""side"": ""HOLD"", ""confidence"": null}",0.0,FILLED
2618,MES,2023-01-01 20:12:00,"{""side"": ""HOLD"", ""confidence"": null}",0.0,FILLED
2619,MES,2023-01-01 20:13:00,"{""side"": ""HOLD"", ""confidence"": null}",0.0,FILLED
2620,MES,2023-01-01 20:14:00,"{""side"": ""HOLD"", ""confidence"": null}",0.0,FILLED
2621,MES,2023-01-01 20:15:00,"{""side"": ""HOLD"", ""confidence"": null}",0.0,FILLED
2622,MES,2023-01-01 20:16:00,"{""side"": ""HOLD"", ""confidence"": null}",0.0,FILLED
2623,MES,2023-01-01 20:17:00,"{""side"": ""HOLD"", ""confidence"": null}",0.0,FILLED
2624,MES,2023-01-01 20:18:00,"{""side"": ""HOLD"", ""confidence"": null}",0.0,FILLED
2625,MES,2023-01-01 20:19:00,"{""side"": ""HOLD"", ""confidence"": null}",0.0,FILLED
2626,MES,2023-01-01 20:20:00,"{""side"": ""HOLD"", ""confidence"": null}",0.0,FILLED
2627,MES,2023-01-01 20:21:00,"{""side"": ""HOLD"", ""confidence"": null}",0.0,FILLED
2628,MES,2023-01-01 20:22:00,"{""side"": ""HOLD"", ""confidence"": null}",0.0,FILLED
2629,MES,2023-01-01 20:23:00,"{""side"": ""HOLD"", ""confidence"": null}",0.0,FILLED
2630,MES,2023-01-01 20:24:00,"{""side"": ""HOLD"", ""confidence"": null}",0.0,FILLED
2631,MES,2023-01-01 20:25:00,"{""side"": ""HOLD"", ""confidence"": null}",0.0,FILLED
2632,MES,2023-01-01 20:26:00,"{""side"": ""HOLD"", ""confidence"": null}",0.0,FILLED
2633,MES,2023-01-01 20:27:00,"{""side"": ""HOLD"", ""confidence"": null}",0.0,FILLED
2634,MES,2023-01-01 20:28:00,"{""side"": ""HOLD"", ""confidence"": null}",0.0,FILLED
2635,MES,2023-01-01 20:29:00,"{""side"": ""HOLD"", ""confidence"": null}",0.0,FILLED
2636,MES,2023-01-01 20:30:00,"{""side"": ""HOLD"", ""confidence"": null}",0.0,FILLED
2637,MES,2023-01-01 20:31:00,"{""side"": ""HOLD"", ""confidence"": null}",0.0,FILLED
2638,MES,2023-01-01 20:32:00,"{""side"": ""HOLD"", ""confidence"": null}",0.0,FILLED
2639,MES,2023-01-01 20:33:00,"{""side"": ""HOLD"", ""confidence"": null}",0.0,FILLED
2640,MES,2023-01-01 20:34:00,"{""side"": ""HOLD"", ""confidence"": null}",0.0,FILLED
2641,MES,2023-01-01 20:35:00,"{""side"": ""HOLD"", ""confidence"": null}",0.0,FILLED
2642,MES,2023-01-01 20:36:00,"{""side"": ""HOLD"", ""confidence"": null}",0.0,FILLED
2643,MES,2023-01-01 20:37:00,"{""side"": ""HOLD"", ""confidence"": null}",0.0,FILLED
2644,MES,2023-01-01 20:38:00,"{""side"": ""HOLD"", ""confidence"": null}",0.0,FILLED
2645,MES,2023-01-01 20:39:00,"{""side"": ""HOLD"", ""confidence"": null}",0.0,FILLED
2646,MES,2023-01-01 20:40:00,"{""side"": ""HOLD"", ""confidence"": null}",0.0,FILLED
2647,MES,2023-01-01 20:41:00,"{""side"": ""HOLD"", ""confidence"": null}",0.0,FILLED
2648,MES,2023-01-01 20:42:00,"{""side"": ""HOLD"", ""confidence"": null}",0.0,FILLED
2649,MES,2023-01-01 20:43:00,"{""side"": ""HOLD"", ""confidence"": null}",0.0,FILLED
2650,MES,2023-01-01 20:44:00,"{""side"": ""HOLD"", ""confidence"": null}",0.0,FILLED
2651,MES,2023-01-01 20:45:00,"{""side"": ""HOLD"", ""confidence"": null}",0.0,FILLED
2652,MES,2023-01-01 20:46:00,"{""side"": ""HOLD"", ""confidence"": null}",0.0,FILLED
2653,MES,2023-01-01 20:47:00,"{""side"": ""HOLD"", ""confidence"": null}",0.0,FILLED
2654,MES,2023-01-01 20:48:00,"{""side"": ""HOLD"", ""confidence"": null}",0.0,FILLED
2655,MES,2023-01-01 20:49:00,"{""side"": ""HOLD"", ""confidence"": null}",0.0,FILLED
2656,MES,2023-01-01 20:50:00,"{""side"": ""HOLD"", ""confidence"": null}",0.0,FILLED
2657,MES,2023-01-01 20:51:00,"{""side"": ""HOLD"", ""confidence"": null}",0.0,FILLED
2658,MES,2023-01-01 20:52:00,"{""side"": ""HOLD"", ""confidence"": null}",0.0,FILLED
2659,MES,2023-01-01 20:53:00,"{""side"": ""HOLD"", ""confidence"": null}",0.0,FILLED
2660,MES,2023-01-01 20:54:00,"{""side"": ""HOLD"", ""confidence"": null}",0.0,FILLED
2661,MES,2023-01-01 20:55:00,"{""side"": ""HOLD"", ""confidence"": null}",0.0,FILLED
2662,MES,2023-01-01 20:56:00,"{""side"": ""HOLD"", ""confidence"": null}",0.0,FILLED
2663,MES,2023-01-01 20:57:00,"{""side"": ""HOLD"", ""confidence"": null}",0.0,FILLED
2664,MES,2023-01-01 20:58:00,"{""side"": ""HOLD"", ""confidence"": null}",0.0,FILLED
2665,MES,2023-01-01 20:59:00,"{""side"": ""HOLD"", ""confidence"": null}",0.0,FILLED
2666,MES,2023-01-01 21:00:00,"{""side"": ""HOLD"", ""confidence"": null}",0.0,FILLED
2667,MES,2023-01-01 21:01:00,"{""side"": ""HOLD"", ""confidence"": null}",0.0,FILLED
2668,MES,2023-01-01 21:02:00,"{""side"": ""HOLD"", ""confidence"": null}",0.0,FILLED
2669,MES,2023-01-01 21:03:00,"{""side"": ""HOLD"", ""confidence"": null}",0.0,FILLED
2670,MES,2023-01-01 21:04:00,"{""side"": ""HOLD"", ""confidence"": null}",0.0,FILLED
2671,MES,2023-01-01 21:05:00,"{""side"": ""HOLD"", ""confidence"": null}",0.0,FILLED
2672,MES,2023-01-01 21:06:00,"{""side"": ""HOLD"", ""confidence"": null}",0.0,FILLED
2673,MES,2023-01-01 21:07:00,"{""side"": ""HOLD"", ""confidence"": null}",0.0,FILLED
2674,MES,2023-01-01 21:08:00,"{""side"": ""HOLD"", ""confidence"": null}",0.0,FILLED
2675,MES,2023-01-01 21:09:00,"{""side"": ""HOLD"", ""confidence"": null}",0.0,FILLED
2676,MES,2023-01-01 21:10:00,"{""side"": ""HOLD"", ""confidence"": null}",0.0,FILLED
2677,MES,2023-01-01 21:11:00,"{""side"": ""HOLD"", ""confidence"": null}",0.0,FILLED
2678,MES,2023-01-01 21:12:00,"{""side"": ""HOLD"", ""confidence"": null}",0.0,FILLED
2679,MES,2023-01-01 21:13:00,"{""side"": ""HOLD"", ""confidence"": null}",0.0,FILLED
2680,MES,2023-01-01 21:14:00,"{""side"": ""HOLD"", ""confidence"": null}",0.0,FILLED
2681,MES,2023-01-01 21:15:00,"{""side"": ""HOLD"", ""confidence"": null}",0.0,FILLED
2682,MES,2023-01-01 21:16:00,"{""side"": ""HOLD"", ""confidence"": null}",0.0,FILLED
2683,MES,2023-01-01 21:17:00,"{""side"": ""HOLD"", ""confidence"": null}",0.0,FILLED
2684,MES,2023-01-01 21:18:00,"{""side"": ""HOLD"", ""confidence"": null}",0.0,FILLED
2685,MES,2023-01-01 21:19:00,"{""side"": ""HOLD"", ""confidence"": null}",0.0,FILLED
2686,MES,2023-01-01 21:20:00,"{""side"": ""HOLD"", ""confidence"": null}",0.0,FILLED
2687,MES,2023-01-01 21:21:00,"{""side"": ""HOLD"", ""confidence"": null}",0.0,FILLED
2688,MES,2023-01-01 21:22:00,"{""side"": ""HOLD"", ""confidence"": null}",0.0,FILLED
2689,MES,2023-01-01 21:23:00,"{""side"": ""HOLD"", ""confidence"": null}",0.0,FILLED
2690,MES,2023-01-01 21:24:00,"{""side"": ""HOLD"", ""confidence"": null}",0.0,FILLED
2691,MES,2023-01-01 21:25:00,"{""side"": ""HOLD"", ""confidence"": null}",0.0,FILLED
2692,MES,2023-01-01 21:26:00,"{""side"": ""HOLD"", ""confidence"": null}",0.0,FILLED
2693,MES,2023-01-01 21:27:00,"{""side"": ""HOLD"", ""confidence"": null}",0.0,FILLED
2694,MES,2023-01-01 21:28:00,"{""side"": ""HOLD"", ""confidence"": null}",0.0,FILLED
2695,MES,2023-01-01 21:29:00,"{""side"": ""HOLD"", ""confidence"": null}",0.0,FILLED
2696,MES,2023-01-01 21:30:00,"{""side"": ""HOLD"", ""confidence"": null}",0.0,FILLED
2697,MES,2023-01-01 21:31:00,"{""side"": ""HOLD"", ""confidence"": null}",0.0,FILLED
2698,MES,2023-01-01 21:32:00,"{""side"": ""HOLD"", ""confidence"": null}",0.0,FILLED
2699,MES,2023-01-01 21:33:00,"{""side"": ""HOLD"", ""confidence"": null}",0.0,FILLED
2700,MES,2023-01-01 21:34:00,"{""side"": ""HOLD"", ""confidence"": null}",0.0,FILLED
2701,MES,2023-01-01 21:35:00,"{""side"": ""HOLD"", ""confidence"": null}",0.0,FILLED
2702,MES,2023-01-01 21:36:00,"{""side"": ""HOLD"", ""confidence"": null}",0.0,FILLED
2703,MES,2023-01-01 21:37:00,"{""side"": ""HOLD"", ""confidence"": null}",0.0,FILLED
2704,MES,2023-01-01 21:38:00,"{""side"": ""HOLD"", ""confidence"": null}",0.0,FILLED
2705,MES,2023-01-01 21:39:00,"{""side"": ""HOLD"", ""confidence"": null}",0.0,FILLED
2706,MES,2023-01-01 21:40:00,"{""side"": ""HOLD"", ""confidence"": null}",0.0,FILLED
2707,MES,2023-01-01 21:41:00,"{""side"": ""HOLD"", ""confidence"": null}",0.0,FILLED
2708,MES,2023-01-01 21:42:00,"{""side"": ""HOLD"", ""confidence"": null}",0.0,FILLED
2709,MES,2023-01-01 21:43:00,"{""side"": ""HOLD"", ""confidence"": null}",0.0,FILLED
2710,MES,2023-01-01 21:44:00,"{""side"": ""HOLD"", ""confidence"": null}",0.0,FILLED
2711,MES,2023-01-01 21:45:00,"{""side"": ""HOLD"", ""confidence"": null}",0.0,FILLED
2712,MES,2023-01-01 21:46:00,"{""side"": ""HOLD"", ""confidence"": null}",0.0,FILLED
2713,MES,2023-01-01 21:47:00,"{""side"": ""HOLD"", ""confidence"": null}",0.0,FILLED
2714,MES,2023-01-01 21:48:00,"{""side"": ""HOLD"", ""confidence"": null}",0.0,FILLED
2715,MES,2023-01-01 21:49:00,"{""side"": ""HOLD"", ""confidence"": null}",0.0,FILLED
2716,MES,2023-01-01 21:50:00,"{""side"": ""HOLD"", ""confidence"": null}",0.0,FILLED
2717,MES,2023-01-01 21:51:00,"{""side"": ""HOLD"", ""confidence"": null}",0.0,FILLED
2718,MES,2023-01-01 21:52:00,"{""side"": ""HOLD"", ""confidence"": null}",0.0,FILLED
2719,MES,2023-01-01 21:53:00,"{""side"": ""HOLD"", ""confidence"": null}",0.0,FILLED
2720,MES,2023-01-01 21:54:00,"{""side"": ""HOLD"", ""confidence"": null}",0.0,FILLED
2721,MES,2023-01-01 21:55:00,"{""side"": ""HOLD"", ""confidence"": null}",0.0,FILLED
2722,MES,2023-01-01 21:56:00,"{""side"": ""HOLD"", ""confidence"": null}",0.0,FILLED
2723,MES,2023-01-01 21:57:00,"{""side"": ""HOLD"", ""confidence"": null}",0.0,FILLED
2724,MES,2023-01-01 21:58:00,"{""side"": ""HOLD"", ""confidence"": null}",0.0,FILLED
2725,MES,2023-01-01 21:59:00,"{""side"": ""HOLD"", ""confidence"": null}",0.0,FILLED
2726,MES,2023-01-01 22:00:00,"{""side"": ""HOLD"", ""confidence"": null}",0.0,FILLED
2727,MES,2023-01-01 22:01:00,"{""side"": ""HOLD"", ""confidence"": null}",0.0,FILLED
2728,MES,2023-01-01 22:02:00,"{""side"": ""HOLD"", ""confidence"": null}",0.0,FILLED
2729,MES,2023-01-01 22:03:00,"{""side"": ""HOLD"", ""confidence"": null}",0.0,FILLED
2730,MES,2023-01-01 22:04:00,"{""side"": ""HOLD"", ""confidence"": null}",0.0,FILLED
2731,MES,2023-01-01 22:05:00,"{""side"": ""HOLD"", ""confidence"": null}",0.0,FILLED
2732,MES,2023-01-01 22:06:00,"{""side"": ""HOLD"", ""confidence"": null}",0.0,FILLED
2733,MES,2023-01-01 22:07:00,"{""side"": ""HOLD"", ""confidence"": null}",0.0,FILLED
2734,MES,2023-01-01 22:08:00,"{""side"": ""HOLD"", ""confidence"": null}",0.0,FILLED
2735,MES,2023-01-01 22:09:00,"{""side"": ""HOLD"", ""confidence"": null}",0.0,FILLED
2736,MES,2023-01-01 22:10:00,"{""side"": ""HOLD"", ""confidence"": null}",0.0,FILLED
2737,MES,2023-01-01 22:11:00,"{""side"": ""HOLD"", ""confidence"": null}",0.0,FILLED
2738,MES,2023-01-01 22:12:00,"{""side"": ""HOLD"", ""confidence"": null}",0.0,FILLED
2739,MES,2023-01-01 22:13:00,"{""side"": ""HOLD"", ""confidence"": null}",0.0,FILLED
2740,MES,2023-01-01 22:14:00,"{""side"": ""HOLD"", ""confidence"": null}",0.0,FILLED
2741,MES,2023-01-01 22:15:00,"{""side"": ""HOLD"", ""confidence"": null}",0.0,FILLED
2742,MES,2023-01-01 22:16:00,"{""side"": ""HOLD"", ""confidence"": null}",0.0,FILLED
2743,MES,2023-01-01 22:17:00,"{""side"": ""HOLD"", ""confidence"": null}",0.0,FILLED
2744,MES,2023-01-01 22:18:00,"{""side"": ""HOLD"", ""confidence"": null}",0.0,FILLED
2745,MES,2023-01-01 22:19:00,"{""side"": ""HOLD"", ""confidence"": null}",0.0,FILLED
2746,MES,2023-01-01 22:20:00,"{""side"": ""HOLD"", ""confidence"": null}",0.0,FILLED
2747,MES,2023-01-01 22:21:00,"{""side"": ""HOLD"", ""confidence"": null}",0.0,FILLED
2748,MES,2023-01-01 22:22:00,"{""side"": ""HOLD"", ""confidence"": null}",0.0,FILLED
2749,MES,2023-01-01 22:23:00,"{""side"": ""HOLD"", ""confidence"": null}",0.0,FILLED
2750,MES,2023-01-01 22:24:00,"{""side"": ""HOLD"", ""confidence"": null}",0.0,FILLED
2751,MES,2023-01-01 22:25:00,"{""side"": ""HOLD"", ""confidence"": null}",0.0,FILLED
2752,MES,2023-01-01 22:26:00,"{""side"": ""HOLD"", ""confidence"": null}",0.0,FILLED
2753,MES,2023-01-01 22:27:00,"{""side"": ""HOLD"", ""confidence"": null}",0.0,FILLED
2754,MES,2023-01-01 22:28:00,"{""side"": ""HOLD"", ""confidence"": null}",0.0,FILLED
2755,MES,2023-01-01 22:29:00,"{""side"": ""HOLD"", ""confidence"": null}",0.0,FILLED
2756,MES,2023-01-01 22:30:00,"{""side"": ""HOLD"", ""confidence"": null}",0.0,FILLED
2757,MES,2023-01-01 22:31:00,"{""side"": ""HOLD"", ""confidence"": null}",0.0,FILLED
2758,MES,2023-01-01 22:32:00,"{""side"": ""HOLD"", ""confidence"": null}",0.0,FILLED
2759,MES,2023-01-01 22:33:00,"{""side"": ""HOLD"", ""confidence"": null}",0.0,FILLED
2760,MES,2023-01-01 22:34:00,"{""side"": ""HOLD"", ""confidence"": null}",0.0,FILLED
2761,MES,2023-01-01 22:35:00,"{""side"": ""HOLD"", ""confidence"": null}",0.0,FILLED
2762,MES,2023-01-01 22:36:00,"{""side"": ""HOLD"", ""confidence"": null}",0.0,FILLED
2763,MES,2023-01-01 22:37:00,"{""side"": ""HOLD"", ""confidence"": null}",0.0,FILLED
2764,MES,2023-01-01 22:38:00,"{""side"": ""HOLD"", ""confidence"": null}",0.0,FILLED
2765,MES,2023-01-01 22:39:00,"{""side"": ""HOLD"", ""confidence"": null}",0.0,FILLED
2766,MES,2023-01-01 22:40:00,"{""side"": ""HOLD"", ""confidence"": null}",0.0,FILLED
2767,MES,2023-01-01 22:41:00,"{""side"": ""HOLD"", ""confidence"": null}",0.0,FILLED
2768,MES,2023-01-01 22:42:00,"{""side"": ""HOLD"", ""confidence"": null}",0.0,FILLED
2769,MES,2023-01-01 22:43:00,"{""side"": ""HOLD"", ""confidence"": null}",0.0,FILLED
2770,MES,2023-01-01 22:44:00,"{""side"": ""HOLD"", ""confidence"": null}",0.0,FILLED
2771,MES,2023-01-01 22:45:00,"{""side"": ""HOLD"", ""confidence"": null}",0.0,FILLED
2772,MES,2023-01-01 22:46:00,"{""side"": ""HOLD"", ""confidence"": null}",0.0,FILLED
2773,MES,2023-01-01 22:47:00,"{""side"": ""HOLD"", ""confidence"": null}",0.0,FILLED
2774,MES,2023-01-01 22:48:00,"{""side"": ""HOLD"", ""confidence"": null}",0.0,FILLED
2775,MES,2023-01-01 22:49:00,"{""side"": ""HOLD"", ""confidence"": null}",0.0,FILLED
2776,MES,2023-01-01 22:50:00,"{""side"": ""HOLD"", ""confidence"": null}",0.0,FILLED
2777,MES,2023-01-01 22:51:00,"{""side"": ""HOLD"", ""confidence"": null}",0.0,FILLED
2778,MES,2023-01-01 22:52:00,"{""side"": ""HOLD"", ""confidence"": null}",0.0,FILLED
2779,MES,2023-01-01 22:53:00,"{""side"": ""HOLD"", ""confidence"": null}",0.0,FILLED
2780,MES,2023-01-01 22:54:00,"{""side"": ""HOLD"", ""confidence"": null}",0.0,FILLED
2781,MES,2023-01-01 22:55:00,"{""side"": ""HOLD"", ""confidence"": null}",0.0,FILLED
2782,MES,2023-01-01 22:56:00,"{""side"": ""HOLD"", ""confidence"": null}",0.0,FILLED
2783,MES,2023-01-01 22:57:00,"{""side"": ""HOLD"", ""confidence"": null}",0.0,FILLED
2784,MES,2023-01-01 22:58:00,"{""side"": ""HOLD"", ""confidence"": null}",0.0,FILLED
2785,MES,2023-01-01 22:59:00,"{""side"": ""HOLD"", ""confidence"": null}",0.0,FILLED
2786,MES,2023-01-01 23:00:00,"{""side"": ""HOLD"", ""confidence"": null}",0.0,FILLED
2787,MES,2023-01-01 23:01:00,"{""side"": ""HOLD"", ""confidence"": null}",0.0,FILLED
2788,MES,2023-01-01 23:02:00,"{""side"": ""HOLD"", ""confidence"": null}",0.0,FILLED
2789,MES,2023-01-01 23:03:00,"{""side"": ""HOLD"", ""confidence"": null}",0.0,FILLED
2790,MES,2023-01-01 23:04:00,"{""side"": ""HOLD"", ""confidence"": null}",0.0,FILLED
2791,MES,2023-01-01 23:05:00,"{""side"": ""HOLD"", ""confidence"": null}",0.0,FILLED
2792,MES,2023-01-01 23:06:00,"{""side"": ""HOLD"", ""confidence"": null}",0.0,FILLED
2793,MES,2023-01-01 23:07:00,"{""side"": ""HOLD"", ""confidence"": null}",0.0,FILLED
2794,MES,2023-01-01 23:08:00,"{""side"": ""HOLD"", ""confidence"": null}",0.0,FILLED
2795,MES,2023-01-01 23:09:00,"{""side"": ""HOLD"", ""confidence"": null}",0.0,FILLED
2796,MES,2023-01-01 23:10:00,"{""side"": ""HOLD"", ""confidence"": null}",0.0,FILLED
2797,MES,2023-01-01 23:11:00,"{""side"": ""HOLD"", ""confidence"": null}",0.0,FILLED
2798,MES,2023-01-01 23:12:00,"{""side"": ""HOLD"", ""confidence"": null}",0.0,FILLED
2799,MES,2023-01-01 23:13:00,"{""side"": ""HOLD"", ""confidence"": null}",0.0,FILLED
2800,MES,2023-01-01 23:14:00,"{""side"": ""HOLD"", ""confidence"": null}",0.0,FILLED
2801,MES,2023-01-01 23:15:00,"{""side"": ""HOLD"", ""confidence"": null}",0.0,FILLED
2802,MES,2023-01-01 23:16:00,"{""side"": ""HOLD"", ""confidence"": null}",0.0,FILLED
2803,MES,2023-01-01 23:17:00,"{""side"": ""HOLD"", ""confidence"": null}",0.0,FILLED
2804,MES,2023-01-01 23:18:00,"{""side"": ""HOLD"", ""confidence"": null}",0.0,FILLED
2805,MES,2023-01-01 23:19:00,"{""side"": ""HOLD"", ""confidence"": null}",0.0,FILLED
2806,MES,2023-01-01 23:20:00,"{""side"": ""HOLD"", ""confidence"": null}",0.0,FILLED
2807,MES,2023-01-01 23:21:00,"{""side"": ""HOLD"", ""confidence"": null}",0.0,FILLED
2808,MES,2023-01-01 23:22:00,"{""side"": ""HOLD"", ""confidence"": null}",0.0,FILLED
2809,MES,2023-01-01 23:23:00,"{""side"": ""HOLD"", ""confidence"": null}",0.0,FILLED
2810,MES,2023-01-01 23:24:00,"{""side"": ""HOLD"", ""confidence"": null}",0.0,FILLED
2811,MES,2023-01-01 23:25:00,"{""side"": ""HOLD"", ""confidence"": null}",0.0,FILLED
2812,MES,2023-01-01 23:26:00,"{""side"": ""HOLD"", ""confidence"": null}",0.0,FILLED
2813,MES,2023-01-01 23:27:00,"{""side"": ""HOLD"", ""confidence"": null}",0.0,FILLED
2814,MES,2023-01-01 23:28:00,"{""side"": ""HOLD"", ""confidence"": null}",0.0,FILLED
2815,MES,2023-01-01 23:29:00,"{""side"": ""HOLD"", ""confidence"": null}",0.0,FILLED
2816,MES,2023-01-01 23:30:00,"{""side"": ""HOLD"", ""confidence"": null}",0.0,FILLED
2817,MES,2023-01-01 23:31:00,"{""side"": ""HOLD"", ""confidence"": null}",0.0,FILLED
2818,MES,2023-01-01 23:32:00,"{""side"": ""HOLD"", ""confidence"": null}",0.0,FILLED
2819,MES,2023-01-01 23:33:00,"{""side"": ""HOLD"", ""confidence"": null}",0.0,FILLED
2820,MES,2023-01-01 23:34:00,"{""side"": ""HOLD"", ""confidence"": null}",0.0,FILLED
2821,MES,2023-01-01 23:35:00,"{""side"": ""HOLD"", ""confidence"": null}",0.0,FILLED
2822,MES,2023-01-01 23:36:00,"{""side"": ""HOLD"", ""confidence"": null}",0.0,FILLED
2823,MES,2023-01-01 23:37:00,"{""side"": ""HOLD"", ""confidence"": null}",0.0,FILLED
2824,MES,2023-01-01 23:38:00,"{""side"": ""HOLD"", ""confidence"": null}",0.0,FILLED
2825,MES,2023-01-01 23:39:00,"{""side"": ""HOLD"", ""confidence"": null}",0.0,FILLED
2826,MES,2023-01-01 23:40:00,"{""side"": ""HOLD"", ""confidence"": null}",0.0,FILLED
2827,MES,2023-01-01 23:41:00,"{""side"": ""HOLD"", ""confidence"": null}",0.0,FILLED
2828,MES,2023-01-01 23:42:00,"{""side"": ""HOLD"", ""confidence"": null}",0.0,FILLED
2829,MES,2023-01-01 23:43:00,"{""side"": ""HOLD"", ""confidence"": null}",0.0,FILLED
2830,MES,2023-01-01 23:44:00,"{""side"": ""HOLD"", ""confidence"": null}",0.0,FILLED
2831,MES,2023-01-01 23:45:00,"{""side"": ""HOLD"", ""confidence"": null}",0.0,FILLED
2832,MES,2023-01-01 23:46:00,"{""side"": ""HOLD"", ""confidence"": null}",0.0,FILLED
2833,MES,2023-01-01 23:47:00,"{""side"": ""HOLD"", ""confidence"": null}",0.0,FILLED
2834,MES,2023-01-01 23:48:00,"{""side"": ""HOLD"", ""confidence"": null}",0.0,FILLED
2835,MES,2023-01-01 23:49:00,"{""side"": ""HOLD"", ""confidence"": null}",0.0,FILLED
2836,MES,2023-01-01 23:50:00,"{""side"": ""HOLD"", ""confidence"": null}",0.0,FILLED
2837,MES,2023-01-01 23:51:00,"{""side"": ""HOLD"", ""confidence"": null}",0.0,FILLED
2838,MES,2023-01-01 23:52:00,"{""side"": ""HOLD"", ""confidence"": null}",0.0,FILLED
2839,MES,2023-01-01 23:53:00,"{""side"": ""HOLD"", ""confidence"": null}",0.0,FILLED
2840,MES,2023-01-01 23:54:00,"{""side"": ""HOLD"", ""confidence"": null}",0.0,FILLED
2841,MES,2023-01-01 23:55:00,"{""side"": ""HOLD"", ""confidence"": null}",0.0,FILLED
2842,MES,2023-01-01 23:56:00,"{""side"": ""HOLD"", ""confidence"": null}",0.0,FILLED
2843,MES,2023-01-01 23:57:00,"{""side"": ""HOLD"", ""confidence"": null}",0.0,FILLED
2844,MES,2023-01-01 23:58:00,"{""side"": ""HOLD"", ""confidence"": null}",0.0,FILLED
2845,MES,2023-01-01 23:59:00,"{""side"": ""HOLD"", ""confidence"": null}",0.0,FILLED
2846,MES,2023-01-02 00:00:00,"{""side"": ""HOLD"", ""confidence"": null}",0.0,FILLED
2847,MES,2023-01-02 00:01:00,"{""side"": ""HOLD"", ""confidence"": null}",0.0,FILLED
2848,MES,2023-01-02 00:02:00,"{""side"": ""HOLD"", ""confidence"": null}",0.0,FILLED
2849,MES,2023-01-02 00:03:00,"{""side"": ""HOLD"", ""confidence"": null}",0.0,FILLED
2850,MES,2023-01-02 00:04:00,"{""side"": ""HOLD"", ""confidence"": null}",0.0,FILLED
2851,MES,2023-01-02 00:05:00,"{""side"": ""HOLD"", ""confidence"": null}",0.0,FILLED
2852,MES,2023-01-02 00:06:00,"{""side"": ""HOLD"", ""confidence"": null}",0.0,FILLED
2853,MES,2023-01-02 00:07:00,"{""side"": ""HOLD"", ""confidence"": null}",0.0,FILLED
2854,MES,2023-01-02 00:08:00,"{""side"": ""HOLD"", ""confidence"": null}",0.0,FILLED
2855,MES,2023-01-02 00:09:00,"{""side"": ""HOLD"", ""confidence"": null}",0.0,FILLED
2856,MES,2023-01-02 00:10:00,"{""side"": ""HOLD"", ""confidence"": null}",0.0,FILLED
2857,MES,2023-01-02 00:11:00,"{""side"": ""HOLD"", ""confidence"": null}",0.0,FILLED
2858,MES,2023-01-02 00:12:00,"{""side"": ""HOLD"", ""confidence"": null}",0.0,FILLED
2859,MES,2023-01-02 00:13:00,"{""side"": ""HOLD"", ""confidence"": null}",0.0,FILLED
2860,MES,2023-01-02 00:14:00,"{""side"": ""HOLD"", ""confidence"": null}",0.0,FILLED
2861,MES,2023-01-02 00:15:00,"{""side"": ""HOLD"", ""confidence"": null}",0.0,FILLED
2862,MES,2023-01-02 00:16:00,"{""side"": ""HOLD"", ""confidence"": null}",0.0,FILLED
2863,MES,2023-01-02 00:17:00,"{""side"": ""HOLD"", ""confidence"": null}",0.0,FILLED
2864,MES,2023-01-02 00:18:00,"{""side"": ""HOLD"", ""confidence"": null}",0.0,FILLED
2865,MES,2023-01-02 00:19:00,"{""side"": ""HOLD"", ""confidence"": null}",0.0,FILLED
2866,MES,2023-01-02 00:20:00,"{""side"": ""HOLD"", ""confidence"": null}",0.0,FILLED
2867,MES,2023-01-02 00:21:00,"{""side"": ""HOLD"", ""confidence"": null}",0.0,FILLED
2868,MES,2023-01-02 00:22:00,"{""side"": ""HOLD"", ""confidence"": null}",0.0,FILLED
2869,MES,2023-01-02 00:23:00,"{""side"": ""HOLD"", ""confidence"": null}",0.0,FILLED
2870,MES,2023-01-02 00:24:00,"{""side"": ""HOLD"", ""confidence"": null}",0.0,FILLED
2871,MES,2023-01-02 00:25:00,"{""side"": ""HOLD"", ""confidence"": null}",0.0,FILLED
2872,MES,2023-01-02 00:26:00,"{""side"": ""HOLD"", ""confidence"": null}",0.0,FILLED
2873,MES,2023-01-02 00:27:00,"{""side"": ""HOLD"", ""confidence"": null}",0.0,FILLED
2874,MES,2023-01-02 00:28:00,"{""side"": ""HOLD"", ""confidence"": null}",0.0,FILLED
2875,MES,2023-01-02 00:29:00,"{""side"": ""HOLD"", ""confidence"": null}",0.0,FILLED
2876,MES,2023-01-02 00:30:00,"{""side"": ""HOLD"", ""confidence"": null}",0.0,FILLED
2877,MES,2023-01-02 00:31:00,"{""side"": ""HOLD"", ""confidence"": null}",0.0,FILLED
2878,MES,2023-01-02 00:32:00,"{""side"": ""HOLD"", ""confidence"": null}",0.0,FILLED
2879,MES,2023-01-02 00:33:00,"{""side"": ""HOLD"", ""confidence"": null}",0.0,FILLED
2880,MES,2023-01-02 00:34:00,"{""side"": ""HOLD"", ""confidence"": null}",0.0,FILLED
2881,MES,2023-01-02 00:35:00,"{""side"": ""HOLD"", ""confidence"": null}",0.0,FILLED
2882,MES,2023-01-02 00:36:00,"{""side"": ""HOLD"", ""confidence"": null}",0.0,FILLED
2883,MES,2023-01-02 00:37:00,"{""side"": ""HOLD"", ""confidence"": null}",0.0,FILLED
2884,MES,2023-01-02 00:38:00,"{""side"": ""HOLD"", ""confidence"": null}",0.0,FILLED
2885,MES,2023-01-02 00:39:00,"{""side"": ""HOLD"", ""confidence"": null}",0.0,FILLED
2886,MES,2023-01-02 00:40:00,"{""side"": ""HOLD"", ""confidence"": null}",0.0,FILLED
2887,MES,2023-01-02 00:41:00,"{""side"": ""HOLD"", ""confidence"": null}",0.0,FILLED
2888,MES,2023-01-02 00:42:00,"{""side"": ""HOLD"", ""confidence"": null}",0.0,FILLED
2889,MES,2023-01-02 00:43:00,"{""side"": ""HOLD"", ""confidence"": null}",0.0,FILLED
2890,MES,2023-01-02 00:44:00,"{""side"": ""HOLD"", ""confidence"": null}",0.0,FILLED
2891,MES,2023-01-02 00:45:00,"{""side"": ""HOLD"", ""confidence"": null}",0.0,FILLED
2892,MES,2023-01-02 00:46:00,"{""side"": ""HOLD"", ""confidence"": null}",0.0,FILLED
2893,MES,2023-01-02 00:47:00,"{""side"": ""HOLD"", ""confidence"": null}",0.0,FILLED
2894,MES,2023-01-02 00:48:00,"{""side"": ""HOLD"", ""confidence"": null}",0.0,FILLED
2895,MES,2023-01-02 00:49:00,"{""side"": ""HOLD"", ""confidence"": null}",0.0,FILLED
2896,MES,2023-01-02 00:50:00,"{""side"": ""HOLD"", ""confidence"": null}",0.0,FILLED
2897,MES,2023-01-02 00:51:00,"{""side"": ""HOLD"", ""confidence"": null}",0.0,FILLED
2898,MES,2023-01-02 00:52:00,"{""side"": ""HOLD"", ""confidence"": null}",0.0,FILLED
2899,MES,2023-01-02 00:53:00,"{""side"": ""HOLD"", ""confidence"": null}",0.0,FILLED
2900,MES,2023-01-02 00:54:00,"{""side"": ""HOLD"", ""confidence"": null}",0.0,FILLED
2901,MES,2023-01-02 00:55:00,"{""side"": ""HOLD"", ""confidence"": null}",0.0,FILLED
2902,MES,2023-01-02 00:56:00,"{""side"": ""HOLD"", ""confidence"": null}",0.0,FILLED
2903,MES,2023-01-02 00:57:00,"{""side"": ""HOLD"", ""confidence"": null}",0.0,FILLED
2904,MES,2023-01-02 00:58:00,"{""side"": ""HOLD"", ""confidence"": null}",0.0,FILLED
2905,MES,2023-01-02 00:59:00,"{""side"": ""HOLD"", ""confidence"": null}",0.0,FILLED
2906,MES,2023-01-02 01:00:00,"{""side"": ""HOLD"", ""confidence"": null}",0.0,FILLED
2907,MES,2023-01-02 01:01:00,"{""side"": ""HOLD"", ""confidence"": null}",0.0,FILLED
2908,MES,2023-01-02 01:02:00,"{""side"": ""HOLD"", ""confidence"": null}",0.0,FILLED
2909,MES,2023-01-02 01:03:00,"{""side"": ""HOLD"", ""confidence"": null}",0.0,FILLED
2910,MES,2023-01-02 01:04:00,"{""side"": ""HOLD"", ""confidence"": null}",0.0,FILLED
2911,MES,2023-01-02 01:05:00,"{""side"": ""HOLD"", ""confidence"": null}",0.0,FILLED
2912,MES,2023-01-02 01:06:00,"{""side"": ""HOLD"", ""confidence"": null}",0.0,FILLED
2913,MES,2023-01-02 01:07:00,"{""side"": ""HOLD"", ""confidence"": null}",0.0,FILLED
2914,MES,2023-01-02 01:08:00,"{""side"": ""HOLD"", ""confidence"": null}",0.0,FILLED
2915,MES,2023-01-02 01:09:00,"{""side"": ""HOLD"", ""confidence"": null}",0.0,FILLED
2916,MES,2023-01-02 01:10:00,"{""side"": ""HOLD"", ""confidence"": null}",0.0,FILLED
2917,MES,2023-01-02 01:11:00,"{""side"": ""HOLD"", ""confidence"": null}",0.0,FILLED
2918,MES,2023-01-02 01:12:00,"{""side"": ""HOLD"", ""confidence"": null}",0.0,FILLED
2919,MES,2023-01-02 01:13:00,"{""side"": ""HOLD"", ""confidence"": null}",0.0,FILLED
2920,MES,2023-01-02 01:14:00,"{""side"": ""HOLD"", ""confidence"": null}",0.0,FILLED
2921,MES,2023-01-02 01:15:00,"{""side"": ""HOLD"", ""confidence"": null}",0.0,FILLED
2922,MES,2023-01-02 01:16:00,"{""side"": ""HOLD"", ""confidence"": null}",0.0,FILLED
2923,MES,2023-01-02 01:17:00,"{""side"": ""HOLD"", ""confidence"": null}",0.0,FILLED
2924,MES,2023-01-02 01:18:00,"{""side"": ""HOLD"", ""confidence"": null}",0.0,FILLED
2925,MES,2023-01-02 01:19:00,"{""side"": ""HOLD"", ""confidence"": null}",0.0,FILLED
2926,MES,2023-01-02 01:20:00,"{""side"": ""HOLD"", ""confidence"": null}",0.0,FILLED
2927,MES,2023-01-02 01:21:00,"{""side"": ""HOLD"", ""confidence"": null}",0.0,FILLED
2928,MES,2023-01-02 01:22:00,"{""side"": ""HOLD"", ""confidence"": null}",0.0,FILLED
2929,MES,2023-01-02 01:23:00,"{""side"": ""HOLD"", ""confidence"": null}",0.0,FILLED
2930,MES,2023-01-02 01:24:00,"{""side"": ""HOLD"", ""confidence"": null}",0.0,FILLED
2931,MES,2023-01-02 01:25:00,"{""side"": ""HOLD"", ""confidence"": null}",0.0,FILLED
2932,MES,2023-01-02 01:26:00,"{""side"": ""HOLD"", ""confidence"": null}",0.0,FILLED
2933,MES,2023-01-02 01:27:00,"{""side"": ""HOLD"", ""confidence"": null}",0.0,FILLED
2934,MES,2023-01-02 01:28:00,"{""side"": ""HOLD"", ""confidence"": null}",0.0,FILLED
2935,MES,2023-01-02 01:29:00,"{""side"": ""HOLD"", ""confidence"": null}",0.0,FILLED
2936,MES,2023-01-02 01:30:00,"{""side"": ""HOLD"", ""confidence"": null}",0.0,FILLED
2937,MES,2023-01-02 01:31:00,"{""side"": ""HOLD"", ""confidence"": null}",0.0,FILLED
2938,MES,2023-01-02 01:32:00,"{""side"": ""HOLD"", ""confidence"": null}",0.0,FILLED
2939,MES,2023-01-02 01:33:00,"{""side"": ""HOLD"", ""confidence"": null}",0.0,FILLED
2940,MES,2023-01-02 01:34:00,"{""side"": ""HOLD"", ""confidence"": null}",0.0,FILLED
2941,MES,2023-01-02 01:35:00,"{""side"": ""HOLD"", ""confidence"": null}",0.0,FILLED
2942,MES,2023-01-02 01:36:00,"{""side"": ""HOLD"", ""confidence"": null}",0.0,FILLED
2943,MES,2023-01-02 01:37:00,"{""side"": ""HOLD"", ""confidence"": null}",0.0,FILLED
2944,MES,2023-01-02 01:38:00,"{""side"": ""HOLD"", ""confidence"": null}",0.0,FILLED
2945,MES,2023-01-02 01:39:00,"{""side"": ""HOLD"", ""confidence"": null}",0.0,FILLED
2946,MES,2023-01-02 01:40:00,"{""side"": ""HOLD"", ""confidence"": null}",0.0,FILLED
2947,MES,2023-01-02 01:41:00,"{""side"": ""HOLD"", ""confidence"": null}",0.0,FILLED
2948,MES,2023-01-02 01:42:00,"{""side"": ""HOLD"", ""confidence"": null}",0.0,FILLED
2949,MES,2023-01-02 01:43:00,"{""side"": ""HOLD"", ""confidence"": null}",0.0,FILLED
2950,MES,2023-01-02 01:44:00,"{""side"": ""HOLD"", ""confidence"": null}",0.0,FILLED
2951,MES,2023-01-02 01:45:00,"{""side"": ""HOLD"", ""confidence"": null}",0.0,FILLED
2952,MES,2023-01-02 01:46:00,"{""side"": ""HOLD"", ""confidence"": null}",0.0,FILLED
2953,MES,2023-01-02 01:47:00,"{""side"": ""HOLD"", ""confidence"": null}",0.0,FILLED
2954,MES,2023-01-02 01:48:00,"{""side"": ""HOLD"", ""confidence"": null}",0.0,FILLED
2955,MES,2023-01-02 01:49:00,"{""side"": ""HOLD"", ""confidence"": null}",0.0,FILLED
2956,MES,2023-01-02 01:50:00,"{""side"": ""HOLD"", ""confidence"": null}",0.0,FILLED
2957,MES,2023-01-02 01:51:00,"{""side"": ""HOLD"", ""confidence"": null}",0.0,FILLED
2958,MES,2023-01-02 01:52:00,"{""side"": ""HOLD"", ""confidence"": null}",0.0,FILLED
2959,MES,2023-01-02 01:53:00,"{""side"": ""HOLD"", ""confidence"": null}",0.0,FILLED
2960,MES,2023-01-02 01:54:00,"{""side"": ""HOLD"", ""confidence"": null}",0.0,FILLED
2961,MES,2023-01-02 01:55:00,"{""side"": ""HOLD"", ""confidence"": null}",0.0,FILLED
2962,MES,2023-01-02 01:56:00,"{""side"": ""HOLD"", ""confidence"": null}",0.0,FILLED
2963,MES,2023-01-02 01:57:00,"{""side"": ""HOLD"", ""confidence"": null}",0.0,FILLED
2964,MES,2023-01-02 01:58:00,"{""side"": ""HOLD"", ""confidence"": null}",0.0,FILLED
2965,MES,2023-01-02 01:59:00,"{""side"": ""HOLD"", ""confidence"": null}",0.0,FILLED
2966,MES,2023-01-02 02:00:00,"{""side"": ""HOLD"", ""confidence"": null}",0.0,FILLED
2967,MES,2023-01-02 02:01:00,"{""side"": ""HOLD"", ""confidence"": null}",0.0,FILLED
2968,MES,2023-01-02 02:02:00,"{""side"": ""HOLD"", ""confidence"": null}",0.0,FILLED
2969,MES,2023-01-02 02:03:00,"{""side"": ""HOLD"", ""confidence"": null}",0.0,FILLED
2970,MES,2023-01-02 02:04:00,"{""side"": ""HOLD"", ""confidence"": null}",0.0,FILLED
2971,MES,2023-01-02 02:05:00,"{""side"": ""HOLD"", ""confidence"": null}",0.0,FILLED
2972,MES,2023-01-02 02:06:00,"{""side"": ""HOLD"", ""confidence"": null}",0.0,FILLED
2973,MES,2023-01-02 02:07:00,"{""side"": ""HOLD"", ""confidence"": null}",0.0,FILLED
2974,MES,2023-01-02 02:08:00,"{""side"": ""HOLD"", ""confidence"": null}",0.0,FILLED
2975,MES,2023-01-02 02:09:00,"{""side"": ""HOLD"", ""confidence"": null}",0.0,FILLED
2976,MES,2023-01-02 02:10:00,"{""side"": ""HOLD"", ""confidence"": null}",0.0,FILLED
2977,MES,2023-01-02 02:11:00,"{""side"": ""HOLD"", ""confidence"": null}",0.0,FILLED
2978,MES,2023-01-02 02:12:00,"{""side"": ""HOLD"", ""confidence"": null}",0.0,FILLED
2979,MES,2023-01-02 02:13:00,"{""side"": ""HOLD"", ""confidence"": null}",0.0,FILLED
2980,MES,2023-01-02 02:14:00,"{""side"": ""HOLD"", ""confidence"": null}",0.0,FILLED
2981,MES,2023-01-02 02:15:00,"{""side"": ""HOLD"", ""confidence"": null}",0.0,FILLED
2982,MES,2023-01-02 02:16:00,"{""side"": ""HOLD"", ""confidence"": null}",0.0,FILLED
2983,MES,2023-01-02 02:17:00,"{""side"": ""HOLD"", ""confidence"": null}",0.0,FILLED
2984,MES,2023-01-02 02:18:00,"{""side"": ""HOLD"", ""confidence"": null}",0.0,FILLED
2985,MES,2023-01-02 02:19:00,"{""side"": ""HOLD"", ""confidence"": null}",0.0,FILLED
2986,MES,2023-01-02 02:20:00,"{""side"": ""HOLD"", ""confidence"": null}",0.0,FILLED
2987,MES,2023-01-02 02:21:00,"{""side"": ""HOLD"", ""confidence"": null}",0.0,FILLED
2988,MES,2023-01-02 02:22:00,"{""side"": ""HOLD"", ""confidence"": null}",0.0,FILLED
2989,MES,2023-01-02 02:23:00,"{""side"": ""HOLD"", ""confidence"": null}",0.0,FILLED
2990,MES,2023-01-02 02:24:00,"{""side"": ""HOLD"", ""confidence"": null}",0.0,FILLED
2991,MES,2023-01-02 02:25:00,"{""side"": ""HOLD"", ""confidence"": null}",0.0,FILLED
2992,MES,2023-01-02 02:26:00,"{""side"": ""HOLD"", ""confidence"": null}",0.0,FILLED
2993,MES,2023-01-02 02:27:00,"{""side"": ""HOLD"", ""confidence"": null}",0.0,FILLED
2994,MES,2023-01-02 02:28:00,"{""side"": ""HOLD"", ""confidence"": null}",0.0,FILLED
2995,MES,2023-01-02 02:29:00,"{""side"": ""HOLD"", ""confidence"": null}",0.0,FILLED
2996,MES,2023-01-02 02:30:00,"{""side"": ""HOLD"", ""confidence"": null}",0.0,FILLED
2997,MES,2023-01-02 02:31:00,"{""side"": ""HOLD"", ""confidence"": null}",0.0,FILLED
2998,MES,2023-01-02 02:32:00,"{""side"": ""HOLD"", ""confidence"": null}",0.0,FILLED
2999,MES,2023-01-02 02:33:00,"{""side"": ""HOLD"", ""confidence"": null}",0.0,FILLED
3000,MES,2023-01-02 02:34:00,"{""side"": ""HOLD"", ""confidence"": null}",0.0,FILLED
3001,MES,2023-01-02 02:35:00,"{""side"": ""HOLD"", ""confidence"": null}",0.0,FILLED
3002,MES,2023-01-02 02:36:00,"{""side"": ""HOLD"", ""confidence"": null}",0.0,FILLED
3003,MES,2023-01-02 02:37:00,"{""side"": ""HOLD"", ""confidence"": null}",0.0,FILLED
3004,MES,2023-01-02 02:38:00,"{""side"": ""HOLD"", ""confidence"": null}",0.0,FILLED
3005,MES,2023-01-02 02:39:00,"{""side"": ""HOLD"", ""confidence"": null}",0.0,FILLED
3006,MES,2023-01-02 02:40:00,"{""side"": ""HOLD"", ""confidence"": null}",0.0,FILLED
3007,MES,2023-01-02 02:41:00,"{""side"": ""HOLD"", ""confidence"": null}",0.0,FILLED
3008,MES,2023-01-02 02:42:00,"{""side"": ""HOLD"", ""confidence"": null}",0.0,FILLED
3009,MES,2023-01-02 02:43:00,"{""side"": ""HOLD"", ""confidence"": null}",0.0,FILLED
3010,MES,2023-01-02 02:44:00,"{""side"": ""HOLD"", ""confidence"": null}",0.0,FILLED
3011,MES,2023-01-02 02:45:00,"{""side"": ""HOLD"", ""confidence"": null}",0.0,FILLED
3012,MES,2023-01-02 02:46:00,"{""side"": ""HOLD"", ""confidence"": null}",0.0,FILLED
3013,MES,2023-01-02 02:47:00,"{""side"": ""HOLD"", ""confidence"": null}",0.0,FILLED
3014,MES,2023-01-02 02:48:00,"{""side"": ""HOLD"", ""confidence"": null}",0.0,FILLED
3015,MES,2023-01-02 02:49:00,"{""side"": ""HOLD"", ""confidence"": null}",0.0,FILLED
3016,MES,2023-01-02 02:50:00,"{""side"": ""HOLD"", ""confidence"": null}",0.0,FILLED
3017,MES,2023-01-02 02:51:00,"{""side"": ""HOLD"", ""confidence"": null}",0.0,FILLED
3018,MES,2023-01-02 02:52:00,"{""side"": ""HOLD"", ""confidence"": null}",0.0,FILLED
3019,MES,2023-01-02 02:53:00,"{""side"": ""HOLD"", ""confidence"": null}",0.0,FILLED
3020,MES,2023-01-02 02:54:00,"{""side"": ""HOLD"", ""confidence"": null}",0.0,FILLED
3021,MES,2023-01-02 02:55:00,"{""side"": ""HOLD"", ""confidence"": null}",0.0,FILLED
3022,MES,2023-01-02 02:56:00,"{""side"": ""HOLD"", ""confidence"": null}",0.0,FILLED
3023,MES,2023-01-02 02:57:00,"{""side"": ""HOLD"", ""confidence"": null}",0.0,FILLED
3024,MES,2023-01-02 02:58:00,"{""side"": ""HOLD"", ""confidence"": null}",0.0,FILLED
3025,MES,2023-01-02 02:59:00,"{""side"": ""HOLD"", ""confidence"": null}",0.0,FILLED
3026,MES,2023-01-02 03:00:00,"{""side"": ""HOLD"", ""confidence"": null}",0.0,FILLED
3027,MES,2023-01-02 03:01:00,"{""side"": ""HOLD"", ""confidence"": null}",0.0,FILLED
3028,MES,2023-01-02 03:02:00,"{""side"": ""HOLD"", ""confidence"": null}",0.0,FILLED
3029,MES,2023-01-02 03:03:00,"{""side"": ""HOLD"", ""confidence"": null}",0.0,FILLED
3030,MES,2023-01-02 03:04:00,"{""side"": ""HOLD"", ""confidence"": null}",0.0,FILLED
3031,MES,2023-01-02 03:05:00,"{""side"": ""HOLD"", ""confidence"": null}",0.0,FILLED
3032,MES,2023-01-02 03:06:00,"{""side"": ""HOLD"", ""confidence"": null}",0.0,FILLED
3033,MES,2023-01-02 03:07:00,"{""side"": ""HOLD"", ""confidence"": null}",0.0,FILLED
3034,MES,2023-01-02 03:08:00,"{""side"": ""HOLD"", ""confidence"": null}",0.0,FILLED
3035,MES,2023-01-02 03:09:00,"{""side"": ""HOLD"", ""confidence"": null}",0.0,FILLED
3036,MES,2023-01-02 03:10:00,"{""side"": ""HOLD"", ""confidence"": null}",0.0,FILLED
3037,MES,2023-01-02 03:11:00,"{""side"": ""HOLD"", ""confidence"": null}",0.0,FILLED
3038,MES,2023-01-02 03:12:00,"{""side"": ""HOLD"", ""confidence"": null}",0.0,FILLED
3039,MES,2023-01-02 03:13:00,"{""side"": ""HOLD"", ""confidence"": null}",0.0,FILLED
3040,MES,2023-01-02 03:14:00,"{""side"": ""HOLD"", ""confidence"": null}",0.0,FILLED
3041,MES,2023-01-02 03:15:00,"{""side"": ""HOLD"", ""confidence"": null}",0.0,FILLED
3042,MES,2023-01-02 03:16:00,"{""side"": ""HOLD"", ""confidence"": null}",0.0,FILLED
3043,MES,2023-01-02 03:17:00,"{""side"": ""HOLD"", ""confidence"": null}",0.0,FILLED
3044,MES,2023-01-02 03:18:00,"{""side"": ""HOLD"", ""confidence"": null}",0.0,FILLED
3045,MES,2023-01-02 03:19:00,"{""side"": ""HOLD"", ""confidence"": null}",0.0,FILLED
3046,MES,2023-01-02 03:20:00,"{""side"": ""HOLD"", ""confidence"": null}",0.0,FILLED
3047,MES,2023-01-02 03:21:00,"{""side"": ""HOLD"", ""confidence"": null}",0.0,FILLED
3048,MES,2023-01-02 03:22:00,"{""side"": ""HOLD"", ""confidence"": null}",0.0,FILLED
3049,MES,2023-01-02 03:23:00,"{""side"": ""HOLD"", ""confidence"": null}",0.0,FILLED
3050,MES,2023-01-02 03:24:00,"{""side"": ""HOLD"", ""confidence"": null}",0.0,FILLED
3051,MES,2023-01-02 03:25:00,"{""side"": ""HOLD"", ""confidence"": null}",0.0,FILLED
3052,MES,2023-01-02 03:26:00,"{""side"": ""HOLD"", ""confidence"": null}",0.0,FILLED
3053,MES,2023-01-02 03:27:00,"{""side"": ""HOLD"", ""confidence"": null}",0.0,FILLED
3054,MES,2023-01-02 03:28:00,"{""side"": ""HOLD"", ""confidence"": null}",0.0,FILLED
3055,MES,2023-01-02 03:29:00,"{""side"": ""HOLD"", ""confidence"": null}",0.0,FILLED
3056,MES,2023-01-02 03:30:00,"{""side"": ""HOLD"", ""confidence"": null}",0.0,FILLED
3057,MES,2023-01-02 03:31:00,"{""side"": ""HOLD"", ""confidence"": null}",0.0,FILLED
3058,MES,2023-01-02 03:32:00,"{""side"": ""HOLD"", ""confidence"": null}",0.0,FILLED
3059,MES,2023-01-02 03:33:00,"{""side"": ""HOLD"", ""confidence"": null}",0.0,FILLED
3060,MES,2023-01-02 03:34:00,"{""side"": ""HOLD"", ""confidence"": null}",0.0,FILLED
3061,MES,2023-01-02 03:35:00,"{""side"": ""HOLD"", ""confidence"": null}",0.0,FILLED
3062,MES,2023-01-02 03:36:00,"{""side"": ""HOLD"", ""confidence"": null}",0.0,FILLED
3063,MES,2023-01-02 03:37:00,"{""side"": ""HOLD"", ""confidence"": null}",0.0,FILLED
3064,MES,2023-01-02 03:38:00,"{""side"": ""HOLD"", ""confidence"": null}",0.0,FILLED
3065,MES,2023-01-02 03:39:00,"{""side"": ""HOLD"", ""confidence"": null}",0.0,FILLED
3066,MES,2023-01-02 03:40:00,"{""side"": ""HOLD"", ""confidence"": null}",0.0,FILLED
3067,MES,2023-01-02 03:41:00,"{""side"": ""HOLD"", ""confidence"": null}",0.0,FILLED
3068,MES,2023-01-02 03:42:00,"{""side"": ""HOLD"", ""confidence"": null}",0.0,FILLED
3069,MES,2023-01-02 03:43:00,"{""side"": ""HOLD"", ""confidence"": null}",0.0,FILLED
3070,MES,2023-01-02 03:44:00,"{""side"": ""HOLD"", ""confidence"": null}",0.0,FILLED
3071,MES,2023-01-02 03:45:00,"{""side"": ""HOLD"", ""confidence"": null}",0.0,FILLED
3072,MES,2023-01-02 03:46:00,"{""side"": ""HOLD"", ""confidence"": null}",0.0,FILLED
3073,MES,2023-01-02 03:47:00,"{""side"": ""HOLD"", ""confidence"": null}",0.0,FILLED
3074,MES,2023-01-02 03:48:00,"{""side"": ""HOLD"", ""confidence"": null}",0.0,FILLED
3075,MES,2023-01-02 03:49:00,"{""side"": ""HOLD"", ""confidence"": null}",0.0,FILLED
3076,MES,2023-01-02 03:50:00,"{""side"": ""HOLD"", ""confidence"": null}",0.0,FILLED
3077,MES,2023-01-02 03:51:00,"{""side"": ""HOLD"", ""confidence"": null}",0.0,FILLED
3078,MES,2023-01-02 03:52:00,"{""side"": ""HOLD"", ""confidence"": null}",0.0,FILLED
3079,MES,2023-01-02 03:53:00,"{""side"": ""HOLD"", ""confidence"": null}",0.0,FILLED
3080,MES,2023-01-02 03:54:00,"{""side"": ""HOLD"", ""confidence"": null}",0.0,FILLED
3081,MES,2023-01-02 03:55:00,"{""side"": ""HOLD"", ""confidence"": null}",0.0,FILLED
3082,MES,2023-01-02 03:56:00,"{""side"": ""HOLD"", ""confidence"": null}",0.0,FILLED
3083,MES,2023-01-02 03:57:00,"{""side"": ""HOLD"", ""confidence"": null}",0.0,FILLED
3084,MES,2023-01-02 03:58:00,"{""side"": ""HOLD"", ""confidence"": null}",0.0,FILLED
3085,MES,2023-01-02 03:59:00,"{""side"": ""HOLD"", ""confidence"": null}",0.0,FILLED
3086,MES,2023-01-02 04:00:00,"{""side"": ""HOLD"", ""confidence"": null}",0.0,FILLED
3087,MES,2023-01-02 04:01:00,"{""side"": ""HOLD"", ""confidence"": null}",0.0,FILLED
3088,MES,2023-01-02 04:02:00,"{""side"": ""HOLD"", ""confidence"": null}",0.0,FILLED
3089,MES,2023-01-02 04:03:00,"{""side"": ""HOLD"", ""confidence"": null}",0.0,FILLED
3090,MES,2023-01-02 04:04:00,"{""side"": ""HOLD"", ""confidence"": null}",0.0,FILLED
3091,MES,2023-01-02 04:05:00,"{""side"": ""HOLD"", ""confidence"": null}",0.0,FILLED
3092,MES,2023-01-02 04:06:00,"{""side"": ""HOLD"", ""confidence"": null}",0.0,FILLED
3093,MES,2023-01-02 04:07:00,"{""side"": ""HOLD"", ""confidence"": null}",0.0,FILLED
3094,MES,2023-01-02 04:08:00,"{""side"": ""HOLD"", ""confidence"": null}",0.0,FILLED
3095,MES,2023-01-02 04:09:00,"{""side"": ""HOLD"", ""confidence"": null}",0.0,FILLED
3096,MES,2023-01-02 04:10:00,"{""side"": ""HOLD"", ""confidence"": null}",0.0,FILLED
3097,MES,2023-01-02 04:11:00,"{""side"": ""HOLD"", ""confidence"": null}",0.0,FILLED
3098,MES,2023-01-02 04:12:00,"{""side"": ""HOLD"", ""confidence"": null}",0.0,FILLED
3099,MES,2023-01-02 04:13:00,"{""side"": ""HOLD"", ""confidence"": null}",0.0,FILLED
3100,MES,2023-01-02 04:14:00,"{""side"": ""HOLD"", ""confidence"": null}",0.0,FILLED
3101,MES,2023-01-02 04:15:00,"{""side"": ""HOLD"", ""confidence"": null}",0.0,FILLED
3102,MES,2023-01-02 04:16:00,"{""side"": ""HOLD"", ""confidence"": null}",0.0,FILLED
3103,MES,2023-01-02 04:17:00,"{""side"": ""HOLD"", ""confidence"": null}",0.0,FILLED
3104,MES,2023-01-02 04:18:00,"{""side"": ""HOLD"", ""confidence"": null}",0.0,FILLED
3105,MES,2023-01-02 04:19:00,"{""side"": ""HOLD"", ""confidence"": null}",0.0,FILLED
3106,MES,2023-01-02 04:20:00,"{""side"": ""HOLD"", ""confidence"": null}",0.0,FILLED
3107,MES,2023-01-02 04:21:00,"{""side"": ""HOLD"", ""confidence"": null}",0.0,FILLED
3108,MES,2023-01-02 04:22:00,"{""side"": ""HOLD"", ""confidence"": null}",0.0,FILLED
3109,MES,2023-01-02 04:23:00,"{""side"": ""HOLD"", ""confidence"": null}",0.0,FILLED
3110,MES,2023-01-02 04:24:00,"{""side"": ""HOLD"", ""confidence"": null}",0.0,FILLED
3111,MES,2023-01-02 04:25:00,"{""side"": ""HOLD"", ""confidence"": null}",0.0,FILLED
3112,MES,2023-01-02 04:26:00,"{""side"": ""HOLD"", ""confidence"": null}",0.0,FILLED
3113,MES,2023-01-02 04:27:00,"{""side"": ""HOLD"", ""confidence"": null}",0.0,FILLED
3114,MES,2023-01-02 04:28:00,"{""side"": ""HOLD"", ""confidence"": null}",0.0,FILLED
3115,MES,2023-01-02 04:29:00,"{""side"": ""HOLD"", ""confidence"": null}",0.0,FILLED
3116,MES,2023-01-02 04:30:00,"{""side"": ""HOLD"", ""confidence"": null}",0.0,FILLED
3117,MES,2023-01-02 04:31:00,"{""side"": ""HOLD"", ""confidence"": null}",0.0,FILLED
3118,MES,2023-01-02 04:32:00,"{""side"": ""HOLD"", ""confidence"": null}",0.0,FILLED
3119,MES,2023-01-02 04:33:00,"{""side"": ""HOLD"", ""confidence"": null}",0.0,FILLED
3120,MES,2023-01-02 04:34:00,"{""side"": ""HOLD"", ""confidence"": null}",0.0,FILLED
3121,MES,2023-01-02 04:35:00,"{""side"": ""HOLD"", ""confidence"": null}",0.0,FILLED
3122,MES,2023-01-02 04:36:00,"{""side"": ""HOLD"", ""confidence"": null}",0.0,FILLED
3123,MES,2023-01-02 04:37:00,"{""side"": ""HOLD"", ""confidence"": null}",0.0,FILLED
3124,MES,2023-01-02 04:38:00,"{""side"": ""HOLD"", ""confidence"": null}",0.0,FILLED
3125,MES,2023-01-02 04:39:00,"{""side"": ""HOLD"", ""confidence"": null}",0.0,FILLED
3126,MES,2023-01-02 04:40:00,"{""side"": ""HOLD"", ""confidence"": null}",0.0,FILLED
3127,MES,2023-01-02 04:41:00,"{""side"": ""HOLD"", ""confidence"": null}",0.0,FILLED
3128,MES,2023-01-02 04:42:00,"{""side"": ""HOLD"", ""confidence"": null}",0.0,FILLED
3129,MES,2023-01-02 04:43:00,"{""side"": ""HOLD"", ""confidence"": null}",0.0,FILLED
3130,MES,2023-01-02 04:44:00,"{""side"": ""HOLD"", ""confidence"": null}",0.0,FILLED
3131,MES,2023-01-02 04:45:00,"{""side"": ""HOLD"", ""confidence"": null}",0.0,FILLED
3132,MES,2023-01-02 04:46:00,"{""side"": ""HOLD"", ""confidence"": null}",0.0,FILLED
3133,MES,2023-01-02 04:47:00,"{""side"": ""HOLD"", ""confidence"": null}",0.0,FILLED
3134,MES,2023-01-02 04:48:00,"{""side"": ""HOLD"", ""confidence"": null}",0.0,FILLED
3135,MES,2023-01-02 04:49:00,"{""side"": ""HOLD"", ""confidence"": null}",0.0,FILLED
3136,MES,2023-01-02 04:50:00,"{""side"": ""HOLD"", ""confidence"": null}",0.0,FILLED
3137,MES,2023-01-02 04:51:00,"{""side"": ""HOLD"", ""confidence"": null}",0.0,FILLED
3138,MES,2023-01-02 04:52:00,"{""side"": ""HOLD"", ""confidence"": null}",0.0,FILLED
3139,MES,2023-01-02 04:53:00,"{""side"": ""HOLD"", ""confidence"": null}",0.0,FILLED
3140,MES,2023-01-02 04:54:00,"{""side"": ""HOLD"", ""confidence"": null}",0.0,FILLED
3141,MES,2023-01-02 04:55:00,"{""side"": ""HOLD"", ""confidence"": null}",0.0,FILLED
3142,MES,2023-01-02 04:56:00,"{""side"": ""HOLD"", ""confidence"": null}",0.0,FILLED
3143,MES,2023-01-02 04:57:00,"{""side"": ""HOLD"", ""confidence"": null}",0.0,FILLED
3144,MES,2023-01-02 04:58:00,"{""side"": ""HOLD"", ""confidence"": null}",0.0,FILLED
3145,MES,2023-01-02 04:59:00,"{""side"": ""HOLD"", ""confidence"": null}",0.0,FILLED
3146,MES,2023-01-02 05:00:00,"{""side"": ""HOLD"", ""confidence"": null}",0.0,FILLED
3147,MES,2023-01-02 05:01:00,"{""side"": ""HOLD"", ""confidence"": null}",0.0,FILLED
3148,MES,2023-01-02 05:02:00,"{""side"": ""HOLD"", ""confidence"": null}",0.0,FILLED
3149,MES,2023-01-02 05:03:00,"{""side"": ""HOLD"", ""confidence"": null}",0.0,FILLED
3150,MES,2023-01-02 05:04:00,"{""side"": ""HOLD"", ""confidence"": null}",0.0,FILLED
3151,MES,2023-01-02 05:05:00,"{""side"": ""HOLD"", ""confidence"": null}",0.0,FILLED
3152,MES,2023-01-02 05:06:00,"{""side"": ""HOLD"", ""confidence"": null}",0.0,FILLED
3153,MES,2023-01-02 05:07:00,"{""side"": ""HOLD"", ""confidence"": null}",0.0,FILLED
3154,MES,2023-01-02 05:08:00,"{""side"": ""HOLD"", ""confidence"": null}",0.0,FILLED
3155,MES,2023-01-02 05:09:00,"{""side"": ""HOLD"", ""confidence"": null}",0.0,FILLED
3156,MES,2023-01-02 05:10:00,"{""side"": ""HOLD"", ""confidence"": null}",0.0,FILLED
3157,MES,2023-01-02 05:11:00,"{""side"": ""HOLD"", ""confidence"": null}",0.0,FILLED
3158,MES,2023-01-02 05:12:00,"{""side"": ""HOLD"", ""confidence"": null}",0.0,FILLED
3159,MES,2023-01-02 05:13:00,"{""side"": ""HOLD"", ""confidence"": null}",0.0,FILLED
3160,MES,2023-01-02 05:14:00,"{""side"": ""HOLD"", ""confidence"": null}",0.0,FILLED
3161,MES,2023-01-02 05:15:00,"{""side"": ""HOLD"", ""confidence"": null}",0.0,FILLED
3162,MES,2023-01-02 05:16:00,"{""side"": ""HOLD"", ""confidence"": null}",0.0,FILLED
3163,MES,2023-01-02 05:17:00,"{""side"": ""HOLD"", ""confidence"": null}",0.0,FILLED
3164,MES,2023-01-02 05:18:00,"{""side"": ""HOLD"", ""confidence"": null}",0.0,FILLED
3165,MES,2023-01-02 05:19:00,"{""side"": ""HOLD"", ""confidence"": null}",0.0,FILLED
3166,MES,2023-01-02 05:20:00,"{""side"": ""HOLD"", ""confidence"": null}",0.0,FILLED
3167,MES,2023-01-02 05:21:00,"{""side"": ""HOLD"", ""confidence"": null}",0.0,FILLED
3168,MES,2023-01-02 05:22:00,"{""side"": ""HOLD"", ""confidence"": null}",0.0,FILLED
3169,MES,2023-01-02 05:23:00,"{""side"": ""HOLD"", ""confidence"": null}",0.0,FILLED
3170,MES,2023-01-02 05:24:00,"{""side"": ""HOLD"", ""confidence"": null}",0.0,FILLED
3171,MES,2023-01-02 05:25:00,"{""side"": ""HOLD"", ""confidence"": null}",0.0,FILLED
3172,MES,2023-01-02 05:26:00,"{""side"": ""HOLD"", ""confidence"": null}",0.0,FILLED
3173,MES,2023-01-02 05:27:00,"{""side"": ""HOLD"", ""confidence"": null}",0.0,FILLED
3174,MES,2023-01-02 05:28:00,"{""side"": ""HOLD"", ""confidence"": null}",0.0,FILLED
3175,MES,2023-01-02 05:29:00,"{""side"": ""HOLD"", ""confidence"": null}",0.0,FILLED
3176,MES,2023-01-02 05:30:00,"{""side"": ""HOLD"", ""confidence"": null}",0.0,FILLED
3177,MES,2023-01-02 05:31:00,"{""side"": ""HOLD"", ""confidence"": null}",0.0,FILLED
3178,MES,2023-01-02 05:32:00,"{""side"": ""HOLD"", ""confidence"": null}",0.0,FILLED
3179,MES,2023-01-02 05:33:00,"{""side"": ""HOLD"", ""confidence"": null}",0.0,FILLED
3180,MES,2023-01-02 05:34:00,"{""side"": ""HOLD"", ""confidence"": null}",0.0,FILLED
3181,MES,2023-01-02 05:35:00,"{""side"": ""HOLD"", ""confidence"": null}",0.0,FILLED
3182,MES,2023-01-02 05:36:00,"{""side"": ""HOLD"", ""confidence"": null}",0.0,FILLED
3183,MES,2023-01-02 05:37:00,"{""side"": ""HOLD"", ""confidence"": null}",0.0,FILLED
3184,MES,2023-01-02 05:38:00,"{""side"": ""HOLD"", ""confidence"": null}",0.0,FILLED
3185,MES,2023-01-02 05:39:00,"{""side"": ""HOLD"", ""confidence"": null}",0.0,FILLED
3186,MES,2023-01-02 05:40:00,"{""side"": ""HOLD"", ""confidence"": null}",0.0,FILLED
3187,MES,2023-01-02 05:41:00,"{""side"": ""HOLD"", ""confidence"": null}",0.0,FILLED
3188,MES,2023-01-02 05:42:00,"{""side"": ""HOLD"", ""confidence"": null}",0.0,FILLED
3189,MES,2023-01-02 05:43:00,"{""side"": ""HOLD"", ""confidence"": null}",0.0,FILLED
3190,MES,2023-01-02 05:44:00,"{""side"": ""HOLD"", ""confidence"": null}",0.0,FILLED
3191,MES,2023-01-02 05:45:00,"{""side"": ""HOLD"", ""confidence"": null}",0.0,FILLED
3192,MES,2023-01-02 05:46:00,"{""side"": ""HOLD"", ""confidence"": null}",0.0,FILLED
3193,MES,2023-01-02 05:47:00,"{""side"": ""HOLD"", ""confidence"": null}",0.0,FILLED
3194,MES,2023-01-02 05:48:00,"{""side"": ""HOLD"", ""confidence"": null}",0.0,FILLED
3195,MES,2023-01-02 05:49:00,"{""side"": ""HOLD"", ""confidence"": null}",0.0,FILLED
3196,MES,2023-01-02 05:50:00,"{""side"": ""HOLD"", ""confidence"": null}",0.0,FILLED
3197,MES,2023-01-02 05:51:00,"{""side"": ""HOLD"", ""confidence"": null}",0.0,FILLED
3198,MES,2023-01-02 05:52:00,"{""side"": ""HOLD"", ""confidence"": null}",0.0,FILLED
3199,MES,2023-01-02 05:53:00,"{""side"": ""HOLD"", ""confidence"": null}",0.0,FILLED
3200,MES,2023-01-02 05:54:00,"{""side"": ""HOLD"", ""confidence"": null}",0.0,FILLED
3201,MES,2023-01-02 05:55:00,"{""side"": ""HOLD"", ""confidence"": null}",0.0,FILLED
3202,MES,2023-01-02 05:56:00,"{""side"": ""HOLD"", ""confidence"": null}",0.0,FILLED
3203,MES,2023-01-02 05:57:00,"{""side"": ""HOLD"", ""confidence"": null}",0.0,FILLED
3204,MES,2023-01-02 05:58:00,"{""side"": ""HOLD"", ""confidence"": null}",0.0,FILLED
3205,MES,2023-01-02 05:59:00,"{""side"": ""HOLD"", ""confidence"": null}",0.0,FILLED
3206,MES,2023-01-02 06:00:00,"{""side"": ""HOLD"", ""confidence"": null}",0.0,FILLED
3207,MES,2023-01-02 06:01:00,"{""side"": ""HOLD"", ""confidence"": null}",0.0,FILLED
3208,MES,2023-01-02 06:02:00,"{""side"": ""HOLD"", ""confidence"": null}",0.0,FILLED
3209,MES,2023-01-02 06:03:00,"{""side"": ""HOLD"", ""confidence"": null}",0.0,FILLED
3210,MES,2023-01-02 06:04:00,"{""side"": ""HOLD"", ""confidence"": null}",0.0,FILLED
3211,MES,2023-01-02 06:05:00,"{""side"": ""HOLD"", ""confidence"": null}",0.0,FILLED
3212,MES,2023-01-02 06:06:00,"{""side"": ""HOLD"", ""confidence"": null}",0.0,FILLED
3213,MES,2023-01-02 06:07:00,"{""side"": ""HOLD"", ""confidence"": null}",0.0,FILLED
3214,MES,2023-01-02 06:08:00,"{""side"": ""HOLD"", ""confidence"": null}",0.0,FILLED
3215,MES,2023-01-02 06:09:00,"{""side"": ""HOLD"", ""confidence"": null}",0.0,FILLED
3216,MES,2023-01-02 06:10:00,"{""side"": ""HOLD"", ""confidence"": null}",0.0,FILLED
3217,MES,2023-01-02 06:11:00,"{""side"": ""HOLD"", ""confidence"": null}",0.0,FILLED
3218,MES,2023-01-02 06:12:00,"{""side"": ""HOLD"", ""confidence"": null}",0.0,FILLED
3219,MES,2023-01-02 06:13:00,"{""side"": ""HOLD"", ""confidence"": null}",0.0,FILLED
3220,MES,2023-01-02 06:14:00,"{""side"": ""HOLD"", ""confidence"": null}",0.0,FILLED
3221,MES,2023-01-02 06:15:00,"{""side"": ""HOLD"", ""confidence"": null}",0.0,FILLED
3222,MES,2023-01-02 06:16:00,"{""side"": ""HOLD"", ""confidence"": null}",0.0,FILLED
3223,MES,2023-01-02 06:17:00,"{""side"": ""HOLD"", ""confidence"": null}",0.0,FILLED
3224,MES,2023-01-02 06:18:00,"{""side"": ""HOLD"", ""confidence"": null}",0.0,FILLED
3225,MES,2023-01-02 06:19:00,"{""side"": ""HOLD"", ""confidence"": null}",0.0,FILLED
3226,MES,2023-01-02 06:20:00,"{""side"": ""HOLD"", ""confidence"": null}",0.0,FILLED
3227,MES,2023-01-02 06:21:00,"{""side"": ""HOLD"", ""confidence"": null}",0.0,FILLED
3228,MES,2023-01-02 06:22:00,"{""side"": ""HOLD"", ""confidence"": null}",0.0,FILLED
3229,MES,2023-01-02 06:23:00,"{""side"": ""HOLD"", ""confidence"": null}",0.0,FILLED
3230,MES,2023-01-02 06:24:00,"{""side"": ""HOLD"", ""confidence"": null}",0.0,FILLED
3231,MES,2023-01-02 06:25:00,"{""side"": ""HOLD"", ""confidence"": null}",0.0,FILLED
3232,MES,2023-01-02 06:26:00,"{""side"": ""HOLD"", ""confidence"": null}",0.0,FILLED
3233,MES,2023-01-02 06:27:00,"{""side"": ""HOLD"", ""confidence"": null}",0.0,FILLED
3234,MES,2023-01-02 06:28:00,"{""side"": ""HOLD"", ""confidence"": null}",0.0,FILLED
3235,MES,2023-01-02 06:29:00,"{""side"": ""HOLD"", ""confidence"": null}",0.0,FILLED
3236,MES,2023-01-02 06:30:00,"{""side"": ""HOLD"", ""confidence"": null}",0.0,FILLED
3237,MES,2023-01-02 06:31:00,"{""side"": ""HOLD"", ""confidence"": null}",0.0,FILLED
3238,MES,2023-01-02 06:32:00,"{""side"": ""HOLD"", ""confidence"": null}",0.0,FILLED
3239,MES,2023-01-02 06:33:00,"{""side"": ""HOLD"", ""confidence"": null}",0.0,FILLED
3240,MES,2023-01-02 06:34:00,"{""side"": ""HOLD"", ""confidence"": null}",0.0,FILLED
3241,MES,2023-01-02 06:35:00,"{""side"": ""HOLD"", ""confidence"": null}",0.0,FILLED
3242,MES,2023-01-02 06:36:00,"{""side"": ""HOLD"", ""confidence"": null}",0.0,FILLED
3243,MES,2023-01-02 06:37:00,"{""side"": ""HOLD"", ""confidence"": null}",0.0,FILLED
3244,MES,2023-01-02 06:38:00,"{""side"": ""HOLD"", ""confidence"": null}",0.0,FILLED
3245,MES,2023-01-02 06:39:00,"{""side"": ""HOLD"", ""confidence"": null}",0.0,FILLED
3246,MES,2023-01-02 06:40:00,"{""side"": ""HOLD"", ""confidence"": null}",0.0,FILLED
3247,MES,2023-01-02 06:41:00,"{""side"": ""HOLD"", ""confidence"": null}",0.0,FILLED
3248,MES,2023-01-02 06:42:00,"{""side"": ""HOLD"", ""confidence"": null}",0.0,FILLED
3249,MES,2023-01-02 06:43:00,"{""side"": ""HOLD"", ""confidence"": null}",0.0,FILLED
3250,MES,2023-01-02 06:44:00,"{""side"": ""HOLD"", ""confidence"": null}",0.0,FILLED
3251,MES,2023-01-02 06:45:00,"{""side"": ""HOLD"", ""confidence"": null}",0.0,FILLED
3252,MES,2023-01-02 06:46:00,"{""side"": ""HOLD"", ""confidence"": null}",0.0,FILLED
3253,MES,2023-01-02 06:47:00,"{""side"": ""HOLD"", ""confidence"": null}",0.0,FILLED
3254,MES,2023-01-02 06:48:00,"{""side"": ""HOLD"", ""confidence"": null}",0.0,FILLED
3255,MES,2023-01-02 06:49:00,"{""side"": ""HOLD"", ""confidence"": null}",0.0,FILLED
3256,MES,2023-01-02 06:50:00,"{""side"": ""HOLD"", ""confidence"": null}",0.0,FILLED
3257,MES,2023-01-02 06:51:00,"{""side"": ""HOLD"", ""confidence"": null}",0.0,FILLED
3258,MES,2023-01-02 06:52:00,"{""side"": ""HOLD"", ""confidence"": null}",0.0,FILLED
3259,MES,2023-01-02 06:53:00,"{""side"": ""HOLD"", ""confidence"": null}",0.0,FILLED
3260,MES,2023-01-02 06:54:00,"{""side"": ""HOLD"", ""confidence"": null}",0.0,FILLED
3261,MES,2023-01-02 06:55:00,"{""side"": ""HOLD"", ""confidence"": null}",0.0,FILLED
3262,MES,2023-01-02 06:56:00,"{""side"": ""HOLD"", ""confidence"": null}",0.0,FILLED
3263,MES,2023-01-02 06:57:00,"{""side"": ""HOLD"", ""confidence"": null}",0.0,FILLED
3264,MES,2023-01-02 06:58:00,"{""side"": ""HOLD"", ""confidence"": null}",0.0,FILLED
3265,MES,2023-01-02 06:59:00,"{""side"": ""HOLD"", ""confidence"": null}",0.0,FILLED
3266,MES,2023-01-02 07:00:00,"{""side"": ""HOLD"", ""confidence"": null}",0.0,FILLED
3267,MES,2023-01-02 07:01:00,"{""side"": ""HOLD"", ""confidence"": null}",0.0,FILLED
3268,MES,2023-01-02 07:02:00,"{""side"": ""HOLD"", ""confidence"": null}",0.0,FILLED
3269,MES,2023-01-02 07:03:00,"{""side"": ""HOLD"", ""confidence"": null}",0.0,FILLED
3270,MES,2023-01-02 07:04:00,"{""side"": ""HOLD"", ""confidence"": null}",0.0,FILLED
3271,MES,2023-01-02 07:05:00,"{""side"": ""HOLD"", ""confidence"": null}",0.0,FILLED
3272,MES,2023-01-02 07:06:00,"{""side"": ""HOLD"", ""confidence"": null}",0.0,FILLED
3273,MES,2023-01-02 07:07:00,"{""side"": ""HOLD"", ""confidence"": null}",0.0,FILLED
3274,MES,2023-01-02 07:08:00,"{""side"": ""HOLD"", ""confidence"": null}",0.0,FILLED
3275,MES,2023-01-02 07:09:00,"{""side"": ""HOLD"", ""confidence"": null}",0.0,FILLED
3276,MES,2023-01-02 07:10:00,"{""side"": ""HOLD"", ""confidence"": null}",0.0,FILLED
3277,MES,2023-01-02 07:11:00,"{""side"": ""HOLD"", ""confidence"": null}",0.0,FILLED
3278,MES,2023-01-02 07:12:00,"{""side"": ""HOLD"", ""confidence"": null}",0.0,FILLED
3279,MES,2023-01-02 07:13:00,"{""side"": ""HOLD"", ""confidence"": null}",0.0,FILLED
3280,MES,2023-01-02 07:14:00,"{""side"": ""HOLD"", ""confidence"": null}",0.0,FILLED
3281,MES,2023-01-02 07:15:00,"{""side"": ""HOLD"", ""confidence"": null}",0.0,FILLED
3282,MES,2023-01-02 07:16:00,"{""side"": ""HOLD"", ""confidence"": null}",0.0,FILLED
3283,MES,2023-01-02 07:17:00,"{""side"": ""HOLD"", ""confidence"": null}",0.0,FILLED
3284,MES,2023-01-02 07:18:00,"{""side"": ""HOLD"", ""confidence"": null}",0.0,FILLED
3285,MES,2023-01-02 07:19:00,"{""side"": ""HOLD"", ""confidence"": null}",0.0,FILLED
3286,MES,2023-01-02 07:20:00,"{""side"": ""HOLD"", ""confidence"": null}",0.0,FILLED
3287,MES,2023-01-02 07:21:00,"{""side"": ""HOLD"", ""confidence"": null}",0.0,FILLED
3288,MES,2023-01-02 07:22:00,"{""side"": ""HOLD"", ""confidence"": null}",0.0,FILLED
3289,MES,2023-01-02 07:23:00,"{""side"": ""HOLD"", ""confidence"": null}",0.0,FILLED
3290,MES,2023-01-02 07:24:00,"{""side"": ""HOLD"", ""confidence"": null}",0.0,FILLED
3291,MES,2023-01-02 07:25:00,"{""side"": ""HOLD"", ""confidence"": null}",0.0,FILLED
3292,MES,2023-01-02 07:26:00,"{""side"": ""HOLD"", ""confidence"": null}",0.0,FILLED
3293,MES,2023-01-02 07:27:00,"{""side"": ""HOLD"", ""confidence"": null}",0.0,FILLED
3294,MES,2023-01-02 07:28:00,"{""side"": ""HOLD"", ""confidence"": null}",0.0,FILLED
3295,MES,2023-01-02 07:29:00,"{""side"": ""HOLD"", ""confidence"": null}",0.0,FILLED
3296,MES,2023-01-02 07:30:00,"{""side"": ""HOLD"", ""confidence"": null}",0.0,FILLED
3297,MES,2023-01-02 07:31:00,"{""side"": ""HOLD"", ""confidence"": null}",0.0,FILLED
3298,MES,2023-01-02 07:32:00,"{""side"": ""HOLD"", ""confidence"": null}",0.0,FILLED
3299,MES,2023-01-02 07:33:00,"{""side"": ""HOLD"", ""confidence"": null}",0.0,FILLED
3300,MES,2023-01-02 07:34:00,"{""side"": ""HOLD"", ""confidence"": null}",0.0,FILLED
3301,MES,2023-01-02 07:35:00,"{""side"": ""HOLD"", ""confidence"": null}",0.0,FILLED
3302,MES,2023-01-02 07:36:00,"{""side"": ""HOLD"", ""confidence"": null}",0.0,FILLED
3303,MES,2023-01-02 07:37:00,"{""side"": ""HOLD"", ""confidence"": null}",0.0,FILLED
3304,MES,2023-01-02 07:38:00,"{""side"": ""HOLD"", ""confidence"": null}",0.0,FILLED
3305,MES,2023-01-02 07:39:00,"{""side"": ""HOLD"", ""confidence"": null}",0.0,FILLED
3306,MES,2023-01-02 07:40:00,"{""side"": ""HOLD"", ""confidence"": null}",0.0,FILLED
3307,MES,2023-01-02 07:41:00,"{""side"": ""HOLD"", ""confidence"": null}",0.0,FILLED
3308,MES,2023-01-02 07:42:00,"{""side"": ""HOLD"", ""confidence"": null}",0.0,FILLED
3309,MES,2023-01-02 07:43:00,"{""side"": ""HOLD"", ""confidence"": null}",0.0,FILLED
3310,MES,2023-01-02 07:44:00,"{""side"": ""HOLD"", ""confidence"": null}",0.0,FILLED
3311,MES,2023-01-02 07:45:00,"{""side"": ""HOLD"", ""confidence"": null}",0.0,FILLED
3312,MES,2023-01-02 07:46:00,"{""side"": ""HOLD"", ""confidence"": null}",0.0,FILLED
3313,MES,2023-01-02 07:47:00,"{""side"": ""HOLD"", ""confidence"": null}",0.0,FILLED
3314,MES,2023-01-02 07:48:00,"{""side"": ""HOLD"", ""confidence"": null}",0.0,FILLED
3315,MES,2023-01-02 07:49:00,"{""side"": ""HOLD"", ""confidence"": null}",0.0,FILLED
3316,MES,2023-01-02 07:50:00,"{""side"": ""HOLD"", ""confidence"": null}",0.0,FILLED
3317,MES,2023-01-02 07:51:00,"{""side"": ""HOLD"", ""confidence"": null}",0.0,FILLED
3318,MES,2023-01-02 07:52:00,"{""side"": ""HOLD"", ""confidence"": null}",0.0,FILLED
3319,MES,2023-01-02 07:53:00,"{""side"": ""HOLD"", ""confidence"": null}",0.0,FILLED
3320,MES,2023-01-02 07:54:00,"{""side"": ""HOLD"", ""confidence"": null}",0.0,FILLED
3321,MES,2023-01-02 07:55:00,"{""side"": ""HOLD"", ""confidence"": null}",0.0,FILLED
3322,MES,2023-01-02 07:56:00,"{""side"": ""HOLD"", ""confidence"": null}",0.0,FILLED
3323,MES,2023-01-02 07:57:00,"{""side"": ""HOLD"", ""confidence"": null}",0.0,FILLED
3324,MES,2023-01-02 07:58:00,"{""side"": ""HOLD"", ""confidence"": null}",0.0,FILLED
3325,MES,2023-01-02 07:59:00,"{""side"": ""HOLD"", ""confidence"": null}",0.0,FILLED
3326,MES,2023-01-02 08:00:00,"{""side"": ""HOLD"", ""confidence"": null}",0.0,FILLED
3327,MES,2023-01-02 08:01:00,"{""side"": ""HOLD"", ""confidence"": null}",0.0,FILLED
3328,MES,2023-01-02 08:02:00,"{""side"": ""HOLD"", ""confidence"": null}",0.0,FILLED
3329,MES,2023-01-02 08:03:00,"{""side"": ""HOLD"", ""confidence"": null}",0.0,FILLED
3330,MES,2023-01-02 08:04:00,"{""side"": ""HOLD"", ""confidence"": null}",0.0,FILLED
3331,MES,2023-01-02 08:05:00,"{""side"": ""HOLD"", ""confidence"": null}",0.0,FILLED
3332,MES,2023-01-02 08:06:00,"{""side"": ""HOLD"", ""confidence"": null}",0.0,FILLED
3333,MES,2023-01-02 08:07:00,"{""side"": ""HOLD"", ""confidence"": null}",0.0,FILLED
3334,MES,2023-01-02 08:08:00,"{""side"": ""HOLD"", ""confidence"": null}",0.0,FILLED
3335,MES,2023-01-02 08:09:00,"{""side"": ""HOLD"", ""confidence"": null}",0.0,FILLED
3336,MES,2023-01-02 08:10:00,"{""side"": ""HOLD"", ""confidence"": null}",0.0,FILLED
3337,MES,2023-01-02 08:11:00,"{""side"": ""HOLD"", ""confidence"": null}",0.0,FILLED
3338,MES,2023-01-02 08:12:00,"{""side"": ""HOLD"", ""confidence"": null}",0.0,FILLED
3339,MES,2023-01-02 08:13:00,"{""side"": ""HOLD"", ""confidence"": null}",0.0,FILLED
3340,MES,2023-01-02 08:14:00,"{""side"": ""HOLD"", ""confidence"": null}",0.0,FILLED
3341,MES,2023-01-02 08:15:00,"{""side"": ""HOLD"", ""confidence"": null}",0.0,FILLED
3342,MES,2023-01-02 08:16:00,"{""side"": ""HOLD"", ""confidence"": null}",0.0,FILLED
3343,MES,2023-01-02 08:17:00,"{""side"": ""HOLD"", ""confidence"": null}",0.0,FILLED
3344,MES,2023-01-02 08:18:00,"{""side"": ""HOLD"", ""confidence"": null}",0.0,FILLED
3345,MES,2023-01-02 08:19:00,"{""side"": ""HOLD"", ""confidence"": null}",0.0,FILLED
3346,MES,2023-01-02 08:20:00,"{""side"": ""HOLD"", ""confidence"": null}",0.0,FILLED
3347,MES,2023-01-02 08:21:00,"{""side"": ""HOLD"", ""confidence"": null}",0.0,FILLED
3348,MES,2023-01-02 08:22:00,"{""side"": ""HOLD"", ""confidence"": null}",0.0,FILLED
3349,MES,2023-01-02 08:23:00,"{""side"": ""HOLD"", ""confidence"": null}",0.0,FILLED
3350,MES,2023-01-02 08:24:00,"{""side"": ""HOLD"", ""confidence"": null}",0.0,FILLED
3351,MES,2023-01-02 08:25:00,"{""side"": ""HOLD"", ""confidence"": null}",0.0,FILLED
3352,MES,2023-01-02 08:26:00,"{""side"": ""HOLD"", ""confidence"": null}",0.0,FILLED
3353,MES,2023-01-02 08:27:00,"{""side"": ""HOLD"", ""confidence"": null}",0.0,FILLED
3354,MES,2023-01-02 08:28:00,"{""side"": ""HOLD"", ""confidence"": null}",0.0,FILLED
3355,MES,2023-01-02 08:29:00,"{""side"": ""HOLD"", ""confidence"": null}",0.0,FILLED
3356,MES,2023-01-02 08:30:00,"{""side"": ""HOLD"", ""confidence"": null}",0.0,FILLED
3357,MES,2023-01-02 08:31:00,"{""side"": ""HOLD"", ""confidence"": null}",0.0,FILLED
3358,MES,2023-01-02 08:32:00,"{""side"": ""HOLD"", ""confidence"": null}",0.0,FILLED
3359,MES,2023-01-02 08:33:00,"{""side"": ""HOLD"", ""confidence"": null}",0.0,FILLED
3360,MES,2023-01-02 08:34:00,"{""side"": ""HOLD"", ""confidence"": null}",0.0,FILLED
3361,MES,2023-01-02 08:35:00,"{""side"": ""HOLD"", ""confidence"": null}",0.0,FILLED
3362,MES,2023-01-02 08:36:00,"{""side"": ""HOLD"", ""confidence"": null}",0.0,FILLED
3363,MES,2023-01-02 08:37:00,"{""side"": ""HOLD"", ""confidence"": null}",0.0,FILLED
3364,MES,2023-01-02 08:38:00,"{""side"": ""HOLD"", ""confidence"": null}",0.0,FILLED
3365,MES,2023-01-02 08:39:00,"{""side"": ""HOLD"", ""confidence"": null}",0.0,FILLED
3366,MES,2023-01-02 08:40:00,"{""side"": ""HOLD"", ""confidence"": null}",0.0,FILLED
3367,MES,2023-01-02 08:41:00,"{""side"": ""HOLD"", ""confidence"": null}",0.0,FILLED
3368,MES,2023-01-02 08:42:00,"{""side"": ""HOLD"", ""confidence"": null}",0.0,FILLED
3369,MES,2023-01-02 08:43:00,"{""side"": ""HOLD"", ""confidence"": null}",0.0,FILLED
3370,MES,2023-01-02 08:44:00,"{""side"": ""HOLD"", ""confidence"": null}",0.0,FILLED
3371,MES,2023-01-02 08:45:00,"{""side"": ""HOLD"", ""confidence"": null}",0.0,FILLED
3372,MES,2023-01-02 08:46:00,"{""side"": ""HOLD"", ""confidence"": null}",0.0,FILLED
3373,MES,2023-01-02 08:47:00,"{""side"": ""HOLD"", ""confidence"": null}",0.0,FILLED
3374,MES,2023-01-02 08:48:00,"{""side"": ""HOLD"", ""confidence"": null}",0.0,FILLED
3375,MES,2023-01-02 08:49:00,"{""side"": ""HOLD"", ""confidence"": null}",0.0,FILLED
3376,MES,2023-01-02 08:50:00,"{""side"": ""HOLD"", ""confidence"": null}",0.0,FILLED
3377,MES,2023-01-02 08:51:00,"{""side"": ""HOLD"", ""confidence"": null}",0.0,FILLED
3378,MES,2023-01-02 08:52:00,"{""side"": ""HOLD"", ""confidence"": null}",0.0,FILLED
3379,MES,2023-01-02 08:53:00,"{""side"": ""HOLD"", ""confidence"": null}",0.0,FILLED
3380,MES,2023-01-02 08:54:00,"{""side"": ""HOLD"", ""confidence"": null}",0.0,FILLED
3381,MES,2023-01-02 08:55:00,"{""side"": ""HOLD"", ""confidence"": null}",0.0,FILLED
3382,MES,2023-01-02 08:56:00,"{""side"": ""HOLD"", ""confidence"": null}",0.0,FILLED
3383,MES,2023-01-02 08:57:00,"{""side"": ""HOLD"", ""confidence"": null}",0.0,FILLED
3384,MES,2023-01-02 08:58:00,"{""side"": ""HOLD"", ""confidence"": null}",0.0,FILLED
3385,MES,2023-01-02 08:59:00,"{""side"": ""HOLD"", ""confidence"": null}",0.0,FILLED
3386,MES,2023-01-02 09:00:00,"{""side"": ""HOLD"", ""confidence"": null}",0.0,FILLED
3387,MES,2023-01-02 09:01:00,"{""side"": ""HOLD"", ""confidence"": null}",0.0,FILLED
3388,MES,2023-01-02 09:02:00,"{""side"": ""HOLD"", ""confidence"": null}",0.0,FILLED
3389,MES,2023-01-02 09:03:00,"{""side"": ""HOLD"", ""confidence"": null}",0.0,FILLED
3390,MES,2023-01-02 09:04:00,"{""side"": ""HOLD"", ""confidence"": null}",0.0,FILLED
3391,MES,2023-01-02 09:05:00,"{""side"": ""HOLD"", ""confidence"": null}",0.0,FILLED
3392,MES,2023-01-02 09:06:00,"{""side"": ""HOLD"", ""confidence"": null}",0.0,FILLED
3393,MES,2023-01-02 09:07:00,"{""side"": ""HOLD"", ""confidence"": null}",0.0,FILLED
3394,MES,2023-01-02 09:08:00,"{""side"": ""HOLD"", ""confidence"": null}",0.0,FILLED
3395,MES,2023-01-02 09:09:00,"{""side"": ""HOLD"", ""confidence"": null}",0.0,FILLED
3396,MES,2023-01-02 09:10:00,"{""side"": ""HOLD"", ""confidence"": null}",0.0,FILLED
3397,MES,2023-01-02 09:11:00,"{""side"": ""HOLD"", ""confidence"": null}",0.0,FILLED
3398,MES,2023-01-02 09:12:00,"{""side"": ""HOLD"", ""confidence"": null}",0.0,FILLED
3399,MES,2023-01-02 09:13:00,"{""side"": ""HOLD"", ""confidence"": null}",0.0,FILLED
3400,MES,2023-01-02 09:14:00,"{""side"": ""HOLD"", ""confidence"": null}",0.0,FILLED
3401,MES,2023-01-02 09:15:00,"{""side"": ""HOLD"", ""confidence"": null}",0.0,FILLED
3402,MES,2023-01-02 09:16:00,"{""side"": ""HOLD"", ""confidence"": null}",0.0,FILLED
3403,MES,2023-01-02 09:17:00,"{""side"": ""HOLD"", ""confidence"": null}",0.0,FILLED
3404,MES,2023-01-02 09:18:00,"{""side"": ""HOLD"", ""confidence"": null}",0.0,FILLED
3405,MES,2023-01-02 09:19:00,"{""side"": ""HOLD"", ""confidence"": null}",0.0,FILLED
3406,MES,2023-01-02 09:20:00,"{""side"": ""HOLD"", ""confidence"": null}",0.0,FILLED
3407,MES,2023-01-02 09:21:00,"{""side"": ""HOLD"", ""confidence"": null}",0.0,FILLED
3408,MES,2023-01-02 09:22:00,"{""side"": ""HOLD"", ""confidence"": null}",0.0,FILLED
3409,MES,2023-01-02 09:23:00,"{""side"": ""HOLD"", ""confidence"": null}",0.0,FILLED
3410,MES,2023-01-02 09:24:00,"{""side"": ""HOLD"", ""confidence"": null}",0.0,FILLED
3411,MES,2023-01-02 09:25:00,"{""side"": ""HOLD"", ""confidence"": null}",0.0,FILLED
3412,MES,2023-01-02 09:26:00,"{""side"": ""HOLD"", ""confidence"": null}",0.0,FILLED
3413,MES,2023-01-02 09:27:00,"{""side"": ""HOLD"", ""confidence"": null}",0.0,FILLED
3414,MES,2023-01-02 09:28:00,"{""side"": ""HOLD"", ""confidence"": null}",0.0,FILLED
3415,MES,2023-01-02 09:29:00,"{""side"": ""HOLD"", ""confidence"": null}",0.0,FILLED
3416,MES,2023-01-01 09:30:00,"{""side"": ""HOLD"", ""confidence"": null}",0.0,FILLED
3417,MES,2023-01-01 09:31:00,"{""side"": ""HOLD"", ""confidence"": null}",0.0,FILLED
3418,MES,2023-01-01 09:32:00,"{""side"": ""HOLD"", ""confidence"": null}",0.0,FILLED
3419,MES,2023-01-01 09:33:00,"{""side"": ""HOLD"", ""confidence"": null}",0.0,FILLED
3420,MES,2023-01-01 09:34:00,"{""side"": ""HOLD"", ""confidence"": null}",0.0,FILLED
3421,MES,2023-01-01 09:35:00,"{""side"": ""HOLD"", ""confidence"": null}",0.0,FILLED
3422,MES,2023-01-01 09:36:00,"{""side"": ""HOLD"", ""confidence"": null}",0.0,FILLED
3423,MES,2023-01-01 09:37:00,"{""side"": ""HOLD"", ""confidence"": null}",0.0,FILLED
3424,MES,2023-01-01 09:38:00,"{""side"": ""HOLD"", ""confidence"": null}",0.0,FILLED
3425,MES,2023-01-01 09:39:00,"{""side"": ""HOLD"", ""confidence"": null}",0.0,FILLED
3426,MES,2023-01-01 09:40:00,"{""side"": ""HOLD"", ""confidence"": null}",0.0,FILLED
3427,MES,2023-01-01 09:41:00,"{""side"": ""HOLD"", ""confidence"": null}",0.0,FILLED
3428,MES,2023-01-01 09:42:00,"{""side"": ""HOLD"", ""confidence"": null}",0.0,FILLED
3429,MES,2023-01-01 09:43:00,"{""side"": ""HOLD"", ""confidence"": null}",0.0,FILLED
3430,MES,2023-01-01 09:44:00,"{""side"": ""HOLD"", ""confidence"": null}",0.0,FILLED
3431,MES,2023-01-01 09:45:00,"{""side"": ""HOLD"", ""confidence"": null}",0.0,FILLED
3432,MES,2023-01-01 09:46:00,"{""side"": ""HOLD"", ""confidence"": null}",0.0,FILLED
3433,MES,2023-01-01 09:47:00,"{""side"": ""HOLD"", ""confidence"": null}",0.0,FILLED
3434,MES,2023-01-01 09:48:00,"{""side"": ""HOLD"", ""confidence"": null}",0.0,FILLED
3435,MES,2023-01-01 09:49:00,"{""side"": ""HOLD"", ""confidence"": null}",0.0,FILLED
3436,MES,2023-01-01 09:50:00,"{""side"": ""HOLD"", ""confidence"": null}",0.0,FILLED
3437,MES,2023-01-01 09:51:00,"{""side"": ""HOLD"", ""confidence"": null}",0.0,FILLED
3438,MES,2023-01-01 09:52:00,"{""side"": ""HOLD"", ""confidence"": null}",0.0,FILLED
3439,MES,2023-01-01 09:53:00,"{""side"": ""HOLD"", ""confidence"": null}",0.0,FILLED
3440,MES,2023-01-01 09:54:00,"{""side"": ""HOLD"", ""confidence"": null}",0.0,FILLED
3441,MES,2023-01-01 09:55:00,"{""side"": ""HOLD"", ""confidence"": null}",0.0,FILLED
3442,MES,2023-01-01 09:56:00,"{""side"": ""HOLD"", ""confidence"": null}",0.0,FILLED
3443,MES,2023-01-01 09:57:00,"{""side"": ""HOLD"", ""confidence"": null}",0.0,FILLED
3444,MES,2023-01-01 09:58:00,"{""side"": ""HOLD"", ""confidence"": null}",0.0,FILLED
3445,MES,2023-01-01 09:59:00,"{""side"": ""HOLD"", ""confidence"": null}",0.0,FILLED
3446,MES,2023-01-01 10:00:00,"{""side"": ""HOLD"", ""confidence"": null}",0.0,FILLED
3447,MES,2023-01-01 10:01:00,"{""side"": ""HOLD"", ""confidence"": null}",0.0,FILLED
3448,MES,2023-01-01 10:02:00,"{""side"": ""HOLD"", ""confidence"": null}",0.0,FILLED
3449,MES,2023-01-01 10:03:00,"{""side"": ""HOLD"", ""confidence"": null}",0.0,FILLED
3450,MES,2023-01-01 10:04:00,"{""side"": ""HOLD"", ""confidence"": null}",0.0,FILLED
3451,MES,2023-01-01 10:05:00,"{""side"": ""HOLD"", ""confidence"": null}",0.0,FILLED
3452,MES,2023-01-01 10:06:00,"{""side"": ""HOLD"", ""confidence"": null}",0.0,FILLED
3453,MES,2023-01-01 10:07:00,"{""side"": ""HOLD"", ""confidence"": null}",0.0,FILLED
3454,MES,2023-01-01 10:08:00,"{""side"": ""HOLD"", ""confidence"": null}",0.0,FILLED
3455,MES,2023-01-01 10:09:00,"{""side"": ""HOLD"", ""confidence"": null}",0.0,FILLED
3456,MES,2023-01-01 10:10:00,"{""side"": ""HOLD"", ""confidence"": null}",0.0,FILLED
3457,MES,2023-01-01 10:11:00,"{""side"": ""HOLD"", ""confidence"": null}",0.0,FILLED
3458,MES,2023-01-01 10:12:00,"{""side"": ""HOLD"", ""confidence"": null}",0.0,FILLED
3459,MES,2023-01-01 10:13:00,"{""side"": ""HOLD"", ""confidence"": null}",0.0,FILLED
3460,MES,2023-01-01 10:14:00,"{""side"": ""HOLD"", ""confidence"": null}",0.0,FILLED
3461,MES,2023-01-01 10:15:00,"{""side"": ""HOLD"", ""confidence"": null}",0.0,FILLED
3462,MES,2023-01-01 10:16:00,"{""side"": ""HOLD"", ""confidence"": null}",0.0,FILLED
3463,MES,2023-01-01 10:17:00,"{""side"": ""HOLD"", ""confidence"": null}",0.0,FILLED
3464,MES,2023-01-01 10:18:00,"{""side"": ""HOLD"", ""confidence"": null}",0.0,FILLED
3465,MES,2023-01-01 10:19:00,"{""side"": ""HOLD"", ""confidence"": null}",0.0,FILLED
3466,MES,2023-01-01 10:20:00,"{""side"": ""HOLD"", ""confidence"": null}",0.0,FILLED
3467,MES,2023-01-01 10:21:00,"{""side"": ""HOLD"", ""confidence"": null}",0.0,FILLED
3468,MES,2023-01-01 10:22:00,"{""side"": ""HOLD"", ""confidence"": null}",0.0,FILLED
3469,MES,2023-01-01 10:23:00,"{""side"": ""HOLD"", ""confidence"": null}",0.0,FILLED
3470,MES,2023-01-01 10:24:00,"{""side"": ""HOLD"", ""confidence"": null}",0.0,FILLED
3471,MES,2023-01-01 10:25:00,"{""side"": ""HOLD"", ""confidence"": null}",0.0,FILLED
3472,MES,2023-01-01 10:26:00,"{""side"": ""HOLD"", ""confidence"": null}",0.0,FILLED
3473,MES,2023-01-01 10:27:00,"{""side"": ""HOLD"", ""confidence"": null}",0.0,FILLED
3474,MES,2023-01-01 10:28:00,"{""side"": ""HOLD"", ""confidence"": null}",0.0,FILLED
3475,MES,2023-01-01 10:29:00,"{""side"": ""HOLD"", ""confidence"": null}",0.0,FILLED
3476,MES,2023-01-01 10:30:00,"{""side"": ""HOLD"", ""confidence"": null}",0.0,FILLED
3477,MES,2023-01-01 10:31:00,"{""side"": ""HOLD"", ""confidence"": null}",0.0,FILLED
3478,MES,2023-01-01 10:32:00,"{""side"": ""HOLD"", ""confidence"": null}",0.0,FILLED
3479,MES,2023-01-01 10:33:00,"{""side"": ""HOLD"", ""confidence"": null}",0.0,FILLED
3480,MES,2023-01-01 10:34:00,"{""side"": ""HOLD"", ""confidence"": null}",0.0,FILLED
3481,MES,2023-01-01 10:35:00,"{""side"": ""HOLD"", ""confidence"": null}",0.0,FILLED
3482,MES,2023-01-01 10:36:00,"{""side"": ""HOLD"", ""confidence"": null}",0.0,FILLED
3483,MES,2023-01-01 10:37:00,"{""side"": ""HOLD"", ""confidence"": null}",0.0,FILLED
3484,MES,2023-01-01 10:38:00,"{""side"": ""HOLD"", ""confidence"": null}",0.0,FILLED
3485,MES,2023-01-01 10:39:00,"{""side"": ""HOLD"", ""confidence"": null}",0.0,FILLED
3486,MES,2023-01-01 10:40:00,"{""side"": ""HOLD"", ""confidence"": null}",0.0,FILLED
3487,MES,2023-01-01 10:41:00,"{""side"": ""HOLD"", ""confidence"": null}",0.0,FILLED
3488,MES,2023-01-01 10:42:00,"{""side"": ""HOLD"", ""confidence"": null}",0.0,FILLED
3489,MES,2023-01-01 10:43:00,"{""side"": ""HOLD"", ""confidence"": null}",0.0,FILLED
3490,MES,2023-01-01 10:44:00,"{""side"": ""HOLD"", ""confidence"": null}",0.0,FILLED
3491,MES,2023-01-01 10:45:00,"{""side"": ""HOLD"", ""confidence"": null}",0.0,FILLED
3492,MES,2023-01-01 10:46:00,"{""side"": ""HOLD"", ""confidence"": null}",0.0,FILLED
3493,MES,2023-01-01 10:47:00,"{""side"": ""HOLD"", ""confidence"": null}",0.0,FILLED
3494,MES,2023-01-01 10:48:00,"{""side"": ""HOLD"", ""confidence"": null}",0.0,FILLED
3495,MES,2023-01-01 10:49:00,"{""side"": ""HOLD"", ""confidence"": null}",0.0,FILLED
3496,MES,2023-01-01 10:50:00,"{""side"": ""HOLD"", ""confidence"": null}",0.0,FILLED
3497,MES,2023-01-01 10:51:00,"{""side"": ""HOLD"", ""confidence"": null}",0.0,FILLED
3498,MES,2023-01-01 10:52:00,"{""side"": ""HOLD"", ""confidence"": null}",0.0,FILLED
3499,MES,2023-01-01 10:53:00,"{""side"": ""HOLD"", ""confidence"": null}",0.0,FILLED
3500,MES,2023-01-01 10:54:00,"{""side"": ""HOLD"", ""confidence"": null}",0.0,FILLED
3501,MES,2023-01-01 10:55:00,"{""side"": ""HOLD"", ""confidence"": null}",0.0,FILLED
3502,MES,2023-01-01 10:56:00,"{""side"": ""HOLD"", ""confidence"": null}",0.0,FILLED
3503,MES,2023-01-01 10:57:00,"{""side"": ""HOLD"", ""confidence"": null}",0.0,FILLED
3504,MES,2023-01-01 10:58:00,"{""side"": ""HOLD"", ""confidence"": null}",0.0,FILLED
3505,MES,2023-01-01 10:59:00,"{""side"": ""HOLD"", ""confidence"": null}",0.0,FILLED
3506,MES,2023-01-01 11:00:00,"{""side"": ""HOLD"", ""confidence"": null}",0.0,FILLED
3507,MES,2023-01-01 11:01:00,"{""side"": ""HOLD"", ""confidence"": null}",0.0,FILLED
3508,MES,2023-01-01 11:02:00,"{""side"": ""HOLD"", ""confidence"": null}",0.0,FILLED
3509,MES,2023-01-01 11:03:00,"{""side"": ""HOLD"", ""confidence"": null}",0.0,FILLED
3510,MES,2023-01-01 11:04:00,"{""side"": ""HOLD"", ""confidence"": null}",0.0,FILLED
3511,MES,2023-01-01 11:05:00,"{""side"": ""HOLD"", ""confidence"": null}",0.0,FILLED
3512,MES,2023-01-01 11:06:00,"{""side"": ""HOLD"", ""confidence"": null}",0.0,FILLED
3513,MES,2023-01-01 11:07:00,"{""side"": ""HOLD"", ""confidence"": null}",0.0,FILLED
3514,MES,2023-01-01 11:08:00,"{""side"": ""HOLD"", ""confidence"": null}",0.0,FILLED
3515,MES,2023-01-01 11:09:00,"{""side"": ""HOLD"", ""confidence"": null}",0.0,FILLED
3516,MES,2023-01-01 11:10:00,"{""side"": ""HOLD"", ""confidence"": null}",0.0,FILLED
3517,MES,2023-01-01 11:11:00,"{""side"": ""HOLD"", ""confidence"": null}",0.0,FILLED
3518,MES,2023-01-01 11:12:00,"{""side"": ""HOLD"", ""confidence"": null}",0.0,FILLED
3519,MES,2023-01-01 11:13:00,"{""side"": ""HOLD"", ""confidence"": null}",0.0,FILLED
3520,MES,2023-01-01 11:14:00,"{""side"": ""HOLD"", ""confidence"": null}",0.0,FILLED
3521,MES,2023-01-01 11:15:00,"{""side"": ""HOLD"", ""confidence"": null}",0.0,FILLED
3522,MES,2023-01-01 11:16:00,"{""side"": ""HOLD"", ""confidence"": null}",0.0,FILLED
3523,MES,2023-01-01 11:17:00,"{""side"": ""HOLD"", ""confidence"": null}",0.0,FILLED
3524,MES,2023-01-01 11:18:00,"{""side"": ""HOLD"", ""confidence"": null}",0.0,FILLED
3525,MES,2023-01-01 11:19:00,"{""side"": ""HOLD"", ""confidence"": null}",0.0,FILLED
3526,MES,2023-01-01 11:20:00,"{""side"": ""HOLD"", ""confidence"": null}",0.0,FILLED
3527,MES,2023-01-01 11:21:00,"{""side"": ""HOLD"", ""confidence"": null}",0.0,FILLED
3528,MES,2023-01-01 11:22:00,"{""side"": ""HOLD"", ""confidence"": null}",0.0,FILLED
3529,MES,2023-01-01 11:23:00,"{""side"": ""HOLD"", ""confidence"": null}",0.0,FILLED
3530,MES,2023-01-01 11:24:00,"{""side"": ""HOLD"", ""confidence"": null}",0.0,FILLED
3531,MES,2023-01-01 11:25:00,"{""side"": ""HOLD"", ""confidence"": null}",0.0,FILLED
3532,MES,2023-01-01 11:26:00,"{""side"": ""HOLD"", ""confidence"": null}",0.0,FILLED
3533,MES,2023-01-01 11:27:00,"{""side"": ""HOLD"", ""confidence"": null}",0.0,FILLED
3534,MES,2023-01-01 11:28:00,"{""side"": ""HOLD"", ""confidence"": null}",0.0,FILLED
3535,MES,2023-01-01 11:29:00,"{""side"": ""HOLD"", ""confidence"": null}",0.0,FILLED
3536,MES,2023-01-01 11:30:00,"{""side"": ""HOLD"", ""confidence"": null}",0.0,FILLED
3537,MES,2023-01-01 11:31:00,"{""side"": ""HOLD"", ""confidence"": null}",0.0,FILLED
3538,MES,2023-01-01 11:32:00,"{""side"": ""HOLD"", ""confidence"": null}",0.0,FILLED
3539,MES,2023-01-01 11:33:00,"{""side"": ""HOLD"", ""confidence"": null}",0.0,FILLED
3540,MES,2023-01-01 11:34:00,"{""side"": ""HOLD"", ""confidence"": null}",0.0,FILLED
3541,MES,2023-01-01 11:35:00,"{""side"": ""HOLD"", ""confidence"": null}",0.0,FILLED
3542,MES,2023-01-01 11:36:00,"{""side"": ""HOLD"", ""confidence"": null}",0.0,FILLED
3543,MES,2023-01-01 11:37:00,"{""side"": ""HOLD"", ""confidence"": null}",0.0,FILLED
3544,MES,2023-01-01 11:38:00,"{""side"": ""HOLD"", ""confidence"": null}",0.0,FILLED
3545,MES,2023-01-01 11:39:00,"{""side"": ""HOLD"", ""confidence"": null}",0.0,FILLED
3546,MES,2023-01-01 11:40:00,"{""side"": ""HOLD"", ""confidence"": null}",0.0,FILLED
3547,MES,2023-01-01 11:41:00,"{""side"": ""HOLD"", ""confidence"": null}",0.0,FILLED
3548,MES,2023-01-01 11:42:00,"{""side"": ""HOLD"", ""confidence"": null}",0.0,FILLED
3549,MES,2023-01-01 11:43:00,"{""side"": ""HOLD"", ""confidence"": null}",0.0,FILLED
3550,MES,2023-01-01 11:44:00,"{""side"": ""HOLD"", ""confidence"": null}",0.0,FILLED
3551,MES,2023-01-01 11:45:00,"{""side"": ""HOLD"", ""confidence"": null}",0.0,FILLED
3552,MES,2023-01-01 11:46:00,"{""side"": ""HOLD"", ""confidence"": null}",0.0,FILLED
3553,MES,2023-01-01 11:47:00,"{""side"": ""HOLD"", ""confidence"": null}",0.0,FILLED
3554,MES,2023-01-01 11:48:00,"{""side"": ""HOLD"", ""confidence"": null}",0.0,FILLED
3555,MES,2023-01-01 11:49:00,"{""side"": ""HOLD"", ""confidence"": null}",0.0,FILLED
3556,MES,2023-01-01 11:50:00,"{""side"": ""HOLD"", ""confidence"": null}",0.0,FILLED
3557,MES,2023-01-01 11:51:00,"{""side"": ""HOLD"", ""confidence"": null}",0.0,FILLED
3558,MES,2023-01-01 11:52:00,"{""side"": ""HOLD"", ""confidence"": null}",0.0,FILLED
3559,MES,2023-01-01 11:53:00,"{""side"": ""HOLD"", ""confidence"": null}",0.0,FILLED
3560,MES,2023-01-01 11:54:00,"{""side"": ""HOLD"", ""confidence"": null}",0.0,FILLED
3561,MES,2023-01-01 11:55:00,"{""side"": ""HOLD"", ""confidence"": null}",0.0,FILLED
3562,MES,2023-01-01 11:56:00,"{""side"": ""HOLD"", ""confidence"": null}",0.0,FILLED
3563,MES,2023-01-01 11:57:00,"{""side"": ""HOLD"", ""confidence"": null}",0.0,FILLED
3564,MES,2023-01-01 11:58:00,"{""side"": ""HOLD"", ""confidence"": null}",0.0,FILLED
3565,MES,2023-01-01 11:59:00,"{""side"": ""HOLD"", ""confidence"": null}",0.0,FILLED
3566,MES,2023-01-01 12:00:00,"{""side"": ""HOLD"", ""confidence"": null}",0.0,FILLED
3567,MES,2023-01-01 12:01:00,"{""side"": ""HOLD"", ""confidence"": null}",0.0,FILLED
3568,MES,2023-01-01 12:02:00,"{""side"": ""HOLD"", ""confidence"": null}",0.0,FILLED
3569,MES,2023-01-01 12:03:00,"{""side"": ""HOLD"", ""confidence"": null}",0.0,FILLED
3570,MES,2023-01-01 12:04:00,"{""side"": ""HOLD"", ""confidence"": null}",0.0,FILLED
3571,MES,2023-01-01 12:05:00,"{""side"": ""HOLD"", ""confidence"": null}",0.0,FILLED
3572,MES,2023-01-01 12:06:00,"{""side"": ""HOLD"", ""confidence"": null}",0.0,FILLED
3573,MES,2023-01-01 12:07:00,"{""side"": ""HOLD"", ""confidence"": null}",0.0,FILLED
3574,MES,2023-01-01 12:08:00,"{""side"": ""HOLD"", ""confidence"": null}",0.0,FILLED
3575,MES,2023-01-01 12:09:00,"{""side"": ""HOLD"", ""confidence"": null}",0.0,FILLED
3576,MES,2023-01-01 12:10:00,"{""side"": ""HOLD"", ""confidence"": null}",0.0,FILLED
3577,MES,2023-01-01 12:11:00,"{""side"": ""HOLD"", ""confidence"": null}",0.0,FILLED
3578,MES,2023-01-01 12:12:00,"{""side"": ""HOLD"", ""confidence"": null}",0.0,FILLED
3579,MES,2023-01-01 12:13:00,"{""side"": ""HOLD"", ""confidence"": null}",0.0,FILLED
3580,MES,2023-01-01 12:14:00,"{""side"": ""HOLD"", ""confidence"": null}",0.0,FILLED
3581,MES,2023-01-01 12:15:00,"{""side"": ""HOLD"", ""confidence"": null}",0.0,FILLED
3582,MES,2023-01-01 12:16:00,"{""side"": ""HOLD"", ""confidence"": null}",0.0,FILLED
3583,MES,2023-01-01 12:17:00,"{""side"": ""HOLD"", ""confidence"": null}",0.0,FILLED
3584,MES,2023-01-01 12:18:00,"{""side"": ""HOLD"", ""confidence"": null}",0.0,FILLED
3585,MES,2023-01-01 12:19:00,"{""side"": ""HOLD"", ""confidence"": null}",0.0,FILLED
3586,MES,2023-01-01 12:20:00,"{""side"": ""HOLD"", ""confidence"": null}",0.0,FILLED
3587,MES,2023-01-01 12:21:00,"{""side"": ""HOLD"", ""confidence"": null}",0.0,FILLED
3588,MES,2023-01-01 12:22:00,"{""side"": ""HOLD"", ""confidence"": null}",0.0,FILLED
3589,MES,2023-01-01 12:23:00,"{""side"": ""HOLD"", ""confidence"": null}",0.0,FILLED
3590,MES,2023-01-01 12:24:00,"{""side"": ""HOLD"", ""confidence"": null}",0.0,FILLED
3591,MES,2023-01-01 12:25:00,"{""side"": ""HOLD"", ""confidence"": null}",0.0,FILLED
3592,MES,2023-01-01 12:26:00,"{""side"": ""HOLD"", ""confidence"": null}",0.0,FILLED
3593,MES,2023-01-01 12:27:00,"{""side"": ""HOLD"", ""confidence"": null}",0.0,FILLED
3594,MES,2023-01-01 12:28:00,"{""side"": ""HOLD"", ""confidence"": null}",0.0,FILLED
3595,MES,2023-01-01 12:29:00,"{""side"": ""HOLD"", ""confidence"": null}",0.0,FILLED
3596,MES,2023-01-01 12:30:00,"{""side"": ""HOLD"", ""confidence"": null}",0.0,FILLED
3597,MES,2023-01-01 12:31:00,"{""side"": ""HOLD"", ""confidence"": null}",0.0,FILLED
3598,MES,2023-01-01 12:32:00,"{""side"": ""HOLD"", ""confidence"": null}",0.0,FILLED
3599,MES,2023-01-01 12:33:00,"{""side"": ""HOLD"", ""confidence"": null}",0.0,FILLED
3600,MES,2023-01-01 12:34:00,"{""side"": ""HOLD"", ""confidence"": null}",0.0,FILLED
3601,MES,2023-01-01 12:35:00,"{""side"": ""HOLD"", ""confidence"": null}",0.0,FILLED
3602,MES,2023-01-01 12:36:00,"{""side"": ""HOLD"", ""confidence"": null}",0.0,FILLED
3603,MES,2023-01-01 12:37:00,"{""side"": ""HOLD"", ""confidence"": null}",0.0,FILLED
3604,MES,2023-01-01 12:38:00,"{""side"": ""HOLD"", ""confidence"": null}",0.0,FILLED
3605,MES,2023-01-01 12:39:00,"{""side"": ""HOLD"", ""confidence"": null}",0.0,FILLED
3606,MES,2023-01-01 12:40:00,"{""side"": ""HOLD"", ""confidence"": null}",0.0,FILLED
3607,MES,2023-01-01 12:41:00,"{""side"": ""HOLD"", ""confidence"": null}",0.0,FILLED
3608,MES,2023-01-01 12:42:00,"{""side"": ""HOLD"", ""confidence"": null}",0.0,FILLED
3609,MES,2023-01-01 12:43:00,"{""side"": ""HOLD"", ""confidence"": null}",0.0,FILLED
3610,MES,2023-01-01 12:44:00,"{""side"": ""HOLD"", ""confidence"": null}",0.0,FILLED
3611,MES,2023-01-01 12:45:00,"{""side"": ""HOLD"", ""confidence"": null}",0.0,FILLED
3612,MES,2023-01-01 12:46:00,"{""side"": ""HOLD"", ""confidence"": null}",0.0,FILLED
3613,MES,2023-01-01 12:47:00,"{""side"": ""HOLD"", ""confidence"": null}",0.0,FILLED
3614,MES,2023-01-01 12:48:00,"{""side"": ""HOLD"", ""confidence"": null}",0.0,FILLED
3615,MES,2023-01-01 12:49:00,"{""side"": ""HOLD"", ""confidence"": null}",0.0,FILLED
3616,MES,2023-01-01 12:50:00,"{""side"": ""HOLD"", ""confidence"": null}",0.0,FILLED
3617,MES,2023-01-01 12:51:00,"{""side"": ""HOLD"", ""confidence"": null}",0.0,FILLED
3618,MES,2023-01-01 12:52:00,"{""side"": ""HOLD"", ""confidence"": null}",0.0,FILLED
3619,MES,2023-01-01 12:53:00,"{""side"": ""HOLD"", ""confidence"": null}",0.0,FILLED
3620,MES,2023-01-01 12:54:00,"{""side"": ""HOLD"", ""confidence"": null}",0.0,FILLED
3621,MES,2023-01-01 12:55:00,"{""side"": ""HOLD"", ""confidence"": null}",0.0,FILLED
3622,MES,2023-01-01 12:56:00,"{""side"": ""HOLD"", ""confidence"": null}",0.0,FILLED
3623,MES,2023-01-01 12:57:00,"{""side"": ""HOLD"", ""confidence"": null}",0.0,FILLED
3624,MES,2023-01-01 12:58:00,"{""side"": ""HOLD"", ""confidence"": null}",0.0,FILLED
3625,MES,2023-01-01 12:59:00,"{""side"": ""HOLD"", ""confidence"": null}",0.0,FILLED
3626,MES,2023-01-01 13:00:00,"{""side"": ""HOLD"", ""confidence"": null}",0.0,FILLED
3627,MES,2023-01-01 13:01:00,"{""side"": ""HOLD"", ""confidence"": null}",0.0,FILLED
3628,MES,2023-01-01 13:02:00,"{""side"": ""HOLD"", ""confidence"": null}",0.0,FILLED
3629,MES,2023-01-01 13:03:00,"{""side"": ""HOLD"", ""confidence"": null}",0.0,FILLED
3630,MES,2023-01-01 13:04:00,"{""side"": ""HOLD"", ""confidence"": null}",0.0,FILLED
3631,MES,2023-01-01 13:05:00,"{""side"": ""HOLD"", ""confidence"": null}",0.0,FILLED
3632,MES,2023-01-01 13:06:00,"{""side"": ""HOLD"", ""confidence"": null}",0.0,FILLED
3633,MES,2023-01-01 13:07:00,"{""side"": ""HOLD"", ""confidence"": null}",0.0,FILLED
3634,MES,2023-01-01 13:08:00,"{""side"": ""HOLD"", ""confidence"": null}",0.0,FILLED
3635,MES,2023-01-01 13:09:00,"{""side"": ""HOLD"", ""confidence"": null}",0.0,FILLED
3636,MES,2023-01-01 13:10:00,"{""side"": ""HOLD"", ""confidence"": null}",0.0,FILLED
3637,MES,2023-01-01 13:11:00,"{""side"": ""HOLD"", ""confidence"": null}",0.0,FILLED
3638,MES,2023-01-01 13:12:00,"{""side"": ""HOLD"", ""confidence"": null}",0.0,FILLED
3639,MES,2023-01-01 13:13:00,"{""side"": ""HOLD"", ""confidence"": null}",0.0,FILLED
3640,MES,2023-01-01 13:14:00,"{""side"": ""HOLD"", ""confidence"": null}",0.0,FILLED
3641,MES,2023-01-01 13:15:00,"{""side"": ""HOLD"", ""confidence"": null}",0.0,FILLED
3642,MES,2023-01-01 13:16:00,"{""side"": ""HOLD"", ""confidence"": null}",0.0,FILLED
3643,MES,2023-01-01 13:17:00,"{""side"": ""HOLD"", ""confidence"": null}",0.0,FILLED
3644,MES,2023-01-01 13:18:00,"{""side"": ""HOLD"", ""confidence"": null}",0.0,FILLED
3645,MES,2023-01-01 13:19:00,"{""side"": ""HOLD"", ""confidence"": null}",0.0,FILLED
3646,MES,2023-01-01 13:20:00,"{""side"": ""HOLD"", ""confidence"": null}",0.0,FILLED
3647,MES,2023-01-01 13:21:00,"{""side"": ""HOLD"", ""confidence"": null}",0.0,FILLED
3648,MES,2023-01-01 13:22:00,"{""side"": ""HOLD"", ""confidence"": null}",0.0,FILLED
3649,MES,2023-01-01 13:23:00,"{""side"": ""HOLD"", ""confidence"": null}",0.0,FILLED
3650,MES,2023-01-01 13:24:00,"{""side"": ""HOLD"", ""confidence"": null}",0.0,FILLED
3651,MES,2023-01-01 13:25:00,"{""side"": ""HOLD"", ""confidence"": null}",0.0,FILLED
3652,MES,2023-01-01 13:26:00,"{""side"": ""HOLD"", ""confidence"": null}",0.0,FILLED
3653,MES,2023-01-01 13:27:00,"{""side"": ""HOLD"", ""confidence"": null}",0.0,FILLED
3654,MES,2023-01-01 13:28:00,"{""side"": ""HOLD"", ""confidence"": null}",0.0,FILLED
3655,MES,2023-01-01 13:29:00,"{""side"": ""HOLD"", ""confidence"": null}",0.0,FILLED
3656,MES,2023-01-01 13:30:00,"{""side"": ""HOLD"", ""confidence"": null}",0.0,FILLED
3657,MES,2023-01-01 13:31:00,"{""side"": ""HOLD"", ""confidence"": null}",0.0,FILLED
3658,MES,2023-01-01 13:32:00,"{""side"": ""HOLD"", ""confidence"": null}",0.0,FILLED
3659,MES,2023-01-01 13:33:00,"{""side"": ""HOLD"", ""confidence"": null}",0.0,FILLED
3660,MES,2023-01-01 13:34:00,"{""side"": ""HOLD"", ""confidence"": null}",0.0,FILLED
3661,MES,2023-01-01 13:35:00,"{""side"": ""HOLD"", ""confidence"": null}",0.0,FILLED
3662,MES,2023-01-01 13:36:00,"{""side"": ""HOLD"", ""confidence"": null}",0.0,FILLED
3663,MES,2023-01-01 13:37:00,"{""side"": ""HOLD"", ""confidence"": null}",0.0,FILLED
3664,MES,2023-01-01 13:38:00,"{""side"": ""HOLD"", ""confidence"": null}",0.0,FILLED
3665,MES,2023-01-01 13:39:00,"{""side"": ""HOLD"", ""confidence"": null}",0.0,FILLED
3666,MES,2023-01-01 13:40:00,"{""side"": ""HOLD"", ""confidence"": null}",0.0,FILLED
3667,MES,2023-01-01 13:41:00,"{""side"": ""HOLD"", ""confidence"": null}",0.0,FILLED
3668,MES,2023-01-01 13:42:00,"{""side"": ""HOLD"", ""confidence"": null}",0.0,FILLED
3669,MES,2023-01-01 13:43:00,"{""side"": ""HOLD"", ""confidence"": null}",0.0,FILLED
3670,MES,2023-01-01 13:44:00,"{""side"": ""HOLD"", ""confidence"": null}",0.0,FILLED
3671,MES,2023-01-01 13:45:00,"{""side"": ""HOLD"", ""confidence"": null}",0.0,FILLED
3672,MES,2023-01-01 13:46:00,"{""side"": ""HOLD"", ""confidence"": null}",0.0,FILLED
3673,MES,2023-01-01 13:47:00,"{""side"": ""HOLD"", ""confidence"": null}",0.0,FILLED
3674,MES,2023-01-01 13:48:00,"{""side"": ""HOLD"", ""confidence"": null}",0.0,FILLED
3675,MES,2023-01-01 13:49:00,"{""side"": ""HOLD"", ""confidence"": null}",0.0,FILLED
3676,MES,2023-01-01 13:50:00,"{""side"": ""HOLD"", ""confidence"": null}",0.0,FILLED
3677,MES,2023-01-01 13:51:00,"{""side"": ""HOLD"", ""confidence"": null}",0.0,FILLED
3678,MES,2023-01-01 13:52:00,"{""side"": ""HOLD"", ""confidence"": null}",0.0,FILLED
3679,MES,2023-01-01 13:53:00,"{""side"": ""HOLD"", ""confidence"": null}",0.0,FILLED
3680,MES,2023-01-01 13:54:00,"{""side"": ""HOLD"", ""confidence"": null}",0.0,FILLED
3681,MES,2023-01-01 13:55:00,"{""side"": ""HOLD"", ""confidence"": null}",0.0,FILLED
3682,MES,2023-01-01 13:56:00,"{""side"": ""HOLD"", ""confidence"": null}",0.0,FILLED
3683,MES,2023-01-01 13:57:00,"{""side"": ""HOLD"", ""confidence"": null}",0.0,FILLED
3684,MES,2023-01-01 13:58:00,"{""side"": ""HOLD"", ""confidence"": null}",0.0,FILLED
3685,MES,2023-01-01 13:59:00,"{""side"": ""HOLD"", ""confidence"": null}",0.0,FILLED
3686,MES,2023-01-01 14:00:00,"{""side"": ""HOLD"", ""confidence"": null}",0.0,FILLED
3687,MES,2023-01-01 14:01:00,"{""side"": ""HOLD"", ""confidence"": null}",0.0,FILLED
3688,MES,2023-01-01 14:02:00,"{""side"": ""HOLD"", ""confidence"": null}",0.0,FILLED
3689,MES,2023-01-01 14:03:00,"{""side"": ""HOLD"", ""confidence"": null}",0.0,FILLED
3690,MES,2023-01-01 14:04:00,"{""side"": ""HOLD"", ""confidence"": null}",0.0,FILLED
3691,MES,2023-01-01 14:05:00,"{""side"": ""HOLD"", ""confidence"": null}",0.0,FILLED
3692,MES,2023-01-01 14:06:00,"{""side"": ""HOLD"", ""confidence"": null}",0.0,FILLED
3693,MES,2023-01-01 14:07:00,"{""side"": ""HOLD"", ""confidence"": null}",0.0,FILLED
3694,MES,2023-01-01 14:08:00,"{""side"": ""HOLD"", ""confidence"": null}",0.0,FILLED
3695,MES,2023-01-01 14:09:00,"{""side"": ""HOLD"", ""confidence"": null}",0.0,FILLED
3696,MES,2023-01-01 14:10:00,"{""side"": ""HOLD"", ""confidence"": null}",0.0,FILLED
3697,MES,2023-01-01 14:11:00,"{""side"": ""HOLD"", ""confidence"": null}",0.0,FILLED
3698,MES,2023-01-01 14:12:00,"{""side"": ""HOLD"", ""confidence"": null}",0.0,FILLED
3699,MES,2023-01-01 14:13:00,"{""side"": ""HOLD"", ""confidence"": null}",0.0,FILLED
3700,MES,2023-01-01 14:14:00,"{""side"": ""HOLD"", ""confidence"": null}",0.0,FILLED
3701,MES,2023-01-01 14:15:00,"{""side"": ""HOLD"", ""confidence"": null}",0.0,FILLED
3702,MES,2023-01-01 14:16:00,"{""side"": ""HOLD"", ""confidence"": null}",0.0,FILLED
3703,MES,2023-01-01 14:17:00,"{""side"": ""HOLD"", ""confidence"": null}",0.0,FILLED
3704,MES,2023-01-01 14:18:00,"{""side"": ""HOLD"", ""confidence"": null}",0.0,FILLED
3705,MES,2023-01-01 14:19:00,"{""side"": ""HOLD"", ""confidence"": null}",0.0,FILLED
3706,MES,2023-01-01 14:20:00,"{""side"": ""HOLD"", ""confidence"": null}",0.0,FILLED
3707,MES,2023-01-01 14:21:00,"{""side"": ""HOLD"", ""confidence"": null}",0.0,FILLED
3708,MES,2023-01-01 14:22:00,"{""side"": ""HOLD"", ""confidence"": null}",0.0,FILLED
3709,MES,2023-01-01 14:23:00,"{""side"": ""HOLD"", ""confidence"": null}",0.0,FILLED
3710,MES,2023-01-01 14:24:00,"{""side"": ""HOLD"", ""confidence"": null}",0.0,FILLED
3711,MES,2023-01-01 14:25:00,"{""side"": ""HOLD"", ""confidence"": null}",0.0,FILLED
3712,MES,2023-01-01 14:26:00,"{""side"": ""HOLD"", ""confidence"": null}",0.0,FILLED
3713,MES,2023-01-01 14:27:00,"{""side"": ""HOLD"", ""confidence"": null}",0.0,FILLED
3714,MES,2023-01-01 14:28:00,"{""side"": ""HOLD"", ""confidence"": null}",0.0,FILLED
3715,MES,2023-01-01 14:29:00,"{""side"": ""HOLD"", ""confidence"": null}",0.0,FILLED
3716,MES,2023-01-01 14:30:00,"{""side"": ""HOLD"", ""confidence"": null}",0.0,FILLED
3717,MES,2023-01-01 14:31:00,"{""side"": ""HOLD"", ""confidence"": null}",0.0,FILLED
3718,MES,2023-01-01 14:32:00,"{""side"": ""HOLD"", ""confidence"": null}",0.0,FILLED
3719,MES,2023-01-01 14:33:00,"{""side"": ""HOLD"", ""confidence"": null}",0.0,FILLED
3720,MES,2023-01-01 14:34:00,"{""side"": ""HOLD"", ""confidence"": null}",0.0,FILLED
3721,MES,2023-01-01 14:35:00,"{""side"": ""HOLD"", ""confidence"": null}",0.0,FILLED
3722,MES,2023-01-01 14:36:00,"{""side"": ""HOLD"", ""confidence"": null}",0.0,FILLED
3723,MES,2023-01-01 14:37:00,"{""side"": ""HOLD"", ""confidence"": null}",0.0,FILLED
3724,MES,2023-01-01 14:38:00,"{""side"": ""HOLD"", ""confidence"": null}",0.0,FILLED
3725,MES,2023-01-01 14:39:00,"{""side"": ""HOLD"", ""confidence"": null}",0.0,FILLED
3726,MES,2023-01-01 14:40:00,"{""side"": ""HOLD"", ""confidence"": null}",0.0,FILLED
3727,MES,2023-01-01 14:41:00,"{""side"": ""HOLD"", ""confidence"": null}",0.0,FILLED
3728,MES,2023-01-01 14:42:00,"{""side"": ""HOLD"", ""confidence"": null}",0.0,FILLED
3729,MES,2023-01-01 14:43:00,"{""side"": ""HOLD"", ""confidence"": null}",0.0,FILLED
3730,MES,2023-01-01 14:44:00,"{""side"": ""HOLD"", ""confidence"": null}",0.0,FILLED
3731,MES,2023-01-01 14:45:00,"{""side"": ""HOLD"", ""confidence"": null}",0.0,FILLED
3732,MES,2023-01-01 14:46:00,"{""side"": ""HOLD"", ""confidence"": null}",0.0,FILLED
3733,MES,2023-01-01 14:47:00,"{""side"": ""HOLD"", ""confidence"": null}",0.0,FILLED
3734,MES,2023-01-01 14:48:00,"{""side"": ""HOLD"", ""confidence"": null}",0.0,FILLED
3735,MES,2023-01-01 14:49:00,"{""side"": ""HOLD"", ""confidence"": null}",0.0,FILLED
3736,MES,2023-01-01 14:50:00,"{""side"": ""HOLD"", ""confidence"": null}",0.0,FILLED
3737,MES,2023-01-01 14:51:00,"{""side"": ""HOLD"", ""confidence"": null}",0.0,FILLED
3738,MES,2023-01-01 14:52:00,"{""side"": ""HOLD"", ""confidence"": null}",0.0,FILLED
3739,MES,2023-01-01 14:53:00,"{""side"": ""HOLD"", ""confidence"": null}",0.0,FILLED
3740,MES,2023-01-01 14:54:00,"{""side"": ""HOLD"", ""confidence"": null}",0.0,FILLED
3741,MES,2023-01-01 14:55:00,"{""side"": ""HOLD"", ""confidence"": null}",0.0,FILLED
3742,MES,2023-01-01 14:56:00,"{""side"": ""HOLD"", ""confidence"": null}",0.0,FILLED
3743,MES,2023-01-01 14:57:00,"{""side"": ""HOLD"", ""confidence"": null}",0.0,FILLED
3744,MES,2023-01-01 14:58:00,"{""side"": ""HOLD"", ""confidence"": null}",0.0,FILLED
3745,MES,2023-01-01 14:59:00,"{""side"": ""HOLD"", ""confidence"": null}",0.0,FILLED
3746,MES,2023-01-01 15:00:00,"{""side"": ""HOLD"", ""confidence"": null}",0.0,FILLED
3747,MES,2023-01-01 15:01:00,"{""side"": ""HOLD"", ""confidence"": null}",0.0,FILLED
3748,MES,2023-01-01 15:02:00,"{""side"": ""HOLD"", ""confidence"": null}",0.0,FILLED
3749,MES,2023-01-01 15:03:00,"{""side"": ""HOLD"", ""confidence"": null}",0.0,FILLED
3750,MES,2023-01-01 15:04:00,"{""side"": ""HOLD"", ""confidence"": null}",0.0,FILLED
3751,MES,2023-01-01 15:05:00,"{""side"": ""HOLD"", ""confidence"": null}",0.0,FILLED
3752,MES,2023-01-01 15:06:00,"{""side"": ""HOLD"", ""confidence"": null}",0.0,FILLED
3753,MES,2023-01-01 15:07:00,"{""side"": ""HOLD"", ""confidence"": null}",0.0,FILLED
3754,MES,2023-01-01 15:08:00,"{""side"": ""HOLD"", ""confidence"": null}",0.0,FILLED
3755,MES,2023-01-01 15:09:00,"{""side"": ""HOLD"", ""confidence"": null}",0.0,FILLED
3756,MES,2023-01-01 15:10:00,"{""side"": ""HOLD"", ""confidence"": null}",0.0,FILLED
3757,MES,2023-01-01 15:11:00,"{""side"": ""HOLD"", ""confidence"": null}",0.0,FILLED
3758,MES,2023-01-01 15:12:00,"{""side"": ""HOLD"", ""confidence"": null}",0.0,FILLED
3759,MES,2023-01-01 15:13:00,"{""side"": ""HOLD"", ""confidence"": null}",0.0,FILLED
3760,MES,2023-01-01 15:14:00,"{""side"": ""HOLD"", ""confidence"": null}",0.0,FILLED
3761,MES,2023-01-01 15:15:00,"{""side"": ""HOLD"", ""confidence"": null}",0.0,FILLED
3762,MES,2023-01-01 15:16:00,"{""side"": ""HOLD"", ""confidence"": null}",0.0,FILLED
3763,MES,2023-01-01 15:17:00,"{""side"": ""HOLD"", ""confidence"": null}",0.0,FILLED
3764,MES,2023-01-01 15:18:00,"{""side"": ""HOLD"", ""confidence"": null}",0.0,FILLED
3765,MES,2023-01-01 15:19:00,"{""side"": ""HOLD"", ""confidence"": null}",0.0,FILLED
3766,MES,2023-01-01 15:20:00,"{""side"": ""HOLD"", ""confidence"": null}",0.0,FILLED
3767,MES,2023-01-01 15:21:00,"{""side"": ""HOLD"", ""confidence"": null}",0.0,FILLED
3768,MES,2023-01-01 15:22:00,"{""side"": ""HOLD"", ""confidence"": null}",0.0,FILLED
3769,MES,2023-01-01 15:23:00,"{""side"": ""HOLD"", ""confidence"": null}",0.0,FILLED
3770,MES,2023-01-01 15:24:00,"{""side"": ""HOLD"", ""confidence"": null}",0.0,FILLED
3771,MES,2023-01-01 15:25:00,"{""side"": ""HOLD"", ""confidence"": null}",0.0,FILLED
3772,MES,2023-01-01 15:26:00,"{""side"": ""HOLD"", ""confidence"": null}",0.0,FILLED
3773,MES,2023-01-01 15:27:00,"{""side"": ""HOLD"", ""confidence"": null}",0.0,FILLED
3774,MES,2023-01-01 15:28:00,"{""side"": ""HOLD"", ""confidence"": null}",0.0,FILLED
3775,MES,2023-01-01 15:29:00,"{""side"": ""HOLD"", ""confidence"": null}",0.0,FILLED
3776,MES,2023-01-01 15:30:00,"{""side"": ""HOLD"", ""confidence"": null}",0.0,FILLED
3777,MES,2023-01-01 15:31:00,"{""side"": ""HOLD"", ""confidence"": null}",0.0,FILLED
3778,MES,2023-01-01 15:32:00,"{""side"": ""HOLD"", ""confidence"": null}",0.0,FILLED
3779,MES,2023-01-01 15:33:00,"{""side"": ""HOLD"", ""confidence"": null}",0.0,FILLED
3780,MES,2023-01-01 15:34:00,"{""side"": ""HOLD"", ""confidence"": null}",0.0,FILLED
3781,MES,2023-01-01 15:35:00,"{""side"": ""HOLD"", ""confidence"": null}",0.0,FILLED
3782,MES,2023-01-01 15:36:00,"{""side"": ""HOLD"", ""confidence"": null}",0.0,FILLED
3783,MES,2023-01-01 15:37:00,"{""side"": ""HOLD"", ""confidence"": null}",0.0,FILLED
3784,MES,2023-01-01 15:38:00,"{""side"": ""HOLD"", ""confidence"": null}",0.0,FILLED
3785,MES,2023-01-01 15:39:00,"{""side"": ""HOLD"", ""confidence"": null}",0.0,FILLED
3786,MES,2023-01-01 15:40:00,"{""side"": ""HOLD"", ""confidence"": null}",0.0,FILLED
3787,MES,2023-01-01 15:41:00,"{""side"": ""HOLD"", ""confidence"": null}",0.0,FILLED
3788,MES,2023-01-01 15:42:00,"{""side"": ""HOLD"", ""confidence"": null}",0.0,FILLED
3789,MES,2023-01-01 15:43:00,"{""side"": ""HOLD"", ""confidence"": null}",0.0,FILLED
3790,MES,2023-01-01 15:44:00,"{""side"": ""HOLD"", ""confidence"": null}",0.0,FILLED
3791,MES,2023-01-01 15:45:00,"{""side"": ""HOLD"", ""confidence"": null}",0.0,FILLED
3792,MES,2023-01-01 15:46:00,"{""side"": ""HOLD"", ""confidence"": null}",0.0,FILLED
3793,MES,2023-01-01 15:47:00,"{""side"": ""HOLD"", ""confidence"": null}",0.0,FILLED
3794,MES,2023-01-01 15:48:00,"{""side"": ""HOLD"", ""confidence"": null}",0.0,FILLED
3795,MES,2023-01-01 15:49:00,"{""side"": ""HOLD"", ""confidence"": null}",0.0,FILLED
3796,MES,2023-01-01 15:50:00,"{""side"": ""HOLD"", ""confidence"": null}",0.0,FILLED
3797,MES,2023-01-01 15:51:00,"{""side"": ""HOLD"", ""confidence"": null}",0.0,FILLED
3798,MES,2023-01-01 15:52:00,"{""side"": ""HOLD"", ""confidence"": null}",0.0,FILLED
3799,MES,2023-01-01 15:53:00,"{""side"": ""HOLD"", ""confidence"": null}",0.0,FILLED
3800,MES,2023-01-01 15:54:00,"{""side"": ""HOLD"", ""confidence"": null}",0.0,FILLED
3801,MES,2023-01-01 15:55:00,"{""side"": ""HOLD"", ""confidence"": null}",0.0,FILLED
3802,MES,2023-01-01 15:56:00,"{""side"": ""HOLD"", ""confidence"": null}",0.0,FILLED
3803,MES,2023-01-01 15:57:00,"{""side"": ""HOLD"", ""confidence"": null}",0.0,FILLED
3804,MES,2023-01-01 15:58:00,"{""side"": ""HOLD"", ""confidence"": null}",0.0,FILLED
3805,MES,2023-01-01 15:59:00,"{""side"": ""HOLD"", ""confidence"": null}",0.0,FILLED
3806,MES,2023-01-01 16:00:00,"{""side"": ""HOLD"", ""confidence"": null}",0.0,FILLED
3807,MES,2023-01-01 16:01:00,"{""side"": ""HOLD"", ""confidence"": null}",0.0,FILLED
3808,MES,2023-01-01 16:02:00,"{""side"": ""HOLD"", ""confidence"": null}",0.0,FILLED
3809,MES,2023-01-01 16:03:00,"{""side"": ""HOLD"", ""confidence"": null}",0.0,FILLED
3810,MES,2023-01-01 16:04:00,"{""side"": ""HOLD"", ""confidence"": null}",0.0,FILLED
3811,MES,2023-01-01 16:05:00,"{""side"": ""HOLD"", ""confidence"": null}",0.0,FILLED
3812,MES,2023-01-01 16:06:00,"{""side"": ""HOLD"", ""confidence"": null}",0.0,FILLED
3813,MES,2023-01-01 16:07:00,"{""side"": ""HOLD"", ""confidence"": null}",0.0,FILLED
3814,MES,2023-01-01 16:08:00,"{""side"": ""HOLD"", ""confidence"": null}",0.0,FILLED
3815,MES,2023-01-01 16:09:00,"{""side"": ""HOLD"", ""confidence"": null}",0.0,FILLED
3816,MES,2023-01-01 16:10:00,"{""side"": ""HOLD"", ""confidence"": null}",0.0,FILLED
3817,MES,2023-01-01 16:11:00,"{""side"": ""HOLD"", ""confidence"": null}",0.0,FILLED
3818,MES,2023-01-01 16:12:00,"{""side"": ""HOLD"", ""confidence"": null}",0.0,FILLED
3819,MES,2023-01-01 16:13:00,"{""side"": ""HOLD"", ""confidence"": null}",0.0,FILLED
3820,MES,2023-01-01 16:14:00,"{""side"": ""HOLD"", ""confidence"": null}",0.0,FILLED
3821,MES,2023-01-01 16:15:00,"{""side"": ""HOLD"", ""confidence"": null}",0.0,FILLED
3822,MES,2023-01-01 16:16:00,"{""side"": ""HOLD"", ""confidence"": null}",0.0,FILLED
3823,MES,2023-01-01 16:17:00,"{""side"": ""HOLD"", ""confidence"": null}",0.0,FILLED
3824,MES,2023-01-01 16:18:00,"{""side"": ""HOLD"", ""confidence"": null}",0.0,FILLED
3825,MES,2023-01-01 16:19:00,"{""side"": ""HOLD"", ""confidence"": null}",0.0,FILLED
3826,MES,2023-01-01 16:20:00,"{""side"": ""HOLD"", ""confidence"": null}",0.0,FILLED
3827,MES,2023-01-01 16:21:00,"{""side"": ""HOLD"", ""confidence"": null}",0.0,FILLED
3828,MES,2023-01-01 16:22:00,"{""side"": ""HOLD"", ""confidence"": null}",0.0,FILLED
3829,MES,2023-01-01 16:23:00,"{""side"": ""HOLD"", ""confidence"": null}",0.0,FILLED
3830,MES,2023-01-01 16:24:00,"{""side"": ""HOLD"", ""confidence"": null}",0.0,FILLED
3831,MES,2023-01-01 16:25:00,"{""side"": ""HOLD"", ""confidence"": null}",0.0,FILLED
3832,MES,2023-01-01 16:26:00,"{""side"": ""HOLD"", ""confidence"": null}",0.0,FILLED
3833,MES,2023-01-01 16:27:00,"{""side"": ""HOLD"", ""confidence"": null}",0.0,FILLED
3834,MES,2023-01-01 16:28:00,"{""side"": ""HOLD"", ""confidence"": null}",0.0,FILLED
3835,MES,2023-01-01 16:29:00,"{""side"": ""HOLD"", ""confidence"": null}",0.0,FILLED
3836,MES,2023-01-01 16:30:00,"{""side"": ""HOLD"", ""confidence"": null}",0.0,FILLED
3837,MES,2023-01-01 16:31:00,"{""side"": ""HOLD"", ""confidence"": null}",0.0,FILLED
3838,MES,2023-01-01 16:32:00,"{""side"": ""HOLD"", ""confidence"": null}",0.0,FILLED
3839,MES,2023-01-01 16:33:00,"{""side"": ""HOLD"", ""confidence"": null}",0.0,FILLED
3840,MES,2023-01-01 16:34:00,"{""side"": ""HOLD"", ""confidence"": null}",0.0,FILLED
3841,MES,2023-01-01 16:35:00,"{""side"": ""HOLD"", ""confidence"": null}",0.0,FILLED
3842,MES,2023-01-01 16:36:00,"{""side"": ""HOLD"", ""confidence"": null}",0.0,FILLED
3843,MES,2023-01-01 16:37:00,"{""side"": ""HOLD"", ""confidence"": null}",0.0,FILLED
3844,MES,2023-01-01 16:38:00,"{""side"": ""HOLD"", ""confidence"": null}",0.0,FILLED
3845,MES,2023-01-01 16:39:00,"{""side"": ""HOLD"", ""confidence"": null}",0.0,FILLED
3846,MES,2023-01-01 16:40:00,"{""side"": ""HOLD"", ""confidence"": null}",0.0,FILLED
3847,MES,2023-01-01 16:41:00,"{""side"": ""HOLD"", ""confidence"": null}",0.0,FILLED
3848,MES,2023-01-01 16:42:00,"{""side"": ""HOLD"", ""confidence"": null}",0.0,FILLED
3849,MES,2023-01-01 16:43:00,"{""side"": ""HOLD"", ""confidence"": null}",0.0,FILLED
3850,MES,2023-01-01 16:44:00,"{""side"": ""HOLD"", ""confidence"": null}",0.0,FILLED
3851,MES,2023-01-01 16:45:00,"{""side"": ""HOLD"", ""confidence"": null}",0.0,FILLED
3852,MES,2023-01-01 16:46:00,"{""side"": ""HOLD"", ""confidence"": null}",0.0,FILLED
3853,MES,2023-01-01 16:47:00,"{""side"": ""HOLD"", ""confidence"": null}",0.0,FILLED
3854,MES,2023-01-01 16:48:00,"{""side"": ""HOLD"", ""confidence"": null}",0.0,FILLED
3855,MES,2023-01-01 16:49:00,"{""side"": ""HOLD"", ""confidence"": null}",0.0,FILLED
3856,MES,2023-01-01 16:50:00,"{""side"": ""HOLD"", ""confidence"": null}",0.0,FILLED
3857,MES,2023-01-01 16:51:00,"{""side"": ""HOLD"", ""confidence"": null}",0.0,FILLED
3858,MES,2023-01-01 16:52:00,"{""side"": ""HOLD"", ""confidence"": null}",0.0,FILLED
3859,MES,2023-01-01 16:53:00,"{""side"": ""HOLD"", ""confidence"": null}",0.0,FILLED
3860,MES,2023-01-01 16:54:00,"{""side"": ""HOLD"", ""confidence"": null}",0.0,FILLED
3861,MES,2023-01-01 16:55:00,"{""side"": ""HOLD"", ""confidence"": null}",0.0,FILLED
3862,MES,2023-01-01 16:56:00,"{""side"": ""HOLD"", ""confidence"": null}",0.0,FILLED
3863,MES,2023-01-01 16:57:00,"{""side"": ""HOLD"", ""confidence"": null}",0.0,FILLED
3864,MES,2023-01-01 16:58:00,"{""side"": ""HOLD"", ""confidence"": null}",0.0,FILLED
3865,MES,2023-01-01 16:59:00,"{""side"": ""HOLD"", ""confidence"": null}",0.0,FILLED
3866,MES,2023-01-01 17:00:00,"{""side"": ""HOLD"", ""confidence"": null}",0.0,FILLED
3867,MES,2023-01-01 17:01:00,"{""side"": ""HOLD"", ""confidence"": null}",0.0,FILLED
3868,MES,2023-01-01 17:02:00,"{""side"": ""HOLD"", ""confidence"": null}",0.0,FILLED
3869,MES,2023-01-01 17:03:00,"{""side"": ""HOLD"", ""confidence"": null}",0.0,FILLED
3870,MES,2023-01-01 17:04:00,"{""side"": ""HOLD"", ""confidence"": null}",0.0,FILLED
3871,MES,2023-01-01 17:05:00,"{""side"": ""HOLD"", ""confidence"": null}",0.0,FILLED
3872,MES,2023-01-01 17:06:00,"{""side"": ""HOLD"", ""confidence"": null}",0.0,FILLED
3873,MES,2023-01-01 17:07:00,"{""side"": ""HOLD"", ""confidence"": null}",0.0,FILLED
3874,MES,2023-01-01 17:08:00,"{""side"": ""HOLD"", ""confidence"": null}",0.0,FILLED
3875,MES,2023-01-01 17:09:00,"{""side"": ""HOLD"", ""confidence"": null}",0.0,FILLED
3876,MES,2023-01-01 17:10:00,"{""side"": ""HOLD"", ""confidence"": null}",0.0,FILLED
3877,MES,2023-01-01 17:11:00,"{""side"": ""HOLD"", ""confidence"": null}",0.0,FILLED
3878,MES,2023-01-01 17:12:00,"{""side"": ""HOLD"", ""confidence"": null}",0.0,FILLED
3879,MES,2023-01-01 17:13:00,"{""side"": ""HOLD"", ""confidence"": null}",0.0,FILLED
3880,MES,2023-01-01 17:14:00,"{""side"": ""HOLD"", ""confidence"": null}",0.0,FILLED
3881,MES,2023-01-01 17:15:00,"{""side"": ""HOLD"", ""confidence"": null}",0.0,FILLED
3882,MES,2023-01-01 17:16:00,"{""side"": ""HOLD"", ""confidence"": null}",0.0,FILLED
3883,MES,2023-01-01 17:17:00,"{""side"": ""HOLD"", ""confidence"": null}",0.0,FILLED
3884,MES,2023-01-01 17:18:00,"{""side"": ""HOLD"", ""confidence"": null}",0.0,FILLED
3885,MES,2023-01-01 17:19:00,"{""side"": ""HOLD"", ""confidence"": null}",0.0,FILLED
3886,MES,2023-01-01 17:20:00,"{""side"": ""HOLD"", ""confidence"": null}",0.0,FILLED
3887,MES,2023-01-01 17:21:00,"{""side"": ""HOLD"", ""confidence"": null}",0.0,FILLED
3888,MES,2023-01-01 17:22:00,"{""side"": ""HOLD"", ""confidence"": null}",0.0,FILLED
3889,MES,2023-01-01 17:23:00,"{""side"": ""HOLD"", ""confidence"": null}",0.0,FILLED
3890,MES,2023-01-01 17:24:00,"{""side"": ""HOLD"", ""confidence"": null}",0.0,FILLED
3891,MES,2023-01-01 17:25:00,"{""side"": ""HOLD"", ""confidence"": null}",0.0,FILLED
3892,MES,2023-01-01 17:26:00,"{""side"": ""HOLD"", ""confidence"": null}",0.0,FILLED
3893,MES,2023-01-01 17:27:00,"{""side"": ""HOLD"", ""confidence"": null}",0.0,FILLED
3894,MES,2023-01-01 17:28:00,"{""side"": ""HOLD"", ""confidence"": null}",0.0,FILLED
3895,MES,2023-01-01 17:29:00,"{""side"": ""HOLD"", ""confidence"": null}",0.0,FILLED
3896,MES,2023-01-01 17:30:00,"{""side"": ""HOLD"", ""confidence"": null}",0.0,FILLED
3897,MES,2023-01-01 17:31:00,"{""side"": ""HOLD"", ""confidence"": null}",0.0,FILLED
3898,MES,2023-01-01 17:32:00,"{""side"": ""HOLD"", ""confidence"": null}",0.0,FILLED
3899,MES,2023-01-01 17:33:00,"{""side"": ""HOLD"", ""confidence"": null}",0.0,FILLED
3900,MES,2023-01-01 17:34:00,"{""side"": ""HOLD"", ""confidence"": null}",0.0,FILLED
3901,MES,2023-01-01 17:35:00,"{""side"": ""HOLD"", ""confidence"": null}",0.0,FILLED
3902,MES,2023-01-01 17:36:00,"{""side"": ""HOLD"", ""confidence"": null}",0.0,FILLED
3903,MES,2023-01-01 17:37:00,"{""side"": ""HOLD"", ""confidence"": null}",0.0,FILLED
3904,MES,2023-01-01 17:38:00,"{""side"": ""HOLD"", ""confidence"": null}",0.0,FILLED
3905,MES,2023-01-01 17:39:00,"{""side"": ""HOLD"", ""confidence"": null}",0.0,FILLED
3906,MES,2023-01-01 17:40:00,"{""side"": ""HOLD"", ""confidence"": null}",0.0,FILLED
3907,MES,2023-01-01 17:41:00,"{""side"": ""HOLD"", ""confidence"": null}",0.0,FILLED
3908,MES,2023-01-01 17:42:00,"{""side"": ""HOLD"", ""confidence"": null}",0.0,FILLED
3909,MES,2023-01-01 17:43:00,"{""side"": ""HOLD"", ""confidence"": null}",0.0,FILLED
3910,MES,2023-01-01 17:44:00,"{""side"": ""HOLD"", ""confidence"": null}",0.0,FILLED
3911,MES,2023-01-01 17:45:00,"{""side"": ""HOLD"", ""confidence"": null}",0.0,FILLED
3912,MES,2023-01-01 17:46:00,"{""side"": ""HOLD"", ""confidence"": null}",0.0,FILLED
3913,MES,2023-01-01 17:47:00,"{""side"": ""HOLD"", ""confidence"": null}",0.0,FILLED
3914,MES,2023-01-01 17:48:00,"{""side"": ""HOLD"", ""confidence"": null}",0.0,FILLED
3915,MES,2023-01-01 17:49:00,"{""side"": ""HOLD"", ""confidence"": null}",0.0,FILLED
3916,MES,2023-01-01 17:50:00,"{""side"": ""HOLD"", ""confidence"": null}",0.0,FILLED
3917,MES,2023-01-01 17:51:00,"{""side"": ""HOLD"", ""confidence"": null}",0.0,FILLED
3918,MES,2023-01-01 17:52:00,"{""side"": ""HOLD"", ""confidence"": null}",0.0,FILLED
3919,MES,2023-01-01 17:53:00,"{""side"": ""HOLD"", ""confidence"": null}",0.0,FILLED
3920,MES,2023-01-01 17:54:00,"{""side"": ""HOLD"", ""confidence"": null}",0.0,FILLED
3921,MES,2023-01-01 17:55:00,"{""side"": ""HOLD"", ""confidence"": null}",0.0,FILLED
3922,MES,2023-01-01 17:56:00,"{""side"": ""HOLD"", ""confidence"": null}",0.0,FILLED
3923,MES,2023-01-01 17:57:00,"{""side"": ""HOLD"", ""confidence"": null}",0.0,FILLED
3924,MES,2023-01-01 17:58:00,"{""side"": ""HOLD"", ""confidence"": null}",0.0,FILLED
3925,MES,2023-01-01 17:59:00,"{""side"": ""HOLD"", ""confidence"": null}",0.0,FILLED
3926,MES,2023-01-01 18:00:00,"{""side"": ""HOLD"", ""confidence"": null}",0.0,FILLED
3927,MES,2023-01-01 18:01:00,"{""side"": ""HOLD"", ""confidence"": null}",0.0,FILLED
3928,MES,2023-01-01 18:02:00,"{""side"": ""HOLD"", ""confidence"": null}",0.0,FILLED
3929,MES,2023-01-01 18:03:00,"{""side"": ""HOLD"", ""confidence"": null}",0.0,FILLED
3930,MES,2023-01-01 18:04:00,"{""side"": ""HOLD"", ""confidence"": null}",0.0,FILLED
3931,MES,2023-01-01 18:05:00,"{""side"": ""HOLD"", ""confidence"": null}",0.0,FILLED
3932,MES,2023-01-01 18:06:00,"{""side"": ""HOLD"", ""confidence"": null}",0.0,FILLED
3933,MES,2023-01-01 18:07:00,"{""side"": ""HOLD"", ""confidence"": null}",0.0,FILLED
3934,MES,2023-01-01 18:08:00,"{""side"": ""HOLD"", ""confidence"": null}",0.0,FILLED
3935,MES,2023-01-01 18:09:00,"{""side"": ""HOLD"", ""confidence"": null}",0.0,FILLED
3936,MES,2023-01-01 18:10:00,"{""side"": ""HOLD"", ""confidence"": null}",0.0,FILLED
3937,MES,2023-01-01 18:11:00,"{""side"": ""HOLD"", ""confidence"": null}",0.0,FILLED
3938,MES,2023-01-01 18:12:00,"{""side"": ""HOLD"", ""confidence"": null}",0.0,FILLED
3939,MES,2023-01-01 18:13:00,"{""side"": ""HOLD"", ""confidence"": null}",0.0,FILLED
3940,MES,2023-01-01 18:14:00,"{""side"": ""HOLD"", ""confidence"": null}",0.0,FILLED
3941,MES,2023-01-01 18:15:00,"{""side"": ""HOLD"", ""confidence"": null}",0.0,FILLED
3942,MES,2023-01-01 18:16:00,"{""side"": ""HOLD"", ""confidence"": null}",0.0,FILLED
3943,MES,2023-01-01 18:17:00,"{""side"": ""HOLD"", ""confidence"": null}",0.0,FILLED
3944,MES,2023-01-01 18:18:00,"{""side"": ""HOLD"", ""confidence"": null}",0.0,FILLED
3945,MES,2023-01-01 18:19:00,"{""side"": ""HOLD"", ""confidence"": null}",0.0,FILLED
3946,MES,2023-01-01 18:20:00,"{""side"": ""HOLD"", ""confidence"": null}",0.0,FILLED
3947,MES,2023-01-01 18:21:00,"{""side"": ""HOLD"", ""confidence"": null}",0.0,FILLED
3948,MES,2023-01-01 18:22:00,"{""side"": ""HOLD"", ""confidence"": null}",0.0,FILLED
3949,MES,2023-01-01 18:23:00,"{""side"": ""HOLD"", ""confidence"": null}",0.0,FILLED
3950,MES,2023-01-01 18:24:00,"{""side"": ""HOLD"", ""confidence"": null}",0.0,FILLED
3951,MES,2023-01-01 18:25:00,"{""side"": ""HOLD"", ""confidence"": null}",0.0,FILLED
3952,MES,2023-01-01 18:26:00,"{""side"": ""HOLD"", ""confidence"": null}",0.0,FILLED
3953,MES,2023-01-01 18:27:00,"{""side"": ""HOLD"", ""confidence"": null}",0.0,FILLED
3954,MES,2023-01-01 18:28:00,"{""side"": ""HOLD"", ""confidence"": null}",0.0,FILLED
3955,MES,2023-01-01 18:29:00,"{""side"": ""HOLD"", ""confidence"": null}",0.0,FILLED
3956,MES,2023-01-01 18:30:00,"{""side"": ""HOLD"", ""confidence"": null}",0.0,FILLED
3957,MES,2023-01-01 18:31:00,"{""side"": ""HOLD"", ""confidence"": null}",0.0,FILLED
3958,MES,2023-01-01 18:32:00,"{""side"": ""HOLD"", ""confidence"": null}",0.0,FILLED
3959,MES,2023-01-01 18:33:00,"{""side"": ""HOLD"", ""confidence"": null}",0.0,FILLED
3960,MES,2023-01-01 18:34:00,"{""side"": ""HOLD"", ""confidence"": null}",0.0,FILLED
3961,MES,2023-01-01 18:35:00,"{""side"": ""HOLD"", ""confidence"": null}",0.0,FILLED
3962,MES,2023-01-01 18:36:00,"{""side"": ""HOLD"", ""confidence"": null}",0.0,FILLED
3963,MES,2023-01-01 18:37:00,"{""side"": ""HOLD"", ""confidence"": null}",0.0,FILLED
3964,MES,2023-01-01 18:38:00,"{""side"": ""HOLD"", ""confidence"": null}",0.0,FILLED
3965,MES,2023-01-01 18:39:00,"{""side"": ""HOLD"", ""confidence"": null}",0.0,FILLED
3966,MES,2023-01-01 18:40:00,"{""side"": ""HOLD"", ""confidence"": null}",0.0,FILLED
3967,MES,2023-01-01 18:41:00,"{""side"": ""HOLD"", ""confidence"": null}",0.0,FILLED
3968,MES,2023-01-01 18:42:00,"{""side"": ""HOLD"", ""confidence"": null}",0.0,FILLED
3969,MES,2023-01-01 18:43:00,"{""side"": ""HOLD"", ""confidence"": null}",0.0,FILLED
3970,MES,2023-01-01 18:44:00,"{""side"": ""HOLD"", ""confidence"": null}",0.0,FILLED
3971,MES,2023-01-01 18:45:00,"{""side"": ""HOLD"", ""confidence"": null}",0.0,FILLED
3972,MES,2023-01-01 18:46:00,"{""side"": ""HOLD"", ""confidence"": null}",0.0,FILLED
3973,MES,2023-01-01 18:47:00,"{""side"": ""HOLD"", ""confidence"": null}",0.0,FILLED
3974,MES,2023-01-01 18:48:00,"{""side"": ""HOLD"", ""confidence"": null}",0.0,FILLED
3975,MES,2023-01-01 18:49:00,"{""side"": ""HOLD"", ""confidence"": null}",0.0,FILLED
3976,MES,2023-01-01 18:50:00,"{""side"": ""HOLD"", ""confidence"": null}",0.0,FILLED
3977,MES,2023-01-01 18:51:00,"{""side"": ""HOLD"", ""confidence"": null}",0.0,FILLED
3978,MES,2023-01-01 18:52:00,"{""side"": ""HOLD"", ""confidence"": null}",0.0,FILLED
3979,MES,2023-01-01 18:53:00,"{""side"": ""HOLD"", ""confidence"": null}",0.0,FILLED
3980,MES,2023-01-01 18:54:00,"{""side"": ""HOLD"", ""confidence"": null}",0.0,FILLED
3981,MES,2023-01-01 18:55:00,"{""side"": ""HOLD"", ""confidence"": null}",0.0,FILLED
3982,MES,2023-01-01 18:56:00,"{""side"": ""HOLD"", ""confidence"": null}",0.0,FILLED
3983,MES,2023-01-01 18:57:00,"{""side"": ""HOLD"", ""confidence"": null}",0.0,FILLED
3984,MES,2023-01-01 18:58:00,"{""side"": ""HOLD"", ""confidence"": null}",0.0,FILLED
3985,MES,2023-01-01 18:59:00,"{""side"": ""HOLD"", ""confidence"": null}",0.0,FILLED
3986,MES,2023-01-01 19:00:00,"{""side"": ""HOLD"", ""confidence"": null}",0.0,FILLED
3987,MES,2023-01-01 19:01:00,"{""side"": ""HOLD"", ""confidence"": null}",0.0,FILLED
3988,MES,2023-01-01 19:02:00,"{""side"": ""HOLD"", ""confidence"": null}",0.0,FILLED
3989,MES,2023-01-01 19:03:00,"{""side"": ""HOLD"", ""confidence"": null}",0.0,FILLED
3990,MES,2023-01-01 19:04:00,"{""side"": ""HOLD"", ""confidence"": null}",0.0,FILLED
3991,MES,2023-01-01 19:05:00,"{""side"": ""HOLD"", ""confidence"": null}",0.0,FILLED
3992,MES,2023-01-01 19:06:00,"{""side"": ""HOLD"", ""confidence"": null}",0.0,FILLED
3993,MES,2023-01-01 19:07:00,"{""side"": ""HOLD"", ""confidence"": null}",0.0,FILLED
3994,MES,2023-01-01 19:08:00,"{""side"": ""HOLD"", ""confidence"": null}",0.0,FILLED
3995,MES,2023-01-01 19:09:00,"{""side"": ""HOLD"", ""confidence"": null}",0.0,FILLED
3996,MES,2023-01-01 19:10:00,"{""side"": ""HOLD"", ""confidence"": null}",0.0,FILLED
3997,MES,2023-01-01 19:11:00,"{""side"": ""HOLD"", ""confidence"": null}",0.0,FILLED
3998,MES,2023-01-01 19:12:00,"{""side"": ""HOLD"", ""confidence"": null}",0.0,FILLED
3999,MES,2023-01-01 19:13:00,"{""side"": ""HOLD"", ""confidence"": null}",0.0,FILLED
4000,MES,2023-01-01 19:14:00,"{""side"": ""HOLD"", ""confidence"": null}",0.0,FILLED
4001,MES,2023-01-01 19:15:00,"{""side"": ""HOLD"", ""confidence"": null}",0.0,FILLED
4002,MES,2023-01-01 19:16:00,"{""side"": ""HOLD"", ""confidence"": null}",0.0,FILLED
4003,MES,2023-01-01 19:17:00,"{""side"": ""HOLD"", ""confidence"": null}",0.0,FILLED
4004,MES,2023-01-01 19:18:00,"{""side"": ""HOLD"", ""confidence"": null}",0.0,FILLED
4005,MES,2023-01-01 19:19:00,"{""side"": ""HOLD"", ""confidence"": null}",0.0,FILLED
4006,MES,2023-01-01 19:20:00,"{""side"": ""HOLD"", ""confidence"": null}",0.0,FILLED
4007,MES,2023-01-01 19:21:00,"{""side"": ""HOLD"", ""confidence"": null}",0.0,FILLED
4008,MES,2023-01-01 19:22:00,"{""side"": ""HOLD"", ""confidence"": null}",0.0,FILLED
4009,MES,2023-01-01 19:23:00,"{""side"": ""HOLD"", ""confidence"": null}",0.0,FILLED
4010,MES,2023-01-01 19:24:00,"{""side"": ""HOLD"", ""confidence"": null}",0.0,FILLED
4011,MES,2023-01-01 19:25:00,"{""side"": ""HOLD"", ""confidence"": null}",0.0,FILLED
4012,MES,2023-01-01 19:26:00,"{""side"": ""HOLD"", ""confidence"": null}",0.0,FILLED
4013,MES,2023-01-01 19:27:00,"{""side"": ""HOLD"", ""confidence"": null}",0.0,FILLED
4014,MES,2023-01-01 19:28:00,"{""side"": ""HOLD"", ""confidence"": null}",0.0,FILLED
4015,MES,2023-01-01 19:29:00,"{""side"": ""HOLD"", ""confidence"": null}",0.0,FILLED
4016,MES,2023-01-01 19:30:00,"{""side"": ""HOLD"", ""confidence"": null}",0.0,FILLED
4017,MES,2023-01-01 19:31:00,"{""side"": ""HOLD"", ""confidence"": null}",0.0,FILLED
4018,MES,2023-01-01 19:32:00,"{""side"": ""HOLD"", ""confidence"": null}",0.0,FILLED
4019,MES,2023-01-01 19:33:00,"{""side"": ""HOLD"", ""confidence"": null}",0.0,FILLED
4020,MES,2023-01-01 19:34:00,"{""side"": ""HOLD"", ""confidence"": null}",0.0,FILLED
4021,MES,2023-01-01 19:35:00,"{""side"": ""HOLD"", ""confidence"": null}",0.0,FILLED
4022,MES,2023-01-01 19:36:00,"{""side"": ""HOLD"", ""confidence"": null}",0.0,FILLED
4023,MES,2023-01-01 19:37:00,"{""side"": ""HOLD"", ""confidence"": null}",0.0,FILLED
4024,MES,2023-01-01 19:38:00,"{""side"": ""HOLD"", ""confidence"": null}",0.0,FILLED
4025,MES,2023-01-01 19:39:00,"{""side"": ""HOLD"", ""confidence"": null}",0.0,FILLED
4026,MES,2023-01-01 19:40:00,"{""side"": ""HOLD"", ""confidence"": null}",0.0,FILLED
4027,MES,2023-01-01 19:41:00,"{""side"": ""HOLD"", ""confidence"": null}",0.0,FILLED
4028,MES,2023-01-01 19:42:00,"{""side"": ""HOLD"", ""confidence"": null}",0.0,FILLED
4029,MES,2023-01-01 19:43:00,"{""side"": ""HOLD"", ""confidence"": null}",0.0,FILLED
4030,MES,2023-01-01 19:44:00,"{""side"": ""HOLD"", ""confidence"": null}",0.0,FILLED
4031,MES,2023-01-01 19:45:00,"{""side"": ""HOLD"", ""confidence"": null}",0.0,FILLED
4032,MES,2023-01-01 19:46:00,"{""side"": ""HOLD"", ""confidence"": null}",0.0,FILLED
4033,MES,2023-01-01 19:47:00,"{""side"": ""HOLD"", ""confidence"": null}",0.0,FILLED
4034,MES,2023-01-01 19:48:00,"{""side"": ""HOLD"", ""confidence"": null}",0.0,FILLED
4035,MES,2023-01-01 19:49:00,"{""side"": ""HOLD"", ""confidence"": null}",0.0,FILLED
4036,MES,2023-01-01 19:50:00,"{""side"": ""HOLD"", ""confidence"": null}",0.0,FILLED
4037,MES,2023-01-01 19:51:00,"{""side"": ""HOLD"", ""confidence"": null}",0.0,FILLED
4038,MES,2023-01-01 19:52:00,"{""side"": ""HOLD"", ""confidence"": null}",0.0,FILLED
4039,MES,2023-01-01 19:53:00,"{""side"": ""HOLD"", ""confidence"": null}",0.0,FILLED
4040,MES,2023-01-01 19:54:00,"{""side"": ""HOLD"", ""confidence"": null}",0.0,FILLED
4041,MES,2023-01-01 19:55:00,"{""side"": ""HOLD"", ""confidence"": null}",0.0,FILLED
4042,MES,2023-01-01 19:56:00,"{""side"": ""HOLD"", ""confidence"": null}",0.0,FILLED
4043,MES,2023-01-01 19:57:00,"{""side"": ""HOLD"", ""confidence"": null}",0.0,FILLED
4044,MES,2023-01-01 19:58:00,"{""side"": ""HOLD"", ""confidence"": null}",0.0,FILLED
4045,MES,2023-01-01 19:59:00,"{""side"": ""HOLD"", ""confidence"": null}",0.0,FILLED
4046,MES,2023-01-01 20:00:00,"{""side"": ""HOLD"", ""confidence"": null}",0.0,FILLED
4047,MES,2023-01-01 20:01:00,"{""side"": ""HOLD"", ""confidence"": null}",0.0,FILLED
4048,MES,2023-01-01 20:02:00,"{""side"": ""HOLD"", ""confidence"": null}",0.0,FILLED
4049,MES,2023-01-01 20:03:00,"{""side"": ""HOLD"", ""confidence"": null}",0.0,FILLED
4050,MES,2023-01-01 20:04:00,"{""side"": ""HOLD"", ""confidence"": null}",0.0,FILLED
4051,MES,2023-01-01 20:05:00,"{""side"": ""HOLD"", ""confidence"": null}",0.0,FILLED
4052,MES,2023-01-01 20:06:00,"{""side"": ""HOLD"", ""confidence"": null}",0.0,FILLED
4053,MES,2023-01-01 20:07:00,"{""side"": ""HOLD"", ""confidence"": null}",0.0,FILLED
4054,MES,2023-01-01 20:08:00,"{""side"": ""HOLD"", ""confidence"": null}",0.0,FILLED
4055,MES,2023-01-01 20:09:00,"{""side"": ""HOLD"", ""confidence"": null}",0.0,FILLED
4056,MES,2023-01-01 20:10:00,"{""side"": ""HOLD"", ""confidence"": null}",0.0,FILLED
4057,MES,2023-01-01 20:11:00,"{""side"": ""HOLD"", ""confidence"": null}",0.0,FILLED
4058,MES,2023-01-01 20:12:00,"{""side"": ""HOLD"", ""confidence"": null}",0.0,FILLED
4059,MES,2023-01-01 20:13:00,"{""side"": ""HOLD"", ""confidence"": null}",0.0,FILLED
4060,MES,2023-01-01 20:14:00,"{""side"": ""HOLD"", ""confidence"": null}",0.0,FILLED
4061,MES,2023-01-01 20:15:00,"{""side"": ""HOLD"", ""confidence"": null}",0.0,FILLED
4062,MES,2023-01-01 20:16:00,"{""side"": ""HOLD"", ""confidence"": null}",0.0,FILLED
4063,MES,2023-01-01 20:17:00,"{""side"": ""HOLD"", ""confidence"": null}",0.0,FILLED
4064,MES,2023-01-01 20:18:00,"{""side"": ""HOLD"", ""confidence"": null}",0.0,FILLED
4065,MES,2023-01-01 20:19:00,"{""side"": ""HOLD"", ""confidence"": null}",0.0,FILLED
4066,MES,2023-01-01 20:20:00,"{""side"": ""HOLD"", ""confidence"": null}",0.0,FILLED
4067,MES,2023-01-01 20:21:00,"{""side"": ""HOLD"", ""confidence"": null}",0.0,FILLED
4068,MES,2023-01-01 20:22:00,"{""side"": ""HOLD"", ""confidence"": null}",0.0,FILLED
4069,MES,2023-01-01 20:23:00,"{""side"": ""HOLD"", ""confidence"": null}",0.0,FILLED
4070,MES,2023-01-01 20:24:00,"{""side"": ""HOLD"", ""confidence"": null}",0.0,FILLED
4071,MES,2023-01-01 20:25:00,"{""side"": ""HOLD"", ""confidence"": null}",0.0,FILLED
4072,MES,2023-01-01 20:26:00,"{""side"": ""HOLD"", ""confidence"": null}",0.0,FILLED
4073,MES,2023-01-01 20:27:00,"{""side"": ""HOLD"", ""confidence"": null}",0.0,FILLED
4074,MES,2023-01-01 20:28:00,"{""side"": ""HOLD"", ""confidence"": null}",0.0,FILLED
4075,MES,2023-01-01 20:29:00,"{""side"": ""HOLD"", ""confidence"": null}",0.0,FILLED
4076,MES,2023-01-01 20:30:00,"{""side"": ""HOLD"", ""confidence"": null}",0.0,FILLED
4077,MES,2023-01-01 20:31:00,"{""side"": ""HOLD"", ""confidence"": null}",0.0,FILLED
4078,MES,2023-01-01 20:32:00,"{""side"": ""HOLD"", ""confidence"": null}",0.0,FILLED
4079,MES,2023-01-01 20:33:00,"{""side"": ""HOLD"", ""confidence"": null}",0.0,FILLED
4080,MES,2023-01-01 20:34:00,"{""side"": ""HOLD"", ""confidence"": null}",0.0,FILLED
4081,MES,2023-01-01 20:35:00,"{""side"": ""HOLD"", ""confidence"": null}",0.0,FILLED
4082,MES,2023-01-01 20:36:00,"{""side"": ""HOLD"", ""confidence"": null}",0.0,FILLED
4083,MES,2023-01-01 20:37:00,"{""side"": ""HOLD"", ""confidence"": null}",0.0,FILLED
4084,MES,2023-01-01 20:38:00,"{""side"": ""HOLD"", ""confidence"": null}",0.0,FILLED
4085,MES,2023-01-01 20:39:00,"{""side"": ""HOLD"", ""confidence"": null}",0.0,FILLED
4086,MES,2023-01-01 20:40:00,"{""side"": ""HOLD"", ""confidence"": null}",0.0,FILLED
4087,MES,2023-01-01 20:41:00,"{""side"": ""HOLD"", ""confidence"": null}",0.0,FILLED
4088,MES,2023-01-01 20:42:00,"{""side"": ""HOLD"", ""confidence"": null}",0.0,FILLED
4089,MES,2023-01-01 20:43:00,"{""side"": ""HOLD"", ""confidence"": null}",0.0,FILLED
4090,MES,2023-01-01 20:44:00,"{""side"": ""HOLD"", ""confidence"": null}",0.0,FILLED
4091,MES,2023-01-01 20:45:00,"{""side"": ""HOLD"", ""confidence"": null}",0.0,FILLED
4092,MES,2023-01-01 20:46:00,"{""side"": ""HOLD"", ""confidence"": null}",0.0,FILLED
4093,MES,2023-01-01 20:47:00,"{""side"": ""HOLD"", ""confidence"": null}",0.0,FILLED
4094,MES,2023-01-01 20:48:00,"{""side"": ""HOLD"", ""confidence"": null}",0.0,FILLED
4095,MES,2023-01-01 20:49:00,"{""side"": ""HOLD"", ""confidence"": null}",0.0,FILLED
4096,MES,2023-01-01 20:50:00,"{""side"": ""HOLD"", ""confidence"": null}",0.0,FILLED
4097,MES,2023-01-01 20:51:00,"{""side"": ""HOLD"", ""confidence"": null}",0.0,FILLED
4098,MES,2023-01-01 20:52:00,"{""side"": ""HOLD"", ""confidence"": null}",0.0,FILLED
4099,MES,2023-01-01 20:53:00,"{""side"": ""HOLD"", ""confidence"": null}",0.0,FILLED
4100,MES,2023-01-01 20:54:00,"{""side"": ""HOLD"", ""confidence"": null}",0.0,FILLED
4101,MES,2023-01-01 20:55:00,"{""side"": ""HOLD"", ""confidence"": null}",0.0,FILLED
4102,MES,2023-01-01 20:56:00,"{""side"": ""HOLD"", ""confidence"": null}",0.0,FILLED
4103,MES,2023-01-01 20:57:00,"{""side"": ""HOLD"", ""confidence"": null}",0.0,FILLED
4104,MES,2023-01-01 20:58:00,"{""side"": ""HOLD"", ""confidence"": null}",0.0,FILLED
4105,MES,2023-01-01 20:59:00,"{""side"": ""HOLD"", ""confidence"": null}",0.0,FILLED
4106,MES,2023-01-01 21:00:00,"{""side"": ""HOLD"", ""confidence"": null}",0.0,FILLED
4107,MES,2023-01-01 21:01:00,"{""side"": ""HOLD"", ""confidence"": null}",0.0,FILLED
4108,MES,2023-01-01 21:02:00,"{""side"": ""HOLD"", ""confidence"": null}",0.0,FILLED
4109,MES,2023-01-01 21:03:00,"{""side"": ""HOLD"", ""confidence"": null}",0.0,FILLED
4110,MES,2023-01-01 21:04:00,"{""side"": ""HOLD"", ""confidence"": null}",0.0,FILLED
4111,MES,2023-01-01 21:05:00,"{""side"": ""HOLD"", ""confidence"": null}",0.0,FILLED
4112,MES,2023-01-01 21:06:00,"{""side"": ""HOLD"", ""confidence"": null}",0.0,FILLED
4113,MES,2023-01-01 21:07:00,"{""side"": ""HOLD"", ""confidence"": null}",0.0,FILLED
4114,MES,2023-01-01 21:08:00,"{""side"": ""HOLD"", ""confidence"": null}",0.0,FILLED
4115,MES,2023-01-01 21:09:00,"{""side"": ""HOLD"", ""confidence"": null}",0.0,FILLED
4116,MES,2023-01-01 21:10:00,"{""side"": ""HOLD"", ""confidence"": null}",0.0,FILLED
4117,MES,2023-01-01 21:11:00,"{""side"": ""HOLD"", ""confidence"": null}",0.0,FILLED
4118,MES,2023-01-01 21:12:00,"{""side"": ""HOLD"", ""confidence"": null}",0.0,FILLED
4119,MES,2023-01-01 21:13:00,"{""side"": ""HOLD"", ""confidence"": null}",0.0,FILLED
4120,MES,2023-01-01 21:14:00,"{""side"": ""HOLD"", ""confidence"": null}",0.0,FILLED
4121,MES,2023-01-01 21:15:00,"{""side"": ""HOLD"", ""confidence"": null}",0.0,FILLED
4122,MES,2023-01-01 21:16:00,"{""side"": ""HOLD"", ""confidence"": null}",0.0,FILLED
4123,MES,2023-01-01 21:17:00,"{""side"": ""HOLD"", ""confidence"": null}",0.0,FILLED
4124,MES,2023-01-01 21:18:00,"{""side"": ""HOLD"", ""confidence"": null}",0.0,FILLED
4125,MES,2023-01-01 21:19:00,"{""side"": ""HOLD"", ""confidence"": null}",0.0,FILLED
4126,MES,2023-01-01 21:20:00,"{""side"": ""HOLD"", ""confidence"": null}",0.0,FILLED
4127,MES,2023-01-01 21:21:00,"{""side"": ""HOLD"", ""confidence"": null}",0.0,FILLED
4128,MES,2023-01-01 21:22:00,"{""side"": ""HOLD"", ""confidence"": null}",0.0,FILLED
4129,MES,2023-01-01 21:23:00,"{""side"": ""HOLD"", ""confidence"": null}",0.0,FILLED
4130,MES,2023-01-01 21:24:00,"{""side"": ""HOLD"", ""confidence"": null}",0.0,FILLED
4131,MES,2023-01-01 21:25:00,"{""side"": ""HOLD"", ""confidence"": null}",0.0,FILLED
4132,MES,2023-01-01 21:26:00,"{""side"": ""HOLD"", ""confidence"": null}",0.0,FILLED
4133,MES,2023-01-01 21:27:00,"{""side"": ""HOLD"", ""confidence"": null}",0.0,FILLED
4134,MES,2023-01-01 21:28:00,"{""side"": ""HOLD"", ""confidence"": null}",0.0,FILLED
4135,MES,2023-01-01 21:29:00,"{""side"": ""HOLD"", ""confidence"": null}",0.0,FILLED
4136,MES,2023-01-01 21:30:00,"{""side"": ""HOLD"", ""confidence"": null}",0.0,FILLED
4137,MES,2023-01-01 21:31:00,"{""side"": ""HOLD"", ""confidence"": null}",0.0,FILLED
4138,MES,2023-01-01 21:32:00,"{""side"": ""HOLD"", ""confidence"": null}",0.0,FILLED
4139,MES,2023-01-01 21:33:00,"{""side"": ""HOLD"", ""confidence"": null}",0.0,FILLED
4140,MES,2023-01-01 21:34:00,"{""side"": ""HOLD"", ""confidence"": null}",0.0,FILLED
4141,MES,2023-01-01 21:35:00,"{""side"": ""HOLD"", ""confidence"": null}",0.0,FILLED
4142,MES,2023-01-01 21:36:00,"{""side"": ""HOLD"", ""confidence"": null}",0.0,FILLED
4143,MES,2023-01-01 21:37:00,"{""side"": ""HOLD"", ""confidence"": null}",0.0,FILLED
4144,MES,2023-01-01 21:38:00,"{""side"": ""HOLD"", ""confidence"": null}",0.0,FILLED
4145,MES,2023-01-01 21:39:00,"{""side"": ""HOLD"", ""confidence"": null}",0.0,FILLED
4146,MES,2023-01-01 21:40:00,"{""side"": ""HOLD"", ""confidence"": null}",0.0,FILLED
4147,MES,2023-01-01 21:41:00,"{""side"": ""HOLD"", ""confidence"": null}",0.0,FILLED
4148,MES,2023-01-01 21:42:00,"{""side"": ""HOLD"", ""confidence"": null}",0.0,FILLED
4149,MES,2023-01-01 21:43:00,"{""side"": ""HOLD"", ""confidence"": null}",0.0,FILLED
4150,MES,2023-01-01 21:44:00,"{""side"": ""HOLD"", ""confidence"": null}",0.0,FILLED
4151,MES,2023-01-01 21:45:00,"{""side"": ""HOLD"", ""confidence"": null}",0.0,FILLED
4152,MES,2023-01-01 21:46:00,"{""side"": ""HOLD"", ""confidence"": null}",0.0,FILLED
4153,MES,2023-01-01 21:47:00,"{""side"": ""HOLD"", ""confidence"": null}",0.0,FILLED
4154,MES,2023-01-01 21:48:00,"{""side"": ""HOLD"", ""confidence"": null}",0.0,FILLED
4155,MES,2023-01-01 21:49:00,"{""side"": ""HOLD"", ""confidence"": null}",0.0,FILLED
4156,MES,2023-01-01 21:50:00,"{""side"": ""HOLD"", ""confidence"": null}",0.0,FILLED
4157,MES,2023-01-01 21:51:00,"{""side"": ""HOLD"", ""confidence"": null}",0.0,FILLED
4158,MES,2023-01-01 21:52:00,"{""side"": ""HOLD"", ""confidence"": null}",0.0,FILLED
4159,MES,2023-01-01 21:53:00,"{""side"": ""HOLD"", ""confidence"": null}",0.0,FILLED
4160,MES,2023-01-01 21:54:00,"{""side"": ""HOLD"", ""confidence"": null}",0.0,FILLED
4161,MES,2023-01-01 21:55:00,"{""side"": ""HOLD"", ""confidence"": null}",0.0,FILLED
4162,MES,2023-01-01 21:56:00,"{""side"": ""HOLD"", ""confidence"": null}",0.0,FILLED
4163,MES,2023-01-01 21:57:00,"{""side"": ""HOLD"", ""confidence"": null}",0.0,FILLED
4164,MES,2023-01-01 21:58:00,"{""side"": ""HOLD"", ""confidence"": null}",0.0,FILLED
4165,MES,2023-01-01 21:59:00,"{""side"": ""HOLD"", ""confidence"": null}",0.0,FILLED
4166,MES,2023-01-01 22:00:00,"{""side"": ""HOLD"", ""confidence"": null}",0.0,FILLED
4167,MES,2023-01-01 22:01:00,"{""side"": ""HOLD"", ""confidence"": null}",0.0,FILLED
4168,MES,2023-01-01 22:02:00,"{""side"": ""HOLD"", ""confidence"": null}",0.0,FILLED
4169,MES,2023-01-01 22:03:00,"{""side"": ""HOLD"", ""confidence"": null}",0.0,FILLED
4170,MES,2023-01-01 22:04:00,"{""side"": ""HOLD"", ""confidence"": null}",0.0,FILLED
4171,MES,2023-01-01 22:05:00,"{""side"": ""HOLD"", ""confidence"": null}",0.0,FILLED
4172,MES,2023-01-01 22:06:00,"{""side"": ""HOLD"", ""confidence"": null}",0.0,FILLED
4173,MES,2023-01-01 22:07:00,"{""side"": ""HOLD"", ""confidence"": null}",0.0,FILLED
4174,MES,2023-01-01 22:08:00,"{""side"": ""HOLD"", ""confidence"": null}",0.0,FILLED
4175,MES,2023-01-01 22:09:00,"{""side"": ""HOLD"", ""confidence"": null}",0.0,FILLED
4176,MES,2023-01-01 22:10:00,"{""side"": ""HOLD"", ""confidence"": null}",0.0,FILLED
4177,MES,2023-01-01 22:11:00,"{""side"": ""HOLD"", ""confidence"": null}",0.0,FILLED
4178,MES,2023-01-01 22:12:00,"{""side"": ""HOLD"", ""confidence"": null}",0.0,FILLED
4179,MES,2023-01-01 22:13:00,"{""side"": ""HOLD"", ""confidence"": null}",0.0,FILLED
4180,MES,2023-01-01 22:14:00,"{""side"": ""HOLD"", ""confidence"": null}",0.0,FILLED
4181,MES,2023-01-01 22:15:00,"{""side"": ""HOLD"", ""confidence"": null}",0.0,FILLED
4182,MES,2023-01-01 22:16:00,"{""side"": ""HOLD"", ""confidence"": null}",0.0,FILLED
4183,MES,2023-01-01 22:17:00,"{""side"": ""HOLD"", ""confidence"": null}",0.0,FILLED
4184,MES,2023-01-01 22:18:00,"{""side"": ""HOLD"", ""confidence"": null}",0.0,FILLED
4185,MES,2023-01-01 22:19:00,"{""side"": ""HOLD"", ""confidence"": null}",0.0,FILLED
4186,MES,2023-01-01 22:20:00,"{""side"": ""HOLD"", ""confidence"": null}",0.0,FILLED
4187,MES,2023-01-01 22:21:00,"{""side"": ""HOLD"", ""confidence"": null}",0.0,FILLED
4188,MES,2023-01-01 22:22:00,"{""side"": ""HOLD"", ""confidence"": null}",0.0,FILLED
4189,MES,2023-01-01 22:23:00,"{""side"": ""HOLD"", ""confidence"": null}",0.0,FILLED
4190,MES,2023-01-01 22:24:00,"{""side"": ""HOLD"", ""confidence"": null}",0.0,FILLED
4191,MES,2023-01-01 22:25:00,"{""side"": ""HOLD"", ""confidence"": null}",0.0,FILLED
4192,MES,2023-01-01 22:26:00,"{""side"": ""HOLD"", ""confidence"": null}",0.0,FILLED
4193,MES,2023-01-01 22:27:00,"{""side"": ""HOLD"", ""confidence"": null}",0.0,FILLED
4194,MES,2023-01-01 22:28:00,"{""side"": ""HOLD"", ""confidence"": null}",0.0,FILLED
4195,MES,2023-01-01 22:29:00,"{""side"": ""HOLD"", ""confidence"": null}",0.0,FILLED
4196,MES,2023-01-01 22:30:00,"{""side"": ""HOLD"", ""confidence"": null}",0.0,FILLED
4197,MES,2023-01-01 22:31:00,"{""side"": ""HOLD"", ""confidence"": null}",0.0,FILLED
4198,MES,2023-01-01 22:32:00,"{""side"": ""HOLD"", ""confidence"": null}",0.0,FILLED
4199,MES,2023-01-01 22:33:00,"{""side"": ""HOLD"", ""confidence"": null}",0.0,FILLED
4200,MES,2023-01-01 22:34:00,"{""side"": ""HOLD"", ""confidence"": null}",0.0,FILLED
4201,MES,2023-01-01 22:35:00,"{""side"": ""HOLD"", ""confidence"": null}",0.0,FILLED
4202,MES,2023-01-01 22:36:00,"{""side"": ""HOLD"", ""confidence"": null}",0.0,FILLED
4203,MES,2023-01-01 22:37:00,"{""side"": ""HOLD"", ""confidence"": null}",0.0,FILLED
4204,MES,2023-01-01 22:38:00,"{""side"": ""HOLD"", ""confidence"": null}",0.0,FILLED
4205,MES,2023-01-01 22:39:00,"{""side"": ""HOLD"", ""confidence"": null}",0.0,FILLED
4206,MES,2023-01-01 22:40:00,"{""side"": ""HOLD"", ""confidence"": null}",0.0,FILLED
4207,MES,2023-01-01 22:41:00,"{""side"": ""HOLD"", ""confidence"": null}",0.0,FILLED
4208,MES,2023-01-01 22:42:00,"{""side"": ""HOLD"", ""confidence"": null}",0.0,FILLED
4209,MES,2023-01-01 22:43:00,"{""side"": ""HOLD"", ""confidence"": null}",0.0,FILLED
4210,MES,2023-01-01 22:44:00,"{""side"": ""HOLD"", ""confidence"": null}",0.0,FILLED
4211,MES,2023-01-01 22:45:00,"{""side"": ""HOLD"", ""confidence"": null}",0.0,FILLED
4212,MES,2023-01-01 22:46:00,"{""side"": ""HOLD"", ""confidence"": null}",0.0,FILLED
4213,MES,2023-01-01 22:47:00,"{""side"": ""HOLD"", ""confidence"": null}",0.0,FILLED
4214,MES,2023-01-01 22:48:00,"{""side"": ""HOLD"", ""confidence"": null}",0.0,FILLED
4215,MES,2023-01-01 22:49:00,"{""side"": ""HOLD"", ""confidence"": null}",0.0,FILLED
4216,MES,2023-01-01 22:50:00,"{""side"": ""HOLD"", ""confidence"": null}",0.0,FILLED
4217,MES,2023-01-01 22:51:00,"{""side"": ""HOLD"", ""confidence"": null}",0.0,FILLED
4218,MES,2023-01-01 22:52:00,"{""side"": ""HOLD"", ""confidence"": null}",0.0,FILLED
4219,MES,2023-01-01 22:53:00,"{""side"": ""HOLD"", ""confidence"": null}",0.0,FILLED
4220,MES,2023-01-01 22:54:00,"{""side"": ""HOLD"", ""confidence"": null}",0.0,FILLED
4221,MES,2023-01-01 22:55:00,"{""side"": ""HOLD"", ""confidence"": null}",0.0,FILLED
4222,MES,2023-01-01 22:56:00,"{""side"": ""HOLD"", ""confidence"": null}",0.0,FILLED
4223,MES,2023-01-01 22:57:00,"{""side"": ""HOLD"", ""confidence"": null}",0.0,FILLED
4224,MES,2023-01-01 22:58:00,"{""side"": ""HOLD"", ""confidence"": null}",0.0,FILLED
4225,MES,2023-01-01 22:59:00,"{""side"": ""HOLD"", ""confidence"": null}",0.0,FILLED
4226,MES,2023-01-01 23:00:00,"{""side"": ""HOLD"", ""confidence"": null}",0.0,FILLED
4227,MES,2023-01-01 23:01:00,"{""side"": ""HOLD"", ""confidence"": null}",0.0,FILLED
4228,MES,2023-01-01 23:02:00,"{""side"": ""HOLD"", ""confidence"": null}",0.0,FILLED
4229,MES,2023-01-01 23:03:00,"{""side"": ""HOLD"", ""confidence"": null}",0.0,FILLED
4230,MES,2023-01-01 23:04:00,"{""side"": ""HOLD"", ""confidence"": null}",0.0,FILLED
4231,MES,2023-01-01 23:05:00,"{""side"": ""HOLD"", ""confidence"": null}",0.0,FILLED
4232,MES,2023-01-01 23:06:00,"{""side"": ""HOLD"", ""confidence"": null}",0.0,FILLED
4233,MES,2023-01-01 23:07:00,"{""side"": ""HOLD"", ""confidence"": null}",0.0,FILLED
4234,MES,2023-01-01 23:08:00,"{""side"": ""HOLD"", ""confidence"": null}",0.0,FILLED
4235,MES,2023-01-01 23:09:00,"{""side"": ""HOLD"", ""confidence"": null}",0.0,FILLED
4236,MES,2023-01-01 23:10:00,"{""side"": ""HOLD"", ""confidence"": null}",0.0,FILLED
4237,MES,2023-01-01 23:11:00,"{""side"": ""HOLD"", ""confidence"": null}",0.0,FILLED
4238,MES,2023-01-01 23:12:00,"{""side"": ""HOLD"", ""confidence"": null}",0.0,FILLED
4239,MES,2023-01-01 23:13:00,"{""side"": ""HOLD"", ""confidence"": null}",0.0,FILLED
4240,MES,2023-01-01 23:14:00,"{""side"": ""HOLD"", ""confidence"": null}",0.0,FILLED
4241,MES,2023-01-01 23:15:00,"{""side"": ""HOLD"", ""confidence"": null}",0.0,FILLED
4242,MES,2023-01-01 23:16:00,"{""side"": ""HOLD"", ""confidence"": null}",0.0,FILLED
4243,MES,2023-01-01 23:17:00,"{""side"": ""HOLD"", ""confidence"": null}",0.0,FILLED
4244,MES,2023-01-01 23:18:00,"{""side"": ""HOLD"", ""confidence"": null}",0.0,FILLED
4245,MES,2023-01-01 23:19:00,"{""side"": ""HOLD"", ""confidence"": null}",0.0,FILLED
4246,MES,2023-01-01 23:20:00,"{""side"": ""HOLD"", ""confidence"": null}",0.0,FILLED
4247,MES,2023-01-01 23:21:00,"{""side"": ""HOLD"", ""confidence"": null}",0.0,FILLED
4248,MES,2023-01-01 23:22:00,"{""side"": ""HOLD"", ""confidence"": null}",0.0,FILLED
4249,MES,2023-01-01 23:23:00,"{""side"": ""HOLD"", ""confidence"": null}",0.0,FILLED
4250,MES,2023-01-01 23:24:00,"{""side"": ""HOLD"", ""confidence"": null}",0.0,FILLED
4251,MES,2023-01-01 23:25:00,"{""side"": ""HOLD"", ""confidence"": null}",0.0,FILLED
4252,MES,2023-01-01 23:26:00,"{""side"": ""HOLD"", ""confidence"": null}",0.0,FILLED
4253,MES,2023-01-01 23:27:00,"{""side"": ""HOLD"", ""confidence"": null}",0.0,FILLED
4254,MES,2023-01-01 23:28:00,"{""side"": ""HOLD"", ""confidence"": null}",0.0,FILLED
4255,MES,2023-01-01 23:29:00,"{""side"": ""HOLD"", ""confidence"": null}",0.0,FILLED
4256,MES,2023-01-01 23:30:00,"{""side"": ""HOLD"", ""confidence"": null}",0.0,FILLED
4257,MES,2023-01-01 23:31:00,"{""side"": ""HOLD"", ""confidence"": null}",0.0,FILLED
4258,MES,2023-01-01 23:32:00,"{""side"": ""HOLD"", ""confidence"": null}",0.0,FILLED
4259,MES,2023-01-01 23:33:00,"{""side"": ""HOLD"", ""confidence"": null}",0.0,FILLED
4260,MES,2023-01-01 23:34:00,"{""side"": ""HOLD"", ""confidence"": null}",0.0,FILLED
4261,MES,2023-01-01 23:35:00,"{""side"": ""HOLD"", ""confidence"": null}",0.0,FILLED
4262,MES,2023-01-01 23:36:00,"{""side"": ""HOLD"", ""confidence"": null}",0.0,FILLED
4263,MES,2023-01-01 23:37:00,"{""side"": ""HOLD"", ""confidence"": null}",0.0,FILLED
4264,MES,2023-01-01 23:38:00,"{""side"": ""HOLD"", ""confidence"": null}",0.0,FILLED
4265,MES,2023-01-01 23:39:00,"{""side"": ""HOLD"", ""confidence"": null}",0.0,FILLED
4266,MES,2023-01-01 23:40:00,"{""side"": ""HOLD"", ""confidence"": null}",0.0,FILLED
4267,MES,2023-01-01 23:41:00,"{""side"": ""HOLD"", ""confidence"": null}",0.0,FILLED
4268,MES,2023-01-01 23:42:00,"{""side"": ""HOLD"", ""confidence"": null}",0.0,FILLED
4269,MES,2023-01-01 23:43:00,"{""side"": ""HOLD"", ""confidence"": null}",0.0,FILLED
4270,MES,2023-01-01 23:44:00,"{""side"": ""HOLD"", ""confidence"": null}",0.0,FILLED
4271,MES,2023-01-01 23:45:00,"{""side"": ""HOLD"", ""confidence"": null}",0.0,FILLED
4272,MES,2023-01-01 23:46:00,"{""side"": ""HOLD"", ""confidence"": null}",0.0,FILLED
4273,MES,2023-01-01 23:47:00,"{""side"": ""HOLD"", ""confidence"": null}",0.0,FILLED
4274,MES,2023-01-01 23:48:00,"{""side"": ""HOLD"", ""confidence"": null}",0.0,FILLED
4275,MES,2023-01-01 23:49:00,"{""side"": ""HOLD"", ""confidence"": null}",0.0,FILLED
4276,MES,2023-01-01 23:50:00,"{""side"": ""HOLD"", ""confidence"": null}",0.0,FILLED
4277,MES,2023-01-01 23:51:00,"{""side"": ""HOLD"", ""confidence"": null}",0.0,FILLED
4278,MES,2023-01-01 23:52:00,"{""side"": ""HOLD"", ""confidence"": null}",0.0,FILLED
4279,MES,2023-01-01 23:53:00,"{""side"": ""HOLD"", ""confidence"": null}",0.0,FILLED
4280,MES,2023-01-01 23:54:00,"{""side"": ""HOLD"", ""confidence"": null}",0.0,FILLED
4281,MES,2023-01-01 23:55:00,"{""side"": ""HOLD"", ""confidence"": null}",0.0,FILLED
4282,MES,2023-01-01 23:56:00,"{""side"": ""HOLD"", ""confidence"": null}",0.0,FILLED
4283,MES,2023-01-01 23:57:00,"{""side"": ""HOLD"", ""confidence"": null}",0.0,FILLED
4284,MES,2023-01-01 23:58:00,"{""side"": ""HOLD"", ""confidence"": null}",0.0,FILLED
4285,MES,2023-01-01 23:59:00,"{""side"": ""HOLD"", ""confidence"": null}",0.0,FILLED
4286,MES,2023-01-02 00:00:00,"{""side"": ""HOLD"", ""confidence"": null}",0.0,FILLED
4287,MES,2023-01-02 00:01:00,"{""side"": ""HOLD"", ""confidence"": null}",0.0,FILLED
4288,MES,2023-01-02 00:02:00,"{""side"": ""HOLD"", ""confidence"": null}",0.0,FILLED
4289,MES,2023-01-02 00:03:00,"{""side"": ""HOLD"", ""confidence"": null}",0.0,FILLED
4290,MES,2023-01-02 00:04:00,"{""side"": ""HOLD"", ""confidence"": null}",0.0,FILLED
4291,MES,2023-01-02 00:05:00,"{""side"": ""HOLD"", ""confidence"": null}",0.0,FILLED
4292,MES,2023-01-02 00:06:00,"{""side"": ""HOLD"", ""confidence"": null}",0.0,FILLED
4293,MES,2023-01-02 00:07:00,"{""side"": ""HOLD"", ""confidence"": null}",0.0,FILLED
4294,MES,2023-01-02 00:08:00,"{""side"": ""HOLD"", ""confidence"": null}",0.0,FILLED
4295,MES,2023-01-02 00:09:00,"{""side"": ""HOLD"", ""confidence"": null}",0.0,FILLED
4296,MES,2023-01-02 00:10:00,"{""side"": ""HOLD"", ""confidence"": null}",0.0,FILLED
4297,MES,2023-01-02 00:11:00,"{""side"": ""HOLD"", ""confidence"": null}",0.0,FILLED
4298,MES,2023-01-02 00:12:00,"{""side"": ""HOLD"", ""confidence"": null}",0.0,FILLED
4299,MES,2023-01-02 00:13:00,"{""side"": ""HOLD"", ""confidence"": null}",0.0,FILLED
4300,MES,2023-01-02 00:14:00,"{""side"": ""HOLD"", ""confidence"": null}",0.0,FILLED
4301,MES,2023-01-02 00:15:00,"{""side"": ""HOLD"", ""confidence"": null}",0.0,FILLED
4302,MES,2023-01-02 00:16:00,"{""side"": ""HOLD"", ""confidence"": null}",0.0,FILLED
4303,MES,2023-01-02 00:17:00,"{""side"": ""HOLD"", ""confidence"": null}",0.0,FILLED
4304,MES,2023-01-02 00:18:00,"{""side"": ""HOLD"", ""confidence"": null}",0.0,FILLED
4305,MES,2023-01-02 00:19:00,"{""side"": ""HOLD"", ""confidence"": null}",0.0,FILLED
4306,MES,2023-01-02 00:20:00,"{""side"": ""HOLD"", ""confidence"": null}",0.0,FILLED
4307,MES,2023-01-02 00:21:00,"{""side"": ""HOLD"", ""confidence"": null}",0.0,FILLED
4308,MES,2023-01-02 00:22:00,"{""side"": ""HOLD"", ""confidence"": null}",0.0,FILLED
4309,MES,2023-01-02 00:23:00,"{""side"": ""HOLD"", ""confidence"": null}",0.0,FILLED
4310,MES,2023-01-02 00:24:00,"{""side"": ""HOLD"", ""confidence"": null}",0.0,FILLED
4311,MES,2023-01-02 00:25:00,"{""side"": ""HOLD"", ""confidence"": null}",0.0,FILLED
4312,MES,2023-01-02 00:26:00,"{""side"": ""HOLD"", ""confidence"": null}",0.0,FILLED
4313,MES,2023-01-02 00:27:00,"{""side"": ""HOLD"", ""confidence"": null}",0.0,FILLED
4314,MES,2023-01-02 00:28:00,"{""side"": ""HOLD"", ""confidence"": null}",0.0,FILLED
4315,MES,2023-01-02 00:29:00,"{""side"": ""HOLD"", ""confidence"": null}",0.0,FILLED
4316,MES,2023-01-02 00:30:00,"{""side"": ""HOLD"", ""confidence"": null}",0.0,FILLED
4317,MES,2023-01-02 00:31:00,"{""side"": ""HOLD"", ""confidence"": null}",0.0,FILLED
4318,MES,2023-01-02 00:32:00,"{""side"": ""HOLD"", ""confidence"": null}",0.0,FILLED
4319,MES,2023-01-02 00:33:00,"{""side"": ""HOLD"", ""confidence"": null}",0.0,FILLED
4320,MES,2023-01-02 00:34:00,"{""side"": ""HOLD"", ""confidence"": null}",0.0,FILLED
4321,MES,2023-01-02 00:35:00,"{""side"": ""HOLD"", ""confidence"": null}",0.0,FILLED
4322,MES,2023-01-02 00:36:00,"{""side"": ""HOLD"", ""confidence"": null}",0.0,FILLED
4323,MES,2023-01-02 00:37:00,"{""side"": ""HOLD"", ""confidence"": null}",0.0,FILLED
4324,MES,2023-01-02 00:38:00,"{""side"": ""HOLD"", ""confidence"": null}",0.0,FILLED
4325,MES,2023-01-02 00:39:00,"{""side"": ""HOLD"", ""confidence"": null}",0.0,FILLED
4326,MES,2023-01-02 00:40:00,"{""side"": ""HOLD"", ""confidence"": null}",0.0,FILLED
4327,MES,2023-01-02 00:41:00,"{""side"": ""HOLD"", ""confidence"": null}",0.0,FILLED
4328,MES,2023-01-02 00:42:00,"{""side"": ""HOLD"", ""confidence"": null}",0.0,FILLED
4329,MES,2023-01-02 00:43:00,"{""side"": ""HOLD"", ""confidence"": null}",0.0,FILLED
4330,MES,2023-01-02 00:44:00,"{""side"": ""HOLD"", ""confidence"": null}",0.0,FILLED
4331,MES,2023-01-02 00:45:00,"{""side"": ""HOLD"", ""confidence"": null}",0.0,FILLED
4332,MES,2023-01-02 00:46:00,"{""side"": ""HOLD"", ""confidence"": null}",0.0,FILLED
4333,MES,2023-01-02 00:47:00,"{""side"": ""HOLD"", ""confidence"": null}",0.0,FILLED
4334,MES,2023-01-02 00:48:00,"{""side"": ""HOLD"", ""confidence"": null}",0.0,FILLED
4335,MES,2023-01-02 00:49:00,"{""side"": ""HOLD"", ""confidence"": null}",0.0,FILLED
4336,MES,2023-01-02 00:50:00,"{""side"": ""HOLD"", ""confidence"": null}",0.0,FILLED
4337,MES,2023-01-02 00:51:00,"{""side"": ""HOLD"", ""confidence"": null}",0.0,FILLED
4338,MES,2023-01-02 00:52:00,"{""side"": ""HOLD"", ""confidence"": null}",0.0,FILLED
4339,MES,2023-01-02 00:53:00,"{""side"": ""HOLD"", ""confidence"": null}",0.0,FILLED
4340,MES,2023-01-02 00:54:00,"{""side"": ""HOLD"", ""confidence"": null}",0.0,FILLED
4341,MES,2023-01-02 00:55:00,"{""side"": ""HOLD"", ""confidence"": null}",0.0,FILLED
4342,MES,2023-01-02 00:56:00,"{""side"": ""HOLD"", ""confidence"": null}",0.0,FILLED
4343,MES,2023-01-02 00:57:00,"{""side"": ""HOLD"", ""confidence"": null}",0.0,FILLED
4344,MES,2023-01-02 00:58:00,"{""side"": ""HOLD"", ""confidence"": null}",0.0,FILLED
4345,MES,2023-01-02 00:59:00,"{""side"": ""HOLD"", ""confidence"": null}",0.0,FILLED
4346,MES,2023-01-02 01:00:00,"{""side"": ""HOLD"", ""confidence"": null}",0.0,FILLED
4347,MES,2023-01-02 01:01:00,"{""side"": ""HOLD"", ""confidence"": null}",0.0,FILLED
4348,MES,2023-01-02 01:02:00,"{""side"": ""HOLD"", ""confidence"": null}",0.0,FILLED
4349,MES,2023-01-02 01:03:00,"{""side"": ""HOLD"", ""confidence"": null}",0.0,FILLED
4350,MES,2023-01-02 01:04:00,"{""side"": ""HOLD"", ""confidence"": null}",0.0,FILLED
4351,MES,2023-01-02 01:05:00,"{""side"": ""HOLD"", ""confidence"": null}",0.0,FILLED
4352,MES,2023-01-02 01:06:00,"{""side"": ""HOLD"", ""confidence"": null}",0.0,FILLED
4353,MES,2023-01-02 01:07:00,"{""side"": ""HOLD"", ""confidence"": null}",0.0,FILLED
4354,MES,2023-01-02 01:08:00,"{""side"": ""HOLD"", ""confidence"": null}",0.0,FILLED
4355,MES,2023-01-02 01:09:00,"{""side"": ""HOLD"", ""confidence"": null}",0.0,FILLED
4356,MES,2023-01-02 01:10:00,"{""side"": ""HOLD"", ""confidence"": null}",0.0,FILLED
4357,MES,2023-01-02 01:11:00,"{""side"": ""HOLD"", ""confidence"": null}",0.0,FILLED
4358,MES,2023-01-02 01:12:00,"{""side"": ""HOLD"", ""confidence"": null}",0.0,FILLED
4359,MES,2023-01-02 01:13:00,"{""side"": ""HOLD"", ""confidence"": null}",0.0,FILLED
4360,MES,2023-01-02 01:14:00,"{""side"": ""HOLD"", ""confidence"": null}",0.0,FILLED
4361,MES,2023-01-02 01:15:00,"{""side"": ""HOLD"", ""confidence"": null}",0.0,FILLED
4362,MES,2023-01-02 01:16:00,"{""side"": ""HOLD"", ""confidence"": null}",0.0,FILLED
4363,MES,2023-01-02 01:17:00,"{""side"": ""HOLD"", ""confidence"": null}",0.0,FILLED
4364,MES,2023-01-02 01:18:00,"{""side"": ""HOLD"", ""confidence"": null}",0.0,FILLED
4365,MES,2023-01-02 01:19:00,"{""side"": ""HOLD"", ""confidence"": null}",0.0,FILLED
4366,MES,2023-01-02 01:20:00,"{""side"": ""HOLD"", ""confidence"": null}",0.0,FILLED
4367,MES,2023-01-02 01:21:00,"{""side"": ""HOLD"", ""confidence"": null}",0.0,FILLED
4368,MES,2023-01-02 01:22:00,"{""side"": ""HOLD"", ""confidence"": null}",0.0,FILLED
4369,MES,2023-01-02 01:23:00,"{""side"": ""HOLD"", ""confidence"": null}",0.0,FILLED
4370,MES,2023-01-02 01:24:00,"{""side"": ""HOLD"", ""confidence"": null}",0.0,FILLED
4371,MES,2023-01-02 01:25:00,"{""side"": ""HOLD"", ""confidence"": null}",0.0,FILLED
4372,MES,2023-01-02 01:26:00,"{""side"": ""HOLD"", ""confidence"": null}",0.0,FILLED
4373,MES,2023-01-02 01:27:00,"{""side"": ""HOLD"", ""confidence"": null}",0.0,FILLED
4374,MES,2023-01-02 01:28:00,"{""side"": ""HOLD"", ""confidence"": null}",0.0,FILLED
4375,MES,2023-01-02 01:29:00,"{""side"": ""HOLD"", ""confidence"": null}",0.0,FILLED
4376,MES,2023-01-02 01:30:00,"{""side"": ""HOLD"", ""confidence"": null}",0.0,FILLED
4377,MES,2023-01-02 01:31:00,"{""side"": ""HOLD"", ""confidence"": null}",0.0,FILLED
4378,MES,2023-01-02 01:32:00,"{""side"": ""HOLD"", ""confidence"": null}",0.0,FILLED
4379,MES,2023-01-02 01:33:00,"{""side"": ""HOLD"", ""confidence"": null}",0.0,FILLED
4380,MES,2023-01-02 01:34:00,"{""side"": ""HOLD"", ""confidence"": null}",0.0,FILLED
4381,MES,2023-01-02 01:35:00,"{""side"": ""HOLD"", ""confidence"": null}",0.0,FILLED
4382,MES,2023-01-02 01:36:00,"{""side"": ""HOLD"", ""confidence"": null}",0.0,FILLED
4383,MES,2023-01-02 01:37:00,"{""side"": ""HOLD"", ""confidence"": null}",0.0,FILLED
4384,MES,2023-01-02 01:38:00,"{""side"": ""HOLD"", ""confidence"": null}",0.0,FILLED
4385,MES,2023-01-02 01:39:00,"{""side"": ""HOLD"", ""confidence"": null}",0.0,FILLED
4386,MES,2023-01-02 01:40:00,"{""side"": ""HOLD"", ""confidence"": null}",0.0,FILLED
4387,MES,2023-01-02 01:41:00,"{""side"": ""HOLD"", ""confidence"": null}",0.0,FILLED
4388,MES,2023-01-02 01:42:00,"{""side"": ""HOLD"", ""confidence"": null}",0.0,FILLED
4389,MES,2023-01-02 01:43:00,"{""side"": ""HOLD"", ""confidence"": null}",0.0,FILLED
4390,MES,2023-01-02 01:44:00,"{""side"": ""HOLD"", ""confidence"": null}",0.0,FILLED
4391,MES,2023-01-02 01:45:00,"{""side"": ""HOLD"", ""confidence"": null}",0.0,FILLED
4392,MES,2023-01-02 01:46:00,"{""side"": ""HOLD"", ""confidence"": null}",0.0,FILLED
4393,MES,2023-01-02 01:47:00,"{""side"": ""HOLD"", ""confidence"": null}",0.0,FILLED
4394,MES,2023-01-02 01:48:00,"{""side"": ""HOLD"", ""confidence"": null}",0.0,FILLED
4395,MES,2023-01-02 01:49:00,"{""side"": ""HOLD"", ""confidence"": null}",0.0,FILLED
4396,MES,2023-01-02 01:50:00,"{""side"": ""HOLD"", ""confidence"": null}",0.0,FILLED
4397,MES,2023-01-02 01:51:00,"{""side"": ""HOLD"", ""confidence"": null}",0.0,FILLED
4398,MES,2023-01-02 01:52:00,"{""side"": ""HOLD"", ""confidence"": null}",0.0,FILLED
4399,MES,2023-01-02 01:53:00,"{""side"": ""HOLD"", ""confidence"": null}",0.0,FILLED
4400,MES,2023-01-02 01:54:00,"{""side"": ""HOLD"", ""confidence"": null}",0.0,FILLED
4401,MES,2023-01-02 01:55:00,"{""side"": ""HOLD"", ""confidence"": null}",0.0,FILLED
4402,MES,2023-01-02 01:56:00,"{""side"": ""HOLD"", ""confidence"": null}",0.0,FILLED
4403,MES,2023-01-02 01:57:00,"{""side"": ""HOLD"", ""confidence"": null}",0.0,FILLED
4404,MES,2023-01-02 01:58:00,"{""side"": ""HOLD"", ""confidence"": null}",0.0,FILLED
4405,MES,2023-01-02 01:59:00,"{""side"": ""HOLD"", ""confidence"": null}",0.0,FILLED
4406,MES,2023-01-02 02:00:00,"{""side"": ""HOLD"", ""confidence"": null}",0.0,FILLED
4407,MES,2023-01-02 02:01:00,"{""side"": ""HOLD"", ""confidence"": null}",0.0,FILLED
4408,MES,2023-01-02 02:02:00,"{""side"": ""HOLD"", ""confidence"": null}",0.0,FILLED
4409,MES,2023-01-02 02:03:00,"{""side"": ""HOLD"", ""confidence"": null}",0.0,FILLED
4410,MES,2023-01-02 02:04:00,"{""side"": ""HOLD"", ""confidence"": null}",0.0,FILLED
4411,MES,2023-01-02 02:05:00,"{""side"": ""HOLD"", ""confidence"": null}",0.0,FILLED
4412,MES,2023-01-02 02:06:00,"{""side"": ""HOLD"", ""confidence"": null}",0.0,FILLED
4413,MES,2023-01-02 02:07:00,"{""side"": ""HOLD"", ""confidence"": null}",0.0,FILLED
4414,MES,2023-01-02 02:08:00,"{""side"": ""HOLD"", ""confidence"": null}",0.0,FILLED
4415,MES,2023-01-02 02:09:00,"{""side"": ""HOLD"", ""confidence"": null}",0.0,FILLED
4416,MES,2023-01-02 02:10:00,"{""side"": ""HOLD"", ""confidence"": null}",0.0,FILLED
4417,MES,2023-01-02 02:11:00,"{""side"": ""HOLD"", ""confidence"": null}",0.0,FILLED
4418,MES,2023-01-02 02:12:00,"{""side"": ""HOLD"", ""confidence"": null}",0.0,FILLED
4419,MES,2023-01-02 02:13:00,"{""side"": ""HOLD"", ""confidence"": null}",0.0,FILLED
4420,MES,2023-01-02 02:14:00,"{""side"": ""HOLD"", ""confidence"": null}",0.0,FILLED
4421,MES,2023-01-02 02:15:00,"{""side"": ""HOLD"", ""confidence"": null}",0.0,FILLED
4422,MES,2023-01-02 02:16:00,"{""side"": ""HOLD"", ""confidence"": null}",0.0,FILLED
4423,MES,2023-01-02 02:17:00,"{""side"": ""HOLD"", ""confidence"": null}",0.0,FILLED
4424,MES,2023-01-02 02:18:00,"{""side"": ""HOLD"", ""confidence"": null}",0.0,FILLED
4425,MES,2023-01-02 02:19:00,"{""side"": ""HOLD"", ""confidence"": null}",0.0,FILLED
4426,MES,2023-01-02 02:20:00,"{""side"": ""HOLD"", ""confidence"": null}",0.0,FILLED
4427,MES,2023-01-02 02:21:00,"{""side"": ""HOLD"", ""confidence"": null}",0.0,FILLED
4428,MES,2023-01-02 02:22:00,"{""side"": ""HOLD"", ""confidence"": null}",0.0,FILLED
4429,MES,2023-01-02 02:23:00,"{""side"": ""HOLD"", ""confidence"": null}",0.0,FILLED
4430,MES,2023-01-02 02:24:00,"{""side"": ""HOLD"", ""confidence"": null}",0.0,FILLED
4431,MES,2023-01-02 02:25:00,"{""side"": ""HOLD"", ""confidence"": null}",0.0,FILLED
4432,MES,2023-01-02 02:26:00,"{""side"": ""HOLD"", ""confidence"": null}",0.0,FILLED
4433,MES,2023-01-02 02:27:00,"{""side"": ""HOLD"", ""confidence"": null}",0.0,FILLED
4434,MES,2023-01-02 02:28:00,"{""side"": ""HOLD"", ""confidence"": null}",0.0,FILLED
4435,MES,2023-01-02 02:29:00,"{""side"": ""HOLD"", ""confidence"": null}",0.0,FILLED
4436,MES,2023-01-02 02:30:00,"{""side"": ""HOLD"", ""confidence"": null}",0.0,FILLED
4437,MES,2023-01-02 02:31:00,"{""side"": ""HOLD"", ""confidence"": null}",0.0,FILLED
4438,MES,2023-01-02 02:32:00,"{""side"": ""HOLD"", ""confidence"": null}",0.0,FILLED
4439,MES,2023-01-02 02:33:00,"{""side"": ""HOLD"", ""confidence"": null}",0.0,FILLED
4440,MES,2023-01-02 02:34:00,"{""side"": ""HOLD"", ""confidence"": null}",0.0,FILLED
4441,MES,2023-01-02 02:35:00,"{""side"": ""HOLD"", ""confidence"": null}",0.0,FILLED
4442,MES,2023-01-02 02:36:00,"{""side"": ""HOLD"", ""confidence"": null}",0.0,FILLED
4443,MES,2023-01-02 02:37:00,"{""side"": ""HOLD"", ""confidence"": null}",0.0,FILLED
4444,MES,2023-01-02 02:38:00,"{""side"": ""HOLD"", ""confidence"": null}",0.0,FILLED
4445,MES,2023-01-02 02:39:00,"{""side"": ""HOLD"", ""confidence"": null}",0.0,FILLED
4446,MES,2023-01-02 02:40:00,"{""side"": ""HOLD"", ""confidence"": null}",0.0,FILLED
4447,MES,2023-01-02 02:41:00,"{""side"": ""HOLD"", ""confidence"": null}",0.0,FILLED
4448,MES,2023-01-02 02:42:00,"{""side"": ""HOLD"", ""confidence"": null}",0.0,FILLED
4449,MES,2023-01-02 02:43:00,"{""side"": ""HOLD"", ""confidence"": null}",0.0,FILLED
4450,MES,2023-01-02 02:44:00,"{""side"": ""HOLD"", ""confidence"": null}",0.0,FILLED
4451,MES,2023-01-02 02:45:00,"{""side"": ""HOLD"", ""confidence"": null}",0.0,FILLED
4452,MES,2023-01-02 02:46:00,"{""side"": ""HOLD"", ""confidence"": null}",0.0,FILLED
4453,MES,2023-01-02 02:47:00,"{""side"": ""HOLD"", ""confidence"": null}",0.0,FILLED
4454,MES,2023-01-02 02:48:00,"{""side"": ""HOLD"", ""confidence"": null}",0.0,FILLED
4455,MES,2023-01-02 02:49:00,"{""side"": ""HOLD"", ""confidence"": null}",0.0,FILLED
4456,MES,2023-01-02 02:50:00,"{""side"": ""HOLD"", ""confidence"": null}",0.0,FILLED
4457,MES,2023-01-02 02:51:00,"{""side"": ""HOLD"", ""confidence"": null}",0.0,FILLED
4458,MES,2023-01-02 02:52:00,"{""side"": ""HOLD"", ""confidence"": null}",0.0,FILLED
4459,MES,2023-01-02 02:53:00,"{""side"": ""HOLD"", ""confidence"": null}",0.0,FILLED
4460,MES,2023-01-02 02:54:00,"{""side"": ""HOLD"", ""confidence"": null}",0.0,FILLED
4461,MES,2023-01-02 02:55:00,"{""side"": ""HOLD"", ""confidence"": null}",0.0,FILLED
4462,MES,2023-01-02 02:56:00,"{""side"": ""HOLD"", ""confidence"": null}",0.0,FILLED
4463,MES,2023-01-02 02:57:00,"{""side"": ""HOLD"", ""confidence"": null}",0.0,FILLED
4464,MES,2023-01-02 02:58:00,"{""side"": ""HOLD"", ""confidence"": null}",0.0,FILLED
4465,MES,2023-01-02 02:59:00,"{""side"": ""HOLD"", ""confidence"": null}",0.0,FILLED
4466,MES,2023-01-02 03:00:00,"{""side"": ""HOLD"", ""confidence"": null}",0.0,FILLED
4467,MES,2023-01-02 03:01:00,"{""side"": ""HOLD"", ""confidence"": null}",0.0,FILLED
4468,MES,2023-01-02 03:02:00,"{""side"": ""HOLD"", ""confidence"": null}",0.0,FILLED
4469,MES,2023-01-02 03:03:00,"{""side"": ""HOLD"", ""confidence"": null}",0.0,FILLED
4470,MES,2023-01-02 03:04:00,"{""side"": ""HOLD"", ""confidence"": null}",0.0,FILLED
4471,MES,2023-01-02 03:05:00,"{""side"": ""HOLD"", ""confidence"": null}",0.0,FILLED
4472,MES,2023-01-02 03:06:00,"{""side"": ""HOLD"", ""confidence"": null}",0.0,FILLED
4473,MES,2023-01-02 03:07:00,"{""side"": ""HOLD"", ""confidence"": null}",0.0,FILLED
4474,MES,2023-01-02 03:08:00,"{""side"": ""HOLD"", ""confidence"": null}",0.0,FILLED
4475,MES,2023-01-02 03:09:00,"{""side"": ""HOLD"", ""confidence"": null}",0.0,FILLED
4476,MES,2023-01-02 03:10:00,"{""side"": ""HOLD"", ""confidence"": null}",0.0,FILLED
4477,MES,2023-01-02 03:11:00,"{""side"": ""HOLD"", ""confidence"": null}",0.0,FILLED
4478,MES,2023-01-02 03:12:00,"{""side"": ""HOLD"", ""confidence"": null}",0.0,FILLED
4479,MES,2023-01-02 03:13:00,"{""side"": ""HOLD"", ""confidence"": null}",0.0,FILLED
4480,MES,2023-01-02 03:14:00,"{""side"": ""HOLD"", ""confidence"": null}",0.0,FILLED
4481,MES,2023-01-02 03:15:00,"{""side"": ""HOLD"", ""confidence"": null}",0.0,FILLED
4482,MES,2023-01-02 03:16:00,"{""side"": ""HOLD"", ""confidence"": null}",0.0,FILLED
4483,MES,2023-01-02 03:17:00,"{""side"": ""HOLD"", ""confidence"": null}",0.0,FILLED
4484,MES,2023-01-02 03:18:00,"{""side"": ""HOLD"", ""confidence"": null}",0.0,FILLED
4485,MES,2023-01-02 03:19:00,"{""side"": ""HOLD"", ""confidence"": null}",0.0,FILLED
4486,MES,2023-01-02 03:20:00,"{""side"": ""HOLD"", ""confidence"": null}",0.0,FILLED
4487,MES,2023-01-02 03:21:00,"{""side"": ""HOLD"", ""confidence"": null}",0.0,FILLED
4488,MES,2023-01-02 03:22:00,"{""side"": ""HOLD"", ""confidence"": null}",0.0,FILLED
4489,MES,2023-01-02 03:23:00,"{""side"": ""HOLD"", ""confidence"": null}",0.0,FILLED
4490,MES,2023-01-02 03:24:00,"{""side"": ""HOLD"", ""confidence"": null}",0.0,FILLED
4491,MES,2023-01-02 03:25:00,"{""side"": ""HOLD"", ""confidence"": null}",0.0,FILLED
4492,MES,2023-01-02 03:26:00,"{""side"": ""HOLD"", ""confidence"": null}",0.0,FILLED
4493,MES,2023-01-02 03:27:00,"{""side"": ""HOLD"", ""confidence"": null}",0.0,FILLED
4494,MES,2023-01-02 03:28:00,"{""side"": ""HOLD"", ""confidence"": null}",0.0,FILLED
4495,MES,2023-01-02 03:29:00,"{""side"": ""HOLD"", ""confidence"": null}",0.0,FILLED
4496,MES,2023-01-02 03:30:00,"{""side"": ""HOLD"", ""confidence"": null}",0.0,FILLED
4497,MES,2023-01-02 03:31:00,"{""side"": ""HOLD"", ""confidence"": null}",0.0,FILLED
4498,MES,2023-01-02 03:32:00,"{""side"": ""HOLD"", ""confidence"": null}",0.0,FILLED
4499,MES,2023-01-02 03:33:00,"{""side"": ""HOLD"", ""confidence"": null}",0.0,FILLED
4500,MES,2023-01-02 03:34:00,"{""side"": ""HOLD"", ""confidence"": null}",0.0,FILLED
4501,MES,2023-01-02 03:35:00,"{""side"": ""HOLD"", ""confidence"": null}",0.0,FILLED
4502,MES,2023-01-02 03:36:00,"{""side"": ""HOLD"", ""confidence"": null}",0.0,FILLED
4503,MES,2023-01-02 03:37:00,"{""side"": ""HOLD"", ""confidence"": null}",0.0,FILLED
4504,MES,2023-01-02 03:38:00,"{""side"": ""HOLD"", ""confidence"": null}",0.0,FILLED
4505,MES,2023-01-02 03:39:00,"{""side"": ""HOLD"", ""confidence"": null}",0.0,FILLED
4506,MES,2023-01-02 03:40:00,"{""side"": ""HOLD"", ""confidence"": null}",0.0,FILLED
4507,MES,2023-01-02 03:41:00,"{""side"": ""HOLD"", ""confidence"": null}",0.0,FILLED
4508,MES,2023-01-02 03:42:00,"{""side"": ""HOLD"", ""confidence"": null}",0.0,FILLED
4509,MES,2023-01-02 03:43:00,"{""side"": ""HOLD"", ""confidence"": null}",0.0,FILLED
4510,MES,2023-01-02 03:44:00,"{""side"": ""HOLD"", ""confidence"": null}",0.0,FILLED
4511,MES,2023-01-02 03:45:00,"{""side"": ""HOLD"", ""confidence"": null}",0.0,FILLED
4512,MES,2023-01-02 03:46:00,"{""side"": ""HOLD"", ""confidence"": null}",0.0,FILLED
4513,MES,2023-01-02 03:47:00,"{""side"": ""HOLD"", ""confidence"": null}",0.0,FILLED
4514,MES,2023-01-02 03:48:00,"{""side"": ""HOLD"", ""confidence"": null}",0.0,FILLED
4515,MES,2023-01-02 03:49:00,"{""side"": ""HOLD"", ""confidence"": null}",0.0,FILLED
4516,MES,2023-01-02 03:50:00,"{""side"": ""HOLD"", ""confidence"": null}",0.0,FILLED
4517,MES,2023-01-02 03:51:00,"{""side"": ""HOLD"", ""confidence"": null}",0.0,FILLED
4518,MES,2023-01-02 03:52:00,"{""side"": ""HOLD"", ""confidence"": null}",0.0,FILLED
4519,MES,2023-01-02 03:53:00,"{""side"": ""HOLD"", ""confidence"": null}",0.0,FILLED
4520,MES,2023-01-02 03:54:00,"{""side"": ""HOLD"", ""confidence"": null}",0.0,FILLED
4521,MES,2023-01-02 03:55:00,"{""side"": ""HOLD"", ""confidence"": null}",0.0,FILLED
4522,MES,2023-01-02 03:56:00,"{""side"": ""HOLD"", ""confidence"": null}",0.0,FILLED
4523,MES,2023-01-02 03:57:00,"{""side"": ""HOLD"", ""confidence"": null}",0.0,FILLED
4524,MES,2023-01-02 03:58:00,"{""side"": ""HOLD"", ""confidence"": null}",0.0,FILLED
4525,MES,2023-01-02 03:59:00,"{""side"": ""HOLD"", ""confidence"": null}",0.0,FILLED
4526,MES,2023-01-02 04:00:00,"{""side"": ""HOLD"", ""confidence"": null}",0.0,FILLED
4527,MES,2023-01-02 04:01:00,"{""side"": ""HOLD"", ""confidence"": null}",0.0,FILLED
4528,MES,2023-01-02 04:02:00,"{""side"": ""HOLD"", ""confidence"": null}",0.0,FILLED
4529,MES,2023-01-02 04:03:00,"{""side"": ""HOLD"", ""confidence"": null}",0.0,FILLED
4530,MES,2023-01-02 04:04:00,"{""side"": ""HOLD"", ""confidence"": null}",0.0,FILLED
4531,MES,2023-01-02 04:05:00,"{""side"": ""HOLD"", ""confidence"": null}",0.0,FILLED
4532,MES,2023-01-02 04:06:00,"{""side"": ""HOLD"", ""confidence"": null}",0.0,FILLED
4533,MES,2023-01-02 04:07:00,"{""side"": ""HOLD"", ""confidence"": null}",0.0,FILLED
4534,MES,2023-01-02 04:08:00,"{""side"": ""HOLD"", ""confidence"": null}",0.0,FILLED
4535,MES,2023-01-02 04:09:00,"{""side"": ""HOLD"", ""confidence"": null}",0.0,FILLED
4536,MES,2023-01-02 04:10:00,"{""side"": ""HOLD"", ""confidence"": null}",0.0,FILLED
4537,MES,2023-01-02 04:11:00,"{""side"": ""HOLD"", ""confidence"": null}",0.0,FILLED
4538,MES,2023-01-02 04:12:00,"{""side"": ""HOLD"", ""confidence"": null}",0.0,FILLED
4539,MES,2023-01-02 04:13:00,"{""side"": ""HOLD"", ""confidence"": null}",0.0,FILLED
4540,MES,2023-01-02 04:14:00,"{""side"": ""HOLD"", ""confidence"": null}",0.0,FILLED
4541,MES,2023-01-02 04:15:00,"{""side"": ""HOLD"", ""confidence"": null}",0.0,FILLED
4542,MES,2023-01-02 04:16:00,"{""side"": ""HOLD"", ""confidence"": null}",0.0,FILLED
4543,MES,2023-01-02 04:17:00,"{""side"": ""HOLD"", ""confidence"": null}",0.0,FILLED
4544,MES,2023-01-02 04:18:00,"{""side"": ""HOLD"", ""confidence"": null}",0.0,FILLED
4545,MES,2023-01-02 04:19:00,"{""side"": ""HOLD"", ""confidence"": null}",0.0,FILLED
4546,MES,2023-01-02 04:20:00,"{""side"": ""HOLD"", ""confidence"": null}",0.0,FILLED
4547,MES,2023-01-02 04:21:00,"{""side"": ""HOLD"", ""confidence"": null}",0.0,FILLED
4548,MES,2023-01-02 04:22:00,"{""side"": ""HOLD"", ""confidence"": null}",0.0,FILLED
4549,MES,2023-01-02 04:23:00,"{""side"": ""HOLD"", ""confidence"": null}",0.0,FILLED
4550,MES,2023-01-02 04:24:00,"{""side"": ""HOLD"", ""confidence"": null}",0.0,FILLED
4551,MES,2023-01-02 04:25:00,"{""side"": ""HOLD"", ""confidence"": null}",0.0,FILLED
4552,MES,2023-01-02 04:26:00,"{""side"": ""HOLD"", ""confidence"": null}",0.0,FILLED
4553,MES,2023-01-02 04:27:00,"{""side"": ""HOLD"", ""confidence"": null}",0.0,FILLED
4554,MES,2023-01-02 04:28:00,"{""side"": ""HOLD"", ""confidence"": null}",0.0,FILLED
4555,MES,2023-01-02 04:29:00,"{""side"": ""HOLD"", ""confidence"": null}",0.0,FILLED
4556,MES,2023-01-02 04:30:00,"{""side"": ""HOLD"", ""confidence"": null}",0.0,FILLED
4557,MES,2023-01-02 04:31:00,"{""side"": ""HOLD"", ""confidence"": null}",0.0,FILLED
4558,MES,2023-01-02 04:32:00,"{""side"": ""HOLD"", ""confidence"": null}",0.0,FILLED
4559,MES,2023-01-02 04:33:00,"{""side"": ""HOLD"", ""confidence"": null}",0.0,FILLED
4560,MES,2023-01-02 04:34:00,"{""side"": ""HOLD"", ""confidence"": null}",0.0,FILLED
4561,MES,2023-01-02 04:35:00,"{""side"": ""HOLD"", ""confidence"": null}",0.0,FILLED
4562,MES,2023-01-02 04:36:00,"{""side"": ""HOLD"", ""confidence"": null}",0.0,FILLED
4563,MES,2023-01-02 04:37:00,"{""side"": ""HOLD"", ""confidence"": null}",0.0,FILLED
4564,MES,2023-01-02 04:38:00,"{""side"": ""HOLD"", ""confidence"": null}",0.0,FILLED
4565,MES,2023-01-02 04:39:00,"{""side"": ""HOLD"", ""confidence"": null}",0.0,FILLED
4566,MES,2023-01-02 04:40:00,"{""side"": ""HOLD"", ""confidence"": null}",0.0,FILLED
4567,MES,2023-01-02 04:41:00,"{""side"": ""HOLD"", ""confidence"": null}",0.0,FILLED
4568,MES,2023-01-02 04:42:00,"{""side"": ""HOLD"", ""confidence"": null}",0.0,FILLED
4569,MES,2023-01-02 04:43:00,"{""side"": ""HOLD"", ""confidence"": null}",0.0,FILLED
4570,MES,2023-01-02 04:44:00,"{""side"": ""HOLD"", ""confidence"": null}",0.0,FILLED
4571,MES,2023-01-02 04:45:00,"{""side"": ""HOLD"", ""confidence"": null}",0.0,FILLED
4572,MES,2023-01-02 04:46:00,"{""side"": ""HOLD"", ""confidence"": null}",0.0,FILLED
4573,MES,2023-01-02 04:47:00,"{""side"": ""HOLD"", ""confidence"": null}",0.0,FILLED
4574,MES,2023-01-02 04:48:00,"{""side"": ""HOLD"", ""confidence"": null}",0.0,FILLED
4575,MES,2023-01-02 04:49:00,"{""side"": ""HOLD"", ""confidence"": null}",0.0,FILLED
4576,MES,2023-01-02 04:50:00,"{""side"": ""HOLD"", ""confidence"": null}",0.0,FILLED
4577,MES,2023-01-02 04:51:00,"{""side"": ""HOLD"", ""confidence"": null}",0.0,FILLED
4578,MES,2023-01-02 04:52:00,"{""side"": ""HOLD"", ""confidence"": null}",0.0,FILLED
4579,MES,2023-01-02 04:53:00,"{""side"": ""HOLD"", ""confidence"": null}",0.0,FILLED
4580,MES,2023-01-02 04:54:00,"{""side"": ""HOLD"", ""confidence"": null}",0.0,FILLED
4581,MES,2023-01-02 04:55:00,"{""side"": ""HOLD"", ""confidence"": null}",0.0,FILLED
4582,MES,2023-01-02 04:56:00,"{""side"": ""HOLD"", ""confidence"": null}",0.0,FILLED
4583,MES,2023-01-02 04:57:00,"{""side"": ""HOLD"", ""confidence"": null}",0.0,FILLED
4584,MES,2023-01-02 04:58:00,"{""side"": ""HOLD"", ""confidence"": null}",0.0,FILLED
4585,MES,2023-01-02 04:59:00,"{""side"": ""HOLD"", ""confidence"": null}",0.0,FILLED
4586,MES,2023-01-02 05:00:00,"{""side"": ""HOLD"", ""confidence"": null}",0.0,FILLED
4587,MES,2023-01-02 05:01:00,"{""side"": ""HOLD"", ""confidence"": null}",0.0,FILLED
4588,MES,2023-01-02 05:02:00,"{""side"": ""HOLD"", ""confidence"": null}",0.0,FILLED
4589,MES,2023-01-02 05:03:00,"{""side"": ""HOLD"", ""confidence"": null}",0.0,FILLED
4590,MES,2023-01-02 05:04:00,"{""side"": ""HOLD"", ""confidence"": null}",0.0,FILLED
4591,MES,2023-01-02 05:05:00,"{""side"": ""HOLD"", ""confidence"": null}",0.0,FILLED
4592,MES,2023-01-02 05:06:00,"{""side"": ""HOLD"", ""confidence"": null}",0.0,FILLED
4593,MES,2023-01-02 05:07:00,"{""side"": ""HOLD"", ""confidence"": null}",0.0,FILLED
4594,MES,2023-01-02 05:08:00,"{""side"": ""HOLD"", ""confidence"": null}",0.0,FILLED
4595,MES,2023-01-02 05:09:00,"{""side"": ""HOLD"", ""confidence"": null}",0.0,FILLED
4596,MES,2023-01-02 05:10:00,"{""side"": ""HOLD"", ""confidence"": null}",0.0,FILLED
4597,MES,2023-01-02 05:11:00,"{""side"": ""HOLD"", ""confidence"": null}",0.0,FILLED
4598,MES,2023-01-02 05:12:00,"{""side"": ""HOLD"", ""confidence"": null}",0.0,FILLED
4599,MES,2023-01-02 05:13:00,"{""side"": ""HOLD"", ""confidence"": null}",0.0,FILLED
4600,MES,2023-01-02 05:14:00,"{""side"": ""HOLD"", ""confidence"": null}",0.0,FILLED
4601,MES,2023-01-02 05:15:00,"{""side"": ""HOLD"", ""confidence"": null}",0.0,FILLED
4602,MES,2023-01-02 05:16:00,"{""side"": ""HOLD"", ""confidence"": null}",0.0,FILLED
4603,MES,2023-01-02 05:17:00,"{""side"": ""HOLD"", ""confidence"": null}",0.0,FILLED
4604,MES,2023-01-02 05:18:00,"{""side"": ""HOLD"", ""confidence"": null}",0.0,FILLED
4605,MES,2023-01-02 05:19:00,"{""side"": ""HOLD"", ""confidence"": null}",0.0,FILLED
4606,MES,2023-01-02 05:20:00,"{""side"": ""HOLD"", ""confidence"": null}",0.0,FILLED
4607,MES,2023-01-02 05:21:00,"{""side"": ""HOLD"", ""confidence"": null}",0.0,FILLED
4608,MES,2023-01-02 05:22:00,"{""side"": ""HOLD"", ""confidence"": null}",0.0,FILLED
4609,MES,2023-01-02 05:23:00,"{""side"": ""HOLD"", ""confidence"": null}",0.0,FILLED
4610,MES,2023-01-02 05:24:00,"{""side"": ""HOLD"", ""confidence"": null}",0.0,FILLED
4611,MES,2023-01-02 05:25:00,"{""side"": ""HOLD"", ""confidence"": null}",0.0,FILLED
4612,MES,2023-01-02 05:26:00,"{""side"": ""HOLD"", ""confidence"": null}",0.0,FILLED
4613,MES,2023-01-02 05:27:00,"{""side"": ""HOLD"", ""confidence"": null}",0.0,FILLED
4614,MES,2023-01-02 05:28:00,"{""side"": ""HOLD"", ""confidence"": null}",0.0,FILLED
4615,MES,2023-01-02 05:29:00,"{""side"": ""HOLD"", ""confidence"": null}",0.0,FILLED
4616,MES,2023-01-02 05:30:00,"{""side"": ""HOLD"", ""confidence"": null}",0.0,FILLED
4617,MES,2023-01-02 05:31:00,"{""side"": ""HOLD"", ""confidence"": null}",0.0,FILLED
4618,MES,2023-01-02 05:32:00,"{""side"": ""HOLD"", ""confidence"": null}",0.0,FILLED
4619,MES,2023-01-02 05:33:00,"{""side"": ""HOLD"", ""confidence"": null}",0.0,FILLED
4620,MES,2023-01-02 05:34:00,"{""side"": ""HOLD"", ""confidence"": null}",0.0,FILLED
4621,MES,2023-01-02 05:35:00,"{""side"": ""HOLD"", ""confidence"": null}",0.0,FILLED
4622,MES,2023-01-02 05:36:00,"{""side"": ""HOLD"", ""confidence"": null}",0.0,FILLED
4623,MES,2023-01-02 05:37:00,"{""side"": ""HOLD"", ""confidence"": null}",0.0,FILLED
4624,MES,2023-01-02 05:38:00,"{""side"": ""HOLD"", ""confidence"": null}",0.0,FILLED
4625,MES,2023-01-02 05:39:00,"{""side"": ""HOLD"", ""confidence"": null}",0.0,FILLED
4626,MES,2023-01-02 05:40:00,"{""side"": ""HOLD"", ""confidence"": null}",0.0,FILLED
4627,MES,2023-01-02 05:41:00,"{""side"": ""HOLD"", ""confidence"": null}",0.0,FILLED
4628,MES,2023-01-02 05:42:00,"{""side"": ""HOLD"", ""confidence"": null}",0.0,FILLED
4629,MES,2023-01-02 05:43:00,"{""side"": ""HOLD"", ""confidence"": null}",0.0,FILLED
4630,MES,2023-01-02 05:44:00,"{""side"": ""HOLD"", ""confidence"": null}",0.0,FILLED
4631,MES,2023-01-02 05:45:00,"{""side"": ""HOLD"", ""confidence"": null}",0.0,FILLED
4632,MES,2023-01-02 05:46:00,"{""side"": ""HOLD"", ""confidence"": null}",0.0,FILLED
4633,MES,2023-01-02 05:47:00,"{""side"": ""HOLD"", ""confidence"": null}",0.0,FILLED
4634,MES,2023-01-02 05:48:00,"{""side"": ""HOLD"", ""confidence"": null}",0.0,FILLED
4635,MES,2023-01-02 05:49:00,"{""side"": ""HOLD"", ""confidence"": null}",0.0,FILLED
4636,MES,2023-01-02 05:50:00,"{""side"": ""HOLD"", ""confidence"": null}",0.0,FILLED
4637,MES,2023-01-02 05:51:00,"{""side"": ""HOLD"", ""confidence"": null}",0.0,FILLED
4638,MES,2023-01-02 05:52:00,"{""side"": ""HOLD"", ""confidence"": null}",0.0,FILLED
4639,MES,2023-01-02 05:53:00,"{""side"": ""HOLD"", ""confidence"": null}",0.0,FILLED
4640,MES,2023-01-02 05:54:00,"{""side"": ""HOLD"", ""confidence"": null}",0.0,FILLED
4641,MES,2023-01-02 05:55:00,"{""side"": ""HOLD"", ""confidence"": null}",0.0,FILLED
4642,MES,2023-01-02 05:56:00,"{""side"": ""HOLD"", ""confidence"": null}",0.0,FILLED
4643,MES,2023-01-02 05:57:00,"{""side"": ""HOLD"", ""confidence"": null}",0.0,FILLED
4644,MES,2023-01-02 05:58:00,"{""side"": ""HOLD"", ""confidence"": null}",0.0,FILLED
4645,MES,2023-01-02 05:59:00,"{""side"": ""HOLD"", ""confidence"": null}",0.0,FILLED
4646,MES,2023-01-02 06:00:00,"{""side"": ""HOLD"", ""confidence"": null}",0.0,FILLED
4647,MES,2023-01-02 06:01:00,"{""side"": ""HOLD"", ""confidence"": null}",0.0,FILLED
4648,MES,2023-01-02 06:02:00,"{""side"": ""HOLD"", ""confidence"": null}",0.0,FILLED
4649,MES,2023-01-02 06:03:00,"{""side"": ""HOLD"", ""confidence"": null}",0.0,FILLED
4650,MES,2023-01-02 06:04:00,"{""side"": ""HOLD"", ""confidence"": null}",0.0,FILLED
4651,MES,2023-01-02 06:05:00,"{""side"": ""HOLD"", ""confidence"": null}",0.0,FILLED
4652,MES,2023-01-02 06:06:00,"{""side"": ""HOLD"", ""confidence"": null}",0.0,FILLED
4653,MES,2023-01-02 06:07:00,"{""side"": ""HOLD"", ""confidence"": null}",0.0,FILLED
4654,MES,2023-01-02 06:08:00,"{""side"": ""HOLD"", ""confidence"": null}",0.0,FILLED
4655,MES,2023-01-02 06:09:00,"{""side"": ""HOLD"", ""confidence"": null}",0.0,FILLED
4656,MES,2023-01-02 06:10:00,"{""side"": ""HOLD"", ""confidence"": null}",0.0,FILLED
4657,MES,2023-01-02 06:11:00,"{""side"": ""HOLD"", ""confidence"": null}",0.0,FILLED
4658,MES,2023-01-02 06:12:00,"{""side"": ""HOLD"", ""confidence"": null}",0.0,FILLED
4659,MES,2023-01-02 06:13:00,"{""side"": ""HOLD"", ""confidence"": null}",0.0,FILLED
4660,MES,2023-01-02 06:14:00,"{""side"": ""HOLD"", ""confidence"": null}",0.0,FILLED
4661,MES,2023-01-02 06:15:00,"{""side"": ""HOLD"", ""confidence"": null}",0.0,FILLED
4662,MES,2023-01-02 06:16:00,"{""side"": ""HOLD"", ""confidence"": null}",0.0,FILLED
4663,MES,2023-01-02 06:17:00,"{""side"": ""HOLD"", ""confidence"": null}",0.0,FILLED
4664,MES,2023-01-02 06:18:00,"{""side"": ""HOLD"", ""confidence"": null}",0.0,FILLED
4665,MES,2023-01-02 06:19:00,"{""side"": ""HOLD"", ""confidence"": null}",0.0,FILLED
4666,MES,2023-01-02 06:20:00,"{""side"": ""HOLD"", ""confidence"": null}",0.0,FILLED
4667,MES,2023-01-02 06:21:00,"{""side"": ""HOLD"", ""confidence"": null}",0.0,FILLED
4668,MES,2023-01-02 06:22:00,"{""side"": ""HOLD"", ""confidence"": null}",0.0,FILLED
4669,MES,2023-01-02 06:23:00,"{""side"": ""HOLD"", ""confidence"": null}",0.0,FILLED
4670,MES,2023-01-02 06:24:00,"{""side"": ""HOLD"", ""confidence"": null}",0.0,FILLED
4671,MES,2023-01-02 06:25:00,"{""side"": ""HOLD"", ""confidence"": null}",0.0,FILLED
4672,MES,2023-01-02 06:26:00,"{""side"": ""HOLD"", ""confidence"": null}",0.0,FILLED
4673,MES,2023-01-02 06:27:00,"{""side"": ""HOLD"", ""confidence"": null}",0.0,FILLED
4674,MES,2023-01-02 06:28:00,"{""side"": ""HOLD"", ""confidence"": null}",0.0,FILLED
4675,MES,2023-01-02 06:29:00,"{""side"": ""HOLD"", ""confidence"": null}",0.0,FILLED
4676,MES,2023-01-02 06:30:00,"{""side"": ""HOLD"", ""confidence"": null}",0.0,FILLED
4677,MES,2023-01-02 06:31:00,"{""side"": ""HOLD"", ""confidence"": null}",0.0,FILLED
4678,MES,2023-01-02 06:32:00,"{""side"": ""HOLD"", ""confidence"": null}",0.0,FILLED
4679,MES,2023-01-02 06:33:00,"{""side"": ""HOLD"", ""confidence"": null}",0.0,FILLED
4680,MES,2023-01-02 06:34:00,"{""side"": ""HOLD"", ""confidence"": null}",0.0,FILLED
4681,MES,2023-01-02 06:35:00,"{""side"": ""HOLD"", ""confidence"": null}",0.0,FILLED
4682,MES,2023-01-02 06:36:00,"{""side"": ""HOLD"", ""confidence"": null}",0.0,FILLED
4683,MES,2023-01-02 06:37:00,"{""side"": ""HOLD"", ""confidence"": null}",0.0,FILLED
4684,MES,2023-01-02 06:38:00,"{""side"": ""HOLD"", ""confidence"": null}",0.0,FILLED
4685,MES,2023-01-02 06:39:00,"{""side"": ""HOLD"", ""confidence"": null}",0.0,FILLED
4686,MES,2023-01-02 06:40:00,"{""side"": ""HOLD"", ""confidence"": null}",0.0,FILLED
4687,MES,2023-01-02 06:41:00,"{""side"": ""HOLD"", ""confidence"": null}",0.0,FILLED
4688,MES,2023-01-02 06:42:00,"{""side"": ""HOLD"", ""confidence"": null}",0.0,FILLED
4689,MES,2023-01-02 06:43:00,"{""side"": ""HOLD"", ""confidence"": null}",0.0,FILLED
4690,MES,2023-01-02 06:44:00,"{""side"": ""HOLD"", ""confidence"": null}",0.0,FILLED
4691,MES,2023-01-02 06:45:00,"{""side"": ""HOLD"", ""confidence"": null}",0.0,FILLED
4692,MES,2023-01-02 06:46:00,"{""side"": ""HOLD"", ""confidence"": null}",0.0,FILLED
4693,MES,2023-01-02 06:47:00,"{""side"": ""HOLD"", ""confidence"": null}",0.0,FILLED
4694,MES,2023-01-02 06:48:00,"{""side"": ""HOLD"", ""confidence"": null}",0.0,FILLED
4695,MES,2023-01-02 06:49:00,"{""side"": ""HOLD"", ""confidence"": null}",0.0,FILLED
4696,MES,2023-01-02 06:50:00,"{""side"": ""HOLD"", ""confidence"": null}",0.0,FILLED
4697,MES,2023-01-02 06:51:00,"{""side"": ""HOLD"", ""confidence"": null}",0.0,FILLED
4698,MES,2023-01-02 06:52:00,"{""side"": ""HOLD"", ""confidence"": null}",0.0,FILLED
4699,MES,2023-01-02 06:53:00,"{""side"": ""HOLD"", ""confidence"": null}",0.0,FILLED
4700,MES,2023-01-02 06:54:00,"{""side"": ""HOLD"", ""confidence"": null}",0.0,FILLED
4701,MES,2023-01-02 06:55:00,"{""side"": ""HOLD"", ""confidence"": null}",0.0,FILLED
4702,MES,2023-01-02 06:56:00,"{""side"": ""HOLD"", ""confidence"": null}",0.0,FILLED
4703,MES,2023-01-02 06:57:00,"{""side"": ""HOLD"", ""confidence"": null}",0.0,FILLED
4704,MES,2023-01-02 06:58:00,"{""side"": ""HOLD"", ""confidence"": null}",0.0,FILLED
4705,MES,2023-01-02 06:59:00,"{""side"": ""HOLD"", ""confidence"": null}",0.0,FILLED
4706,MES,2023-01-02 07:00:00,"{""side"": ""HOLD"", ""confidence"": null}",0.0,FILLED
4707,MES,2023-01-02 07:01:00,"{""side"": ""HOLD"", ""confidence"": null}",0.0,FILLED
4708,MES,2023-01-02 07:02:00,"{""side"": ""HOLD"", ""confidence"": null}",0.0,FILLED
4709,MES,2023-01-02 07:03:00,"{""side"": ""HOLD"", ""confidence"": null}",0.0,FILLED
4710,MES,2023-01-02 07:04:00,"{""side"": ""HOLD"", ""confidence"": null}",0.0,FILLED
4711,MES,2023-01-02 07:05:00,"{""side"": ""HOLD"", ""confidence"": null}",0.0,FILLED
4712,MES,2023-01-02 07:06:00,"{""side"": ""HOLD"", ""confidence"": null}",0.0,FILLED
4713,MES,2023-01-02 07:07:00,"{""side"": ""HOLD"", ""confidence"": null}",0.0,FILLED
4714,MES,2023-01-02 07:08:00,"{""side"": ""HOLD"", ""confidence"": null}",0.0,FILLED
4715,MES,2023-01-02 07:09:00,"{""side"": ""HOLD"", ""confidence"": null}",0.0,FILLED
4716,MES,2023-01-02 07:10:00,"{""side"": ""HOLD"", ""confidence"": null}",0.0,FILLED
4717,MES,2023-01-02 07:11:00,"{""side"": ""HOLD"", ""confidence"": null}",0.0,FILLED
4718,MES,2023-01-02 07:12:00,"{""side"": ""HOLD"", ""confidence"": null}",0.0,FILLED
4719,MES,2023-01-02 07:13:00,"{""side"": ""HOLD"", ""confidence"": null}",0.0,FILLED
4720,MES,2023-01-02 07:14:00,"{""side"": ""HOLD"", ""confidence"": null}",0.0,FILLED
4721,MES,2023-01-02 07:15:00,"{""side"": ""HOLD"", ""confidence"": null}",0.0,FILLED
4722,MES,2023-01-02 07:16:00,"{""side"": ""HOLD"", ""confidence"": null}",0.0,FILLED
4723,MES,2023-01-02 07:17:00,"{""side"": ""HOLD"", ""confidence"": null}",0.0,FILLED
4724,MES,2023-01-02 07:18:00,"{""side"": ""HOLD"", ""confidence"": null}",0.0,FILLED
4725,MES,2023-01-02 07:19:00,"{""side"": ""HOLD"", ""confidence"": null}",0.0,FILLED
4726,MES,2023-01-02 07:20:00,"{""side"": ""HOLD"", ""confidence"": null}",0.0,FILLED
4727,MES,2023-01-02 07:21:00,"{""side"": ""HOLD"", ""confidence"": null}",0.0,FILLED
4728,MES,2023-01-02 07:22:00,"{""side"": ""HOLD"", ""confidence"": null}",0.0,FILLED
4729,MES,2023-01-02 07:23:00,"{""side"": ""HOLD"", ""confidence"": null}",0.0,FILLED
4730,MES,2023-01-02 07:24:00,"{""side"": ""HOLD"", ""confidence"": null}",0.0,FILLED
4731,MES,2023-01-02 07:25:00,"{""side"": ""HOLD"", ""confidence"": null}",0.0,FILLED
4732,MES,2023-01-02 07:26:00,"{""side"": ""HOLD"", ""confidence"": null}",0.0,FILLED
4733,MES,2023-01-02 07:27:00,"{""side"": ""HOLD"", ""confidence"": null}",0.0,FILLED
4734,MES,2023-01-02 07:28:00,"{""side"": ""HOLD"", ""confidence"": null}",0.0,FILLED
4735,MES,2023-01-02 07:29:00,"{""side"": ""HOLD"", ""confidence"": null}",0.0,FILLED
4736,MES,2023-01-02 07:30:00,"{""side"": ""HOLD"", ""confidence"": null}",0.0,FILLED
4737,MES,2023-01-02 07:31:00,"{""side"": ""HOLD"", ""confidence"": null}",0.0,FILLED
4738,MES,2023-01-02 07:32:00,"{""side"": ""HOLD"", ""confidence"": null}",0.0,FILLED
4739,MES,2023-01-02 07:33:00,"{""side"": ""HOLD"", ""confidence"": null}",0.0,FILLED
4740,MES,2023-01-02 07:34:00,"{""side"": ""HOLD"", ""confidence"": null}",0.0,FILLED
4741,MES,2023-01-02 07:35:00,"{""side"": ""HOLD"", ""confidence"": null}",0.0,FILLED
4742,MES,2023-01-02 07:36:00,"{""side"": ""HOLD"", ""confidence"": null}",0.0,FILLED
4743,MES,2023-01-02 07:37:00,"{""side"": ""HOLD"", ""confidence"": null}",0.0,FILLED
4744,MES,2023-01-02 07:38:00,"{""side"": ""HOLD"", ""confidence"": null}",0.0,FILLED
4745,MES,2023-01-02 07:39:00,"{""side"": ""HOLD"", ""confidence"": null}",0.0,FILLED
4746,MES,2023-01-02 07:40:00,"{""side"": ""HOLD"", ""confidence"": null}",0.0,FILLED
4747,MES,2023-01-02 07:41:00,"{""side"": ""HOLD"", ""confidence"": null}",0.0,FILLED
4748,MES,2023-01-02 07:42:00,"{""side"": ""HOLD"", ""confidence"": null}",0.0,FILLED
4749,MES,2023-01-02 07:43:00,"{""side"": ""HOLD"", ""confidence"": null}",0.0,FILLED
4750,MES,2023-01-02 07:44:00,"{""side"": ""HOLD"", ""confidence"": null}",0.0,FILLED
4751,MES,2023-01-02 07:45:00,"{""side"": ""HOLD"", ""confidence"": null}",0.0,FILLED
4752,MES,2023-01-02 07:46:00,"{""side"": ""HOLD"", ""confidence"": null}",0.0,FILLED
4753,MES,2023-01-02 07:47:00,"{""side"": ""HOLD"", ""confidence"": null}",0.0,FILLED
4754,MES,2023-01-02 07:48:00,"{""side"": ""HOLD"", ""confidence"": null}",0.0,FILLED
4755,MES,2023-01-02 07:49:00,"{""side"": ""HOLD"", ""confidence"": null}",0.0,FILLED
4756,MES,2023-01-02 07:50:00,"{""side"": ""HOLD"", ""confidence"": null}",0.0,FILLED
4757,MES,2023-01-02 07:51:00,"{""side"": ""HOLD"", ""confidence"": null}",0.0,FILLED
4758,MES,2023-01-02 07:52:00,"{""side"": ""HOLD"", ""confidence"": null}",0.0,FILLED
4759,MES,2023-01-02 07:53:00,"{""side"": ""HOLD"", ""confidence"": null}",0.0,FILLED
4760,MES,2023-01-02 07:54:00,"{""side"": ""HOLD"", ""confidence"": null}",0.0,FILLED
4761,MES,2023-01-02 07:55:00,"{""side"": ""HOLD"", ""confidence"": null}",0.0,FILLED
4762,MES,2023-01-02 07:56:00,"{""side"": ""HOLD"", ""confidence"": null}",0.0,FILLED
4763,MES,2023-01-02 07:57:00,"{""side"": ""HOLD"", ""confidence"": null}",0.0,FILLED
4764,MES,2023-01-02 07:58:00,"{""side"": ""HOLD"", ""confidence"": null}",0.0,FILLED
4765,MES,2023-01-02 07:59:00,"{""side"": ""HOLD"", ""confidence"": null}",0.0,FILLED
4766,MES,2023-01-02 08:00:00,"{""side"": ""HOLD"", ""confidence"": null}",0.0,FILLED
4767,MES,2023-01-02 08:01:00,"{""side"": ""HOLD"", ""confidence"": null}",0.0,FILLED
4768,MES,2023-01-02 08:02:00,"{""side"": ""HOLD"", ""confidence"": null}",0.0,FILLED
4769,MES,2023-01-02 08:03:00,"{""side"": ""HOLD"", ""confidence"": null}",0.0,FILLED
4770,MES,2023-01-02 08:04:00,"{""side"": ""HOLD"", ""confidence"": null}",0.0,FILLED
4771,MES,2023-01-02 08:05:00,"{""side"": ""HOLD"", ""confidence"": null}",0.0,FILLED
4772,MES,2023-01-02 08:06:00,"{""side"": ""HOLD"", ""confidence"": null}",0.0,FILLED
4773,MES,2023-01-02 08:07:00,"{""side"": ""HOLD"", ""confidence"": null}",0.0,FILLED
4774,MES,2023-01-02 08:08:00,"{""side"": ""HOLD"", ""confidence"": null}",0.0,FILLED
4775,MES,2023-01-02 08:09:00,"{""side"": ""HOLD"", ""confidence"": null}",0.0,FILLED
4776,MES,2023-01-02 08:10:00,"{""side"": ""HOLD"", ""confidence"": null}",0.0,FILLED
4777,MES,2023-01-02 08:11:00,"{""side"": ""HOLD"", ""confidence"": null}",0.0,FILLED
4778,MES,2023-01-02 08:12:00,"{""side"": ""HOLD"", ""confidence"": null}",0.0,FILLED
4779,MES,2023-01-02 08:13:00,"{""side"": ""HOLD"", ""confidence"": null}",0.0,FILLED
4780,MES,2023-01-02 08:14:00,"{""side"": ""HOLD"", ""confidence"": null}",0.0,FILLED
4781,MES,2023-01-02 08:15:00,"{""side"": ""HOLD"", ""confidence"": null}",0.0,FILLED
4782,MES,2023-01-02 08:16:00,"{""side"": ""HOLD"", ""confidence"": null}",0.0,FILLED
4783,MES,2023-01-02 08:17:00,"{""side"": ""HOLD"", ""confidence"": null}",0.0,FILLED
4784,MES,2023-01-02 08:18:00,"{""side"": ""HOLD"", ""confidence"": null}",0.0,FILLED
4785,MES,2023-01-02 08:19:00,"{""side"": ""HOLD"", ""confidence"": null}",0.0,FILLED
4786,MES,2023-01-02 08:20:00,"{""side"": ""HOLD"", ""confidence"": null}",0.0,FILLED
4787,MES,2023-01-02 08:21:00,"{""side"": ""HOLD"", ""confidence"": null}",0.0,FILLED
4788,MES,2023-01-02 08:22:00,"{""side"": ""HOLD"", ""confidence"": null}",0.0,FILLED
4789,MES,2023-01-02 08:23:00,"{""side"": ""HOLD"", ""confidence"": null}",0.0,FILLED
4790,MES,2023-01-02 08:24:00,"{""side"": ""HOLD"", ""confidence"": null}",0.0,FILLED
4791,MES,2023-01-02 08:25:00,"{""side"": ""HOLD"", ""confidence"": null}",0.0,FILLED
4792,MES,2023-01-02 08:26:00,"{""side"": ""HOLD"", ""confidence"": null}",0.0,FILLED
4793,MES,2023-01-02 08:27:00,"{""side"": ""HOLD"", ""confidence"": null}",0.0,FILLED
4794,MES,2023-01-02 08:28:00,"{""side"": ""HOLD"", ""confidence"": null}",0.0,FILLED
4795,MES,2023-01-02 08:29:00,"{""side"": ""HOLD"", ""confidence"": null}",0.0,FILLED
4796,MES,2023-01-02 08:30:00,"{""side"": ""HOLD"", ""confidence"": null}",0.0,FILLED
4797,MES,2023-01-02 08:31:00,"{""side"": ""HOLD"", ""confidence"": null}",0.0,FILLED
4798,MES,2023-01-02 08:32:00,"{""side"": ""HOLD"", ""confidence"": null}",0.0,FILLED
4799,MES,2023-01-02 08:33:00,"{""side"": ""HOLD"", ""confidence"": null}",0.0,FILLED
4800,MES,2023-01-02 08:34:00,"{""side"": ""HOLD"", ""confidence"": null}",0.0,FILLED
4801,MES,2023-01-02 08:35:00,"{""side"": ""HOLD"", ""confidence"": null}",0.0,FILLED
4802,MES,2023-01-02 08:36:00,"{""side"": ""HOLD"", ""confidence"": null}",0.0,FILLED
4803,MES,2023-01-02 08:37:00,"{""side"": ""HOLD"", ""confidence"": null}",0.0,FILLED
4804,MES,2023-01-02 08:38:00,"{""side"": ""HOLD"", ""confidence"": null}",0.0,FILLED
4805,MES,2023-01-02 08:39:00,"{""side"": ""HOLD"", ""confidence"": null}",0.0,FILLED
4806,MES,2023-01-02 08:40:00,"{""side"": ""HOLD"", ""confidence"": null}",0.0,FILLED
4807,MES,2023-01-02 08:41:00,"{""side"": ""HOLD"", ""confidence"": null}",0.0,FILLED
4808,MES,2023-01-02 08:42:00,"{""side"": ""HOLD"", ""confidence"": null}",0.0,FILLED
4809,MES,2023-01-02 08:43:00,"{""side"": ""HOLD"", ""confidence"": null}",0.0,FILLED
4810,MES,2023-01-02 08:44:00,"{""side"": ""HOLD"", ""confidence"": null}",0.0,FILLED
4811,MES,2023-01-02 08:45:00,"{""side"": ""HOLD"", ""confidence"": null}",0.0,FILLED
4812,MES,2023-01-02 08:46:00,"{""side"": ""HOLD"", ""confidence"": null}",0.0,FILLED
4813,MES,2023-01-02 08:47:00,"{""side"": ""HOLD"", ""confidence"": null}",0.0,FILLED
4814,MES,2023-01-02 08:48:00,"{""side"": ""HOLD"", ""confidence"": null}",0.0,FILLED
4815,MES,2023-01-02 08:49:00,"{""side"": ""HOLD"", ""confidence"": null}",0.0,FILLED
4816,MES,2023-01-02 08:50:00,"{""side"": ""HOLD"", ""confidence"": null}",0.0,FILLED
4817,MES,2023-01-02 08:51:00,"{""side"": ""HOLD"", ""confidence"": null}",0.0,FILLED
4818,MES,2023-01-02 08:52:00,"{""side"": ""HOLD"", ""confidence"": null}",0.0,FILLED
4819,MES,2023-01-02 08:53:00,"{""side"": ""HOLD"", ""confidence"": null}",0.0,FILLED
4820,MES,2023-01-02 08:54:00,"{""side"": ""HOLD"", ""confidence"": null}",0.0,FILLED
4821,MES,2023-01-02 08:55:00,"{""side"": ""HOLD"", ""confidence"": null}",0.0,FILLED
4822,MES,2023-01-02 08:56:00,"{""side"": ""HOLD"", ""confidence"": null}",0.0,FILLED
4823,MES,2023-01-02 08:57:00,"{""side"": ""HOLD"", ""confidence"": null}",0.0,FILLED
4824,MES,2023-01-02 08:58:00,"{""side"": ""HOLD"", ""confidence"": null}",0.0,FILLED
4825,MES,2023-01-02 08:59:00,"{""side"": ""HOLD"", ""confidence"": null}",0.0,FILLED
4826,MES,2023-01-02 09:00:00,"{""side"": ""HOLD"", ""confidence"": null}",0.0,FILLED
4827,MES,2023-01-02 09:01:00,"{""side"": ""HOLD"", ""confidence"": null}",0.0,FILLED
4828,MES,2023-01-02 09:02:00,"{""side"": ""HOLD"", ""confidence"": null}",0.0,FILLED
4829,MES,2023-01-02 09:03:00,"{""side"": ""HOLD"", ""confidence"": null}",0.0,FILLED
4830,MES,2023-01-02 09:04:00,"{""side"": ""HOLD"", ""confidence"": null}",0.0,FILLED
4831,MES,2023-01-02 09:05:00,"{""side"": ""HOLD"", ""confidence"": null}",0.0,FILLED
4832,MES,2023-01-02 09:06:00,"{""side"": ""HOLD"", ""confidence"": null}",0.0,FILLED
4833,MES,2023-01-02 09:07:00,"{""side"": ""HOLD"", ""confidence"": null}",0.0,FILLED
4834,MES,2023-01-02 09:08:00,"{""side"": ""HOLD"", ""confidence"": null}",0.0,FILLED
4835,MES,2023-01-02 09:09:00,"{""side"": ""HOLD"", ""confidence"": null}",0.0,FILLED
4836,MES,2023-01-02 09:10:00,"{""side"": ""HOLD"", ""confidence"": null}",0.0,FILLED
4837,MES,2023-01-02 09:11:00,"{""side"": ""HOLD"", ""confidence"": null}",0.0,FILLED
4838,MES,2023-01-02 09:12:00,"{""side"": ""HOLD"", ""confidence"": null}",0.0,FILLED
4839,MES,2023-01-02 09:13:00,"{""side"": ""HOLD"", ""confidence"": null}",0.0,FILLED
4840,MES,2023-01-02 09:14:00,"{""side"": ""HOLD"", ""confidence"": null}",0.0,FILLED
4841,MES,2023-01-02 09:15:00,"{""side"": ""HOLD"", ""confidence"": null}",0.0,FILLED
4842,MES,2023-01-02 09:16:00,"{""side"": ""HOLD"", ""confidence"": null}",0.0,FILLED
4843,MES,2023-01-02 09:17:00,"{""side"": ""HOLD"", ""confidence"": null}",0.0,FILLED
4844,MES,2023-01-02 09:18:00,"{""side"": ""HOLD"", ""confidence"": null}",0.0,FILLED
4845,MES,2023-01-02 09:19:00,"{""side"": ""HOLD"", ""confidence"": null}",0.0,FILLED
4846,MES,2023-01-02 09:20:00,"{""side"": ""HOLD"", ""confidence"": null}",0.0,FILLED
4847,MES,2023-01-02 09:21:00,"{""side"": ""HOLD"", ""confidence"": null}",0.0,FILLED
4848,MES,2023-01-02 09:22:00,"{""side"": ""HOLD"", ""confidence"": null}",0.0,FILLED
4849,MES,2023-01-02 09:23:00,"{""side"": ""HOLD"", ""confidence"": null}",0.0,FILLED
4850,MES,2023-01-02 09:24:00,"{""side"": ""HOLD"", ""confidence"": null}",0.0,FILLED
4851,MES,2023-01-02 09:25:00,"{""side"": ""HOLD"", ""confidence"": null}",0.0,FILLED
4852,MES,2023-01-02 09:26:00,"{""side"": ""HOLD"", ""confidence"": null}",0.0,FILLED
4853,MES,2023-01-02 09:27:00,"{""side"": ""HOLD"", ""confidence"": null}",0.0,FILLED
4854,MES,2023-01-02 09:28:00,"{""side"": ""HOLD"", ""confidence"": null}",0.0,FILLED
4855,MES,2023-01-02 09:29:00,"{""side"": ""HOLD"", ""confidence"": null}",0.0,FILLED
