timestamp,open,high,low,close,volume
2023-01-01 09:30:00+00:00,5750.0,5758.386270663248,5731.685427603407,5752.285339137897,135
2023-01-01 09:31:00+00:00,5752.285339137897,5762.448161536703,5732.133068737482,5751.64910575585,160
2023-01-01 09:32:00+00:00,5751.64910575585,5756.296839128863,5749.04244436181,5754.630099752191,170
2023-01-01 09:33:00+00:00,5754.630099752191,5773.6009702576375,5754.630099752191,5761.645951788693,140
2023-01-01 09:34:00+00:00,5761.645951788693,5764.250652405494,5735.243269657625,5760.566765795007,122
2023-01-01 09:35:00+00:00,5760.566765795007,5765.4902289779975,5754.882753774217,5759.4878575848,129
2023-01-01 09:36:00+00:00,5759.4878575848,5771.646277839517,5759.4878575848,5766.768821521357,123
2023-01-01 09:37:00+00:00,5766.768821521357,5775.7240073545,5757.492579637916,5770.310403518226,148
2023-01-01 09:38:00+00:00,5770.310403518226,5779.571751418265,5764.590222341892,5768.143600100501,124
2023-01-01 09:39:00+00:00,5768.143600100501,5770.844196169891,5767.11164366163,5770.6477949260725,131
2023-01-01 09:40:00+00:00,5770.6477949260725,5771.359224746233,5767.20506632477,5768.508815217261,168
2023-01-01 09:41:00+00:00,5768.508815217261,5782.064897171963,5746.7029814098505,5766.359962604775,161
2023-01-01 09:42:00+00:00,5766.359962604775,5769.697925083631,5760.3872768663105,5767.476263886582,125
2023-01-01 09:43:00+00:00,5767.476263886582,5782.6266912731435,5756.670547052623,5758.655177774896,158
2023-01-01 09:44:00+00:00,5758.655177774896,5758.655177774896,5746.037440310568,5750.714092516905,162
2023-01-01 09:45:00+00:00,5750.714092516905,5764.321573464731,5712.018204428348,5748.127830394928,142
2023-01-01 09:46:00+00:00,5748.127830394928,5750.395085257495,5724.320138989269,5743.472210592062,160
2023-01-01 09:47:00+00:00,5743.472210592062,5748.419845583411,5729.063108158938,5744.916288761153,149
2023-01-01 09:48:00+00:00,5744.916288761153,5752.591212130541,5738.104325840113,5740.7445863054645,160
2023-01-01 09:49:00+00:00,5740.7445863054645,5740.7445863054645,5731.625918424441,5734.262109223486,123
2023-01-01 09:50:00+00:00,5734.262109223486,5742.261382838552,5734.262109223486,5740.989583859554,179
2023-01-01 09:51:00+00:00,5740.989583859554,5751.196596403096,5736.0565795865305,5739.952733989324,133
2023-01-01 09:52:00+00:00,5739.952733989324,5742.182586822638,5735.0292440847825,5740.262829327816,144
2023-01-01 09:53:00+00:00,5740.262829327816,5741.52645238391,5730.700914038422,5733.723813372612,166
2023-01-01 09:54:00+00:00,5733.723813372612,5736.550663821962,5717.3148572278615,5731.227284885903,153
2023-01-01 09:55:00+00:00,5731.227284885903,5737.133607049099,5724.8524910307715,5731.735885509813,152
2023-01-01 09:56:00+00:00,5731.735885509813,5741.760789332211,5722.647248321817,5726.460561674721,161
2023-01-01 09:57:00+00:00,5726.460561674721,5731.799156796951,5717.82476778416,5728.181956259701,140
2023-01-01 09:58:00+00:00,5728.181956259701,5736.3852752095345,5721.3077357756665,5725.43016328132,112
2023-01-01 09:59:00+00:00,5725.43016328132,5728.16617753309,5712.580596413518,5724.094261402269,137
2023-01-01 10:00:00+00:00,5724.094261402269,5732.293680246161,5716.439010090831,5721.3395441752,121
2023-01-01 10:01:00+00:00,5721.3395441752,5735.4141564657675,5721.3395441752,5729.823838671235,166
2023-01-01 10:02:00+00:00,5729.823838671235,5730.99058797302,5723.060840877122,5729.761969629212,162
2023-01-01 10:03:00+00:00,5729.761969629212,5729.761969629212,5717.9732129392205,5724.915674825493,136
2023-01-01 10:04:00+00:00,5724.915674825493,5735.878409978992,5722.400823112366,5728.684114782394,132
2023-01-01 10:05:00+00:00,5728.684114782394,5729.028053551662,5706.164171230849,5723.091784072132,160
2023-01-01 10:06:00+00:00,5723.091784072132,5725.1558412289605,5722.440242027558,5724.048140388765,145
2023-01-01 10:07:00+00:00,5724.048140388765,5724.048140388765,5708.967107491642,5715.081374084224,152
2023-01-01 10:08:00+00:00,5715.081374084224,5717.118771708637,5708.116256031188,5709.012046054475,151
2023-01-01 10:09:00+00:00,5709.012046054475,5713.907780285516,5698.072322861327,5709.911223391464,130
2023-01-01 10:10:00+00:00,5709.911223391464,5719.888956374714,5706.714451463433,5713.2854828950485,113
2023-01-01 10:11:00+00:00,5713.2854828950485,5717.477428167999,5707.257578739003,5714.068797318441,169
2023-01-01 10:12:00+00:00,5714.068797318441,5729.327487700766,5711.760306665657,5713.540163979546,155
2023-01-01 10:13:00+00:00,5713.540163979546,5715.816495197222,5711.577389847726,5712.164035282558,178
2023-01-01 10:14:00+00:00,5712.164035282558,5712.164035282558,5704.57400431959,5705.411581419423,176
2023-01-01 10:15:00+00:00,5705.411581419423,5710.63532336328,5699.825630492743,5702.126921300909,165
2023-01-01 10:16:00+00:00,5702.126921300909,5712.961566354549,5698.965998128715,5700.026011839317,144
2023-01-01 10:17:00+00:00,5700.026011839317,5720.92078626343,5700.026011839317,5704.848550106561,136
2023-01-01 10:18:00+00:00,5704.848550106561,5720.346647718759,5692.0083583830265,5706.4169979164535,171
2023-01-01 10:19:00+00:00,5706.4169979164535,5709.885639943974,5689.389419706677,5698.374157341669,165
2023-01-01 10:20:00+00:00,5698.374157341669,5704.884565641877,5691.925266531415,5699.851750251868,126
2023-01-01 10:21:00+00:00,5699.851750251868,5721.419075727165,5693.942958378843,5698.096091167017,164
2023-01-01 10:22:00+00:00,5698.096091167017,5700.152627477532,5686.908414900927,5695.01119325334,134
2023-01-01 10:23:00+00:00,5695.01119325334,5699.481135736456,5689.089701449989,5697.79867786229,129
2023-01-01 10:24:00+00:00,5697.79867786229,5716.570370257162,5694.507107501034,5702.500158658463,120
2023-01-01 10:25:00+00:00,5702.500158658463,5725.067475409591,5693.303579714986,5706.750241690622,166
2023-01-01 10:26:00+00:00,5706.750241690622,5721.730708202707,5697.40903843461,5702.920163699127,152
2023-01-01 10:27:00+00:00,5702.920163699127,5712.532826053152,5699.415569194187,5701.5096073764225,139
2023-01-01 10:28:00+00:00,5701.5096073764225,5712.365168679368,5688.060749347276,5703.020768913977,150
2023-01-01 10:29:00+00:00,5703.020768913977,5712.884280296321,5703.020768913977,5707.473349462075,163
2023-01-01 10:30:00+00:00,5707.473349462075,5712.39110532734,5696.1887179656915,5705.285869408697,108
2023-01-01 10:31:00+00:00,5705.285869408697,5709.469270377646,5700.180791553213,5704.438542306936,147
2023-01-01 10:32:00+00:00,5704.438542306936,5706.853137848032,5693.551407394899,5699.391960027423,124
2023-01-01 10:33:00+00:00,5699.391960027423,5699.391960027423,5692.204907219144,5693.940448564453,162
2023-01-01 10:34:00+00:00,5693.940448564453,5699.194272574089,5693.940448564453,5697.64283066302,136
2023-01-01 10:35:00+00:00,5697.64283066302,5707.9642983519625,5693.354107544144,5703.828082551077,145
2023-01-01 10:36:00+00:00,5703.828082551077,5709.854458071907,5702.721918046426,5703.499505332565,162
2023-01-01 10:37:00+00:00,5703.499505332565,5716.804997462914,5680.762432651554,5708.080263372453,154
2023-01-01 10:38:00+00:00,5708.080263372453,5710.53954763335,5708.024497113106,5709.7319002431705,162
2023-01-01 10:39:00+00:00,5709.7319002431705,5720.277008360121,5691.8982731191445,5706.78589184597,153
2023-01-01 10:40:00+00:00,5706.78589184597,5718.863671140296,5697.421108122613,5708.436056253653,129
2023-01-01 10:41:00+00:00,5708.436056253653,5717.235171833137,5708.355015663895,5715.464205900902,170
2023-01-01 10:42:00+00:00,5715.464205900902,5721.855366124121,5711.032934534443,5715.300398293007,158
2023-01-01 10:43:00+00:00,5715.300398293007,5739.548690544287,5708.532571545971,5722.458804307595,121
2023-01-01 10:44:00+00:00,5722.458804307595,5722.458804307595,5701.808228882041,5710.478256336839,155
2023-01-01 10:45:00+00:00,5710.478256336839,5715.347366184628,5698.258507902332,5714.234256131825,172
2023-01-01 10:46:00+00:00,5714.234256131825,5728.470289666109,5706.108784777507,5714.632195858836,131
2023-01-01 10:47:00+00:00,5714.632195858836,5719.031777014083,5711.1029806996075,5713.265385714449,149
2023-01-01 10:48:00+00:00,5713.265385714449,5723.047813154873,5703.3030831184,5713.684804043399,134
2023-01-01 10:49:00+00:00,5713.684804043399,5721.529940198889,5694.509397803212,5704.606949257326,150
2023-01-01 10:50:00+00:00,5704.606949257326,5714.747393214891,5696.080199596681,5703.604523919441,131
2023-01-01 10:51:00+00:00,5703.604523919441,5710.54782578441,5699.678784741293,5705.234219805051,137
2023-01-01 10:52:00+00:00,5705.234219805051,5714.0534718360195,5705.234219805051,5711.983594304817,172
2023-01-01 10:53:00+00:00,5711.983594304817,5718.380651500368,5699.96374326877,5709.6158044133745,151
2023-01-01 10:54:00+00:00,5709.6158044133745,5709.6158044133745,5694.757937627617,5705.924048164324,137
2023-01-01 10:55:00+00:00,5705.924048164324,5713.569835762257,5701.271860462346,5703.634117725503,156
2023-01-01 10:56:00+00:00,5703.634117725503,5725.023527081436,5703.634117725503,5707.812542514294,162
2023-01-01 10:57:00+00:00,5707.812542514294,5723.4112784629815,5704.103795726076,5709.313899700442,157
2023-01-01 10:58:00+00:00,5709.313899700442,5711.35845805128,5690.270772233428,5706.894758526639,138
2023-01-01 10:59:00+00:00,5706.894758526639,5719.466031128144,5706.7716552548645,5709.238570273608,138
2023-01-01 11:00:00+00:00,5709.238570273608,5710.969043666654,5692.212590167984,5709.68197860262,143
2023-01-01 11:01:00+00:00,5709.68197860262,5730.27630349629,5709.68197860262,5714.108217239565,183
2023-01-01 11:02:00+00:00,5714.108217239565,5714.108217239565,5698.39693622281,5710.8998324243685,113
2023-01-01 11:03:00+00:00,5710.8998324243685,5710.8998324243685,5691.249176667537,5709.40303205239,144
2023-01-01 11:04:00+00:00,5709.40303205239,5711.868279250645,5699.28962193509,5707.612350140757,140
2023-01-01 11:05:00+00:00,5707.612350140757,5715.4797942025925,5699.96908725229,5700.933719819743,123
2023-01-01 11:06:00+00:00,5700.933719819743,5706.970319666796,5690.754785640384,5702.284409458174,153
2023-01-01 11:07:00+00:00,5702.284409458174,5708.336616783705,5695.752315144792,5703.475422948832,167
2023-01-01 11:08:00+00:00,5703.475422948832,5714.174945320673,5698.539180240971,5703.498754575983,136
2023-01-01 11:09:00+00:00,5703.498754575983,5728.634672829834,5700.605433536763,5702.428481069646,158
2023-01-01 11:10:00+00:00,5702.428481069646,5702.428481069646,5693.56913189789,5695.975294874894,161
2023-01-01 11:11:00+00:00,5695.975294874894,5710.204916822966,5682.467059971279,5694.05882906083,151
2023-01-01 11:12:00+00:00,5694.05882906083,5707.628637085422,5685.826358154113,5692.4978937577425,176
2023-01-01 11:13:00+00:00,5692.4978937577425,5693.006056614293,5686.217489750532,5688.845496644991,155
2023-01-01 11:14:00+00:00,5688.845496644991,5693.592239375605,5673.050425536808,5688.1115204023745,167
2023-01-01 11:15:00+00:00,5688.1115204023745,5694.218130321416,5681.21026130641,5689.950446661035,167
2023-01-01 11:16:00+00:00,5689.950446661035,5707.645718571816,5689.950446661035,5698.542771168095,122
2023-01-01 11:17:00+00:00,5698.542771168095,5702.090720859367,5698.487240796256,5699.338698053926,137
2023-01-01 11:18:00+00:00,5699.338698053926,5707.500393640509,5690.2047267211765,5700.513112564974,140
2023-01-01 11:19:00+00:00,5700.513112564974,5711.363590571029,5678.178457518547,5700.1736187394445,160
2023-01-01 11:20:00+00:00,5700.1736187394445,5700.1736187394445,5677.621745526148,5691.4304676494,131
2023-01-01 11:21:00+00:00,5691.4304676494,5693.164420066354,5685.826800441345,5691.309747426872,111
2023-01-01 11:22:00+00:00,5691.309747426872,5699.579363666426,5690.92797890489,5691.583985058516,167
2023-01-01 11:23:00+00:00,5691.583985058516,5710.355710297689,5691.583985058516,5702.810842699875,143
2023-01-01 11:24:00+00:00,5702.810842699875,5703.999499727157,5693.248870742656,5701.933311666161,131
2023-01-01 11:25:00+00:00,5701.933311666161,5706.661318264596,5701.933311666161,5703.308999862574,143
2023-01-01 11:26:00+00:00,5703.308999862574,5711.487121673353,5700.798622006279,5703.150624502731,178
2023-01-01 11:27:00+00:00,5703.150624502731,5705.143190659082,5686.500471661467,5697.820998833471,126
2023-01-01 11:28:00+00:00,5697.820998833471,5716.653223395027,5697.820998833471,5703.032660737291,143
2023-01-01 11:29:00+00:00,5703.032660737291,5708.9397831579245,5703.032660737291,5706.464331703792,125
2023-01-01 11:30:00+00:00,5706.464331703792,5710.271885268773,5692.646707159871,5710.076671046401,148
2023-01-01 11:31:00+00:00,5710.076671046401,5712.745697033572,5698.069177663547,5705.924044095846,161
2023-01-01 11:32:00+00:00,5705.924044095846,5734.487929301966,5705.924044095846,5712.331028726215,167
2023-01-01 11:33:00+00:00,5712.331028726215,5713.999229282621,5688.694732948007,5705.92834977928,164
2023-01-01 11:34:00+00:00,5705.92834977928,5715.3379948870515,5703.524400702418,5708.607830341961,148
2023-01-01 11:35:00+00:00,5708.607830341961,5721.194250821693,5706.400783193714,5718.6201621172195,129
2023-01-01 11:36:00+00:00,5718.6201621172195,5718.6201621172195,5709.646747890269,5714.090356328968,121
2023-01-01 11:37:00+00:00,5714.090356328968,5716.217102311667,5697.362353192423,5711.502241514224,148
2023-01-01 11:38:00+00:00,5711.502241514224,5726.237899919648,5702.06273025319,5711.9575868603515,156
2023-01-01 11:39:00+00:00,5711.9575868603515,5714.490520105776,5705.353448307958,5709.657384863868,138
2023-01-01 11:40:00+00:00,5709.657384863868,5709.825741903032,5701.724422474959,5702.578770862301,178
2023-01-01 11:41:00+00:00,5702.578770862301,5714.336490572885,5690.7941688168685,5702.8915680524215,133
2023-01-01 11:42:00+00:00,5702.8915680524215,5702.8915680524215,5686.312154814499,5698.047064564236,160
2023-01-01 11:43:00+00:00,5698.047064564236,5712.5787890192105,5687.4641361047825,5700.206315147645,131
2023-01-01 11:44:00+00:00,5700.206315147645,5700.265998045877,5690.696425517491,5696.015130466286,140
2023-01-01 11:45:00+00:00,5696.015130466286,5703.407496949489,5693.607134835117,5703.082270860212,166
2023-01-01 11:46:00+00:00,5703.082270860212,5714.238559299882,5685.654579244526,5699.509823857357,191
2023-01-01 11:47:00+00:00,5699.509823857357,5708.660311954033,5672.221154408536,5698.041538796325,143
2023-01-01 11:48:00+00:00,5698.041538796325,5708.452643044088,5697.635276868452,5701.751109702989,119
2023-01-01 11:49:00+00:00,5701.751109702989,5703.5239048067,5691.110939447411,5696.13940746834,142
2023-01-01 11:50:00+00:00,5696.13940746834,5699.004301410196,5686.2350526512255,5697.176016577991,164
2023-01-01 11:51:00+00:00,5697.176016577991,5713.618087935727,5697.176016577991,5703.136750526839,177
2023-01-01 11:52:00+00:00,5703.136750526839,5705.064787493852,5692.05785627116,5695.807306951297,146
2023-01-01 11:53:00+00:00,5695.807306951297,5697.210869688963,5686.131292840799,5696.648680192593,116
2023-01-01 11:54:00+00:00,5696.648680192593,5701.742491909967,5680.787610053783,5697.833172101441,154
2023-01-01 11:55:00+00:00,5697.833172101441,5707.720717384855,5697.833172101441,5701.3980438593535,154
2023-01-01 11:56:00+00:00,5701.3980438593535,5701.3980438593535,5694.023582016177,5695.758955738461,135
2023-01-01 11:57:00+00:00,5695.758955738461,5695.758955738461,5685.6558263315355,5689.745330526443,111
2023-01-01 11:58:00+00:00,5689.745330526443,5699.658788940854,5687.478587566894,5692.1215982697,152
2023-01-01 11:59:00+00:00,5692.1215982697,5694.258869987298,5692.1215982697,5693.474137234968,144
2023-01-01 12:00:00+00:00,5693.474137234968,5704.3838617810925,5671.943084417567,5694.615191213499,154
2023-01-01 12:01:00+00:00,5694.615191213499,5722.818646595471,5690.194504586912,5696.193721344386,148
2023-01-01 12:02:00+00:00,5696.193721344386,5697.072324873262,5688.964732449516,5693.095722067699,170
2023-01-01 12:03:00+00:00,5693.095722067699,5702.389044516247,5685.204281367371,5694.153614368208,136
2023-01-01 12:04:00+00:00,5694.153614368208,5717.021699027339,5694.153614368208,5695.488810632285,129
2023-01-01 12:05:00+00:00,5695.488810632285,5701.431075027865,5688.164950920583,5692.234876095362,150
2023-01-01 12:06:00+00:00,5692.234876095362,5706.384979072259,5692.234876095362,5700.73756154889,139
2023-01-01 12:07:00+00:00,5700.73756154889,5721.672830814543,5700.73756154889,5702.898928877919,149
2023-01-01 12:08:00+00:00,5702.898928877919,5702.898928877919,5688.690192923518,5697.466411249478,125
2023-01-01 12:09:00+00:00,5697.466411249478,5707.099673345909,5697.466411249478,5700.459751001768,144
2023-01-01 12:10:00+00:00,5700.459751001768,5700.459751001768,5690.455294326559,5696.0165765942165,164
2023-01-01 12:11:00+00:00,5696.0165765942165,5712.142306062358,5696.0165765942165,5699.604303573624,148
2023-01-01 12:12:00+00:00,5699.604303573624,5710.785828578743,5699.535827867249,5704.889581673748,166
2023-01-01 12:13:00+00:00,5704.889581673748,5708.435384942188,5699.100024876397,5701.145289351785,158
2023-01-01 12:14:00+00:00,5701.145289351785,5709.947761420294,5699.017284218543,5705.540860794545,159
2023-01-01 12:15:00+00:00,5705.540860794545,5716.130965557296,5688.705463984776,5707.425282674939,144
2023-01-01 12:16:00+00:00,5707.425282674939,5712.300942339568,5700.588505752614,5711.179994732116,124
2023-01-01 12:17:00+00:00,5711.179994732116,5734.721589175122,5711.179994732116,5719.852914270435,173
2023-01-01 12:18:00+00:00,5719.852914270435,5721.686322425972,5714.836937953586,5718.730157334167,162
2023-01-01 12:19:00+00:00,5718.730157334167,5718.730157334167,5704.334698064785,5715.282865790913,176
2023-01-01 12:20:00+00:00,5715.282865790913,5715.282865790913,5698.682968896407,5711.217251268782,143
2023-01-01 12:21:00+00:00,5711.217251268782,5721.766087615223,5701.012446454557,5707.491051531269,143
2023-01-01 12:22:00+00:00,5707.491051531269,5715.203064959213,5704.504156502506,5707.1390165351495,152
2023-01-01 12:23:00+00:00,5707.1390165351495,5709.407788838651,5701.538092515738,5708.6968305028395,137
2023-01-01 12:24:00+00:00,5708.6968305028395,5711.609458593666,5694.110334277322,5709.960605478975,147
2023-01-01 12:25:00+00:00,5709.960605478975,5742.931743341889,5705.90780566168,5713.740402987521,171
2023-01-01 12:26:00+00:00,5713.740402987521,5716.531057754128,5708.720981889553,5713.799834844562,158
2023-01-01 12:27:00+00:00,5713.799834844562,5727.328791972591,5713.799834844562,5720.447861564813,125
2023-01-01 12:28:00+00:00,5720.447861564813,5723.138329384284,5708.236220737908,5719.236825280353,182
2023-01-01 12:29:00+00:00,5719.236825280353,5742.228277423103,5719.236825280353,5731.696210352385,170
2023-01-01 12:30:00+00:00,5731.696210352385,5735.605127200459,5731.6531059952595,5734.565836597951,139
2023-01-01 12:31:00+00:00,5734.565836597951,5743.82243682776,5727.5828411023695,5730.634843392513,110
2023-01-01 12:32:00+00:00,5730.634843392513,5734.148637648202,5724.87189840742,5725.727430726897,107
2023-01-01 12:33:00+00:00,5725.727430726897,5734.0612022097,5723.086691404959,5727.937861722269,148
2023-01-01 12:34:00+00:00,5727.937861722269,5744.079112809615,5713.036782617196,5726.913968486806,144
2023-01-01 12:35:00+00:00,5726.913968486806,5740.088320740475,5726.913968486806,5730.186118447013,144
2023-01-01 12:36:00+00:00,5730.186118447013,5736.458654194998,5716.260079313174,5732.355920887604,158
2023-01-01 12:37:00+00:00,5732.355920887604,5743.770447855035,5731.853179935599,5732.021945617977,152
2023-01-01 12:38:00+00:00,5732.021945617977,5732.021945617977,5726.0756373363265,5728.140188445159,157
2023-01-01 12:39:00+00:00,5728.140188445159,5729.008812773249,5714.861455692835,5721.202587242941,147
2023-01-01 12:40:00+00:00,5721.202587242941,5723.5948929110755,5707.544064972039,5719.159270214104,120
2023-01-01 12:41:00+00:00,5719.159270214104,5730.82894314256,5707.489116461059,5723.078917656167,170
2023-01-01 12:42:00+00:00,5723.078917656167,5729.953169683228,5722.206194698483,5724.059221919321,132
2023-01-01 12:43:00+00:00,5724.059221919321,5727.781012183739,5703.427051623246,5718.357517489443,115
2023-01-01 12:44:00+00:00,5718.357517489443,5722.213229181246,5712.442099892374,5719.149820732281,149
2023-01-01 12:45:00+00:00,5719.149820732281,5724.607823149781,5704.271484072491,5720.913042736914,149
2023-01-01 12:46:00+00:00,5720.913042736914,5725.6057928315695,5709.778955087428,5716.869295316137,132
2023-01-01 12:47:00+00:00,5716.869295316137,5721.447532941151,5712.513124850439,5717.572399619644,129
2023-01-01 12:48:00+00:00,5717.572399619644,5736.707751407678,5715.697673354143,5717.838655868573,153
2023-01-01 12:49:00+00:00,5717.838655868573,5722.370233122397,5710.3411932159515,5712.612789635476,128
2023-01-01 12:50:00+00:00,5712.612789635476,5714.469577765095,5703.2719269061845,5714.248144188543,130
2023-01-01 12:51:00+00:00,5714.248144188543,5729.729728591141,5714.248144188543,5716.812288869872,127
2023-01-01 12:52:00+00:00,5716.812288869872,5722.496819143625,5703.759530397795,5721.7677158775805,178
2023-01-01 12:53:00+00:00,5721.7677158775805,5730.73831715844,5716.357161925064,5726.593438182404,128
2023-01-01 12:54:00+00:00,5726.593438182404,5730.00894382627,5718.584487870572,5720.285433069078,159
2023-01-01 12:55:00+00:00,5720.285433069078,5720.285433069078,5713.1602166912935,5715.995341080917,146
2023-01-01 12:56:00+00:00,5715.995341080917,5720.063228237462,5715.995341080917,5718.350977692249,125
2023-01-01 12:57:00+00:00,5718.350977692249,5729.72437540004,5709.544477958802,5720.7018675165955,131
2023-01-01 12:58:00+00:00,5720.7018675165955,5733.932270246635,5705.193465313929,5723.059500609357,178
2023-01-01 12:59:00+00:00,5723.059500609357,5764.511803484312,5723.059500609357,5740.726241956388,179
2023-01-01 13:00:00+00:00,5740.726241956388,5748.675158367084,5726.642639876488,5743.348701674566,156
2023-01-01 13:01:00+00:00,5743.348701674566,5751.565211878523,5741.58101866735,5748.568631901094,97
2023-01-01 13:02:00+00:00,5748.568631901094,5754.74687765881,5748.568631901094,5752.957622219771,161
2023-01-01 13:03:00+00:00,5752.957622219771,5759.208840121918,5752.091933810791,5755.956344499891,139
2023-01-01 13:04:00+00:00,5755.956344499891,5757.621277788963,5746.550836942008,5754.504786753061,154
2023-01-01 13:05:00+00:00,5754.504786753061,5760.721315347408,5746.212387113564,5757.999841311082,148
2023-01-01 13:06:00+00:00,5757.999841311082,5757.999841311082,5744.849730611906,5754.440999599353,162
2023-01-01 13:07:00+00:00,5754.440999599353,5765.479857444367,5747.979159683621,5753.350895905275,156
2023-01-01 13:08:00+00:00,5753.350895905275,5760.37934718963,5749.925565904495,5751.117356122661,136
2023-01-01 13:09:00+00:00,5751.117356122661,5761.983670329198,5746.157989513042,5751.49406268677,125
2023-01-01 13:10:00+00:00,5751.49406268677,5774.297197435895,5751.49406268677,5762.154125405646,152
2023-01-01 13:11:00+00:00,5762.154125405646,5762.154125405646,5745.676999698012,5753.552975390125,131
2023-01-01 13:12:00+00:00,5753.552975390125,5776.256444224534,5741.519650235621,5756.712590126064,174
2023-01-01 13:13:00+00:00,5756.712590126064,5756.712590126064,5739.441824488522,5749.290225813548,147
2023-01-01 13:14:00+00:00,5749.290225813548,5759.04639021761,5740.411036171255,5747.120016905036,140
2023-01-01 13:15:00+00:00,5747.120016905036,5752.339326226749,5747.120016905036,5752.128862160875,168
2023-01-01 13:16:00+00:00,5752.128862160875,5761.622124626904,5740.522748425567,5752.424667329032,179
2023-01-01 13:17:00+00:00,5752.424667329032,5752.424667329032,5742.203417161335,5747.467088321585,144
2023-01-01 13:18:00+00:00,5747.467088321585,5751.904956713842,5740.0377268417915,5744.179081558982,137
2023-01-01 13:19:00+00:00,5744.179081558982,5752.3305050898425,5730.1086741611825,5747.302915600913,158
2023-01-01 13:20:00+00:00,5747.302915600913,5747.302915600913,5733.268628390201,5743.945785853101,142
2023-01-01 13:21:00+00:00,5743.945785853101,5748.312348193147,5742.337947302961,5744.9405331020025,149
2023-01-01 13:22:00+00:00,5744.9405331020025,5748.751117845436,5742.384407934331,5745.14998292817,140
2023-01-01 13:23:00+00:00,5745.14998292817,5750.63052696288,5731.043921734572,5742.155929985605,178
2023-01-01 13:24:00+00:00,5742.155929985605,5766.87972917038,5742.155929985605,5752.01306984472,176
2023-01-01 13:25:00+00:00,5752.01306984472,5757.898749263147,5752.01306984472,5754.930858040038,147
2023-01-01 13:26:00+00:00,5754.930858040038,5756.80408053992,5743.828849247564,5745.61476219562,144
2023-01-01 13:27:00+00:00,5745.61476219562,5760.459381665296,5739.522846506198,5746.471861848734,130
2023-01-01 13:28:00+00:00,5746.471861848734,5752.604283747826,5733.793235136332,5743.430317222329,152
2023-01-01 13:29:00+00:00,5743.430317222329,5751.317441866071,5732.125644000636,5747.34836618749,146
2023-01-01 13:30:00+00:00,5747.34836618749,5747.415857731124,5739.261711187811,5743.705606877474,161
2023-01-01 13:31:00+00:00,5743.705606877474,5743.705606877474,5737.553167073033,5743.178421199074,139
2023-01-01 13:32:00+00:00,5743.178421199074,5753.806624691436,5740.983502462727,5745.499075562781,117
2023-01-01 13:33:00+00:00,5745.499075562781,5752.463645901194,5745.499075562781,5749.479810474636,156
2023-01-01 13:34:00+00:00,5749.479810474636,5754.797371178072,5742.680488860935,5743.961596328528,160
2023-01-01 13:35:00+00:00,5743.961596328528,5753.336967324185,5735.628868112444,5742.424712171483,167
2023-01-01 13:36:00+00:00,5742.424712171483,5744.51048256545,5722.706987024366,5740.243256473197,125
2023-01-01 13:37:00+00:00,5740.243256473197,5740.243256473197,5725.142350413389,5737.2438254106455,171
2023-01-01 13:38:00+00:00,5737.2438254106455,5747.956765444367,5737.2438254106455,5745.3526234987785,157
2023-01-01 13:39:00+00:00,5745.3526234987785,5749.595107056755,5743.4304323757515,5747.21433525461,128
2023-01-01 13:40:00+00:00,5747.21433525461,5747.21433525461,5740.60027265612,5741.420001868755,119
2023-01-01 13:41:00+00:00,5741.420001868755,5750.00321358252,5741.420001868755,5745.63741483383,160
2023-01-01 13:42:00+00:00,5745.63741483383,5763.423675238003,5739.458201639866,5755.400211797484,137
2023-01-01 13:43:00+00:00,5755.400211797484,5772.560860853586,5746.378252431226,5760.155976215126,178
2023-01-01 13:44:00+00:00,5760.155976215126,5760.155976215126,5752.778378536163,5753.1587832149935,152
2023-01-01 13:45:00+00:00,5753.1587832149935,5768.7715479503895,5746.854235284851,5750.930514436772,129
2023-01-01 13:46:00+00:00,5750.930514436772,5765.976074916865,5747.997650413361,5756.762203619927,150
2023-01-01 13:47:00+00:00,5756.762203619927,5759.743071586331,5744.103598444065,5753.504018128441,157
2023-01-01 13:48:00+00:00,5753.504018128441,5760.279707729611,5751.187050541894,5755.547194318023,164
2023-01-01 13:49:00+00:00,5755.547194318023,5760.769825430421,5755.547194318023,5759.115054000354,138
2023-01-01 13:50:00+00:00,5759.115054000354,5759.115054000354,5747.0491410063405,5754.84599765704,134
2023-01-01 13:51:00+00:00,5754.84599765704,5759.076056841594,5734.9859035622285,5754.571956776373,169
2023-01-01 13:52:00+00:00,5754.571956776373,5754.571956776373,5738.75957155359,5739.669601221989,172
2023-01-01 13:53:00+00:00,5739.669601221989,5745.150359380872,5729.436359493117,5734.967810783672,139
2023-01-01 13:54:00+00:00,5734.967810783672,5737.568866814147,5729.843530449516,5733.809151669154,120
2023-01-01 13:55:00+00:00,5733.809151669154,5733.809151669154,5723.780439534742,5728.088366961337,141
2023-01-01 13:56:00+00:00,5728.088366961337,5741.745884218418,5728.088366961337,5735.573730534471,122
2023-01-01 13:57:00+00:00,5735.573730534471,5746.430462359153,5722.487249980747,5729.015337966609,143
2023-01-01 13:58:00+00:00,5729.015337966609,5729.015337966609,5725.984826923669,5726.998875629747,134
2023-01-01 13:59:00+00:00,5726.998875629747,5736.528647078162,5719.38093803518,5727.597907867623,138
2023-01-01 14:00:00+00:00,5727.597907867623,5744.362909046704,5726.480771326453,5734.205743714574,136
2023-01-01 14:01:00+00:00,5734.205743714574,5734.205743714574,5724.239214909975,5727.62270217892,168
2023-01-01 14:02:00+00:00,5727.62270217892,5752.884219656195,5706.289901347319,5732.954913178539,135
2023-01-01 14:03:00+00:00,5732.954913178539,5740.775077975596,5729.563677044602,5733.001845912604,136
2023-01-01 14:04:00+00:00,5733.001845912604,5733.408625815826,5718.983139463402,5728.50202006441,130
2023-01-01 14:05:00+00:00,5728.50202006441,5731.450239066651,5715.6629848377415,5730.620140105177,138
2023-01-01 14:06:00+00:00,5730.620140105177,5734.577211019692,5720.185038987662,5731.532801173291,158
2023-01-01 14:07:00+00:00,5731.532801173291,5731.532801173291,5727.778488104598,5728.781331642134,144
2023-01-01 14:08:00+00:00,5728.781331642134,5735.604479341888,5716.9221767615945,5729.1012452794275,120
2023-01-01 14:09:00+00:00,5729.1012452794275,5731.326199442679,5724.465576854141,5727.33551695098,155
2023-01-01 14:10:00+00:00,5727.33551695098,5732.558055629567,5722.297319921372,5727.8556621074185,159
2023-01-01 14:11:00+00:00,5727.8556621074185,5733.270430733993,5726.710157715847,5730.8905369764425,146
2023-01-01 14:12:00+00:00,5730.8905369764425,5744.949651163482,5730.8905369764425,5738.166582983343,124
2023-01-01 14:13:00+00:00,5738.166582983343,5738.166582983343,5726.116301933836,5732.487162252434,146
2023-01-01 14:14:00+00:00,5732.487162252434,5750.872060244787,5731.671708948634,5742.277582343335,153
2023-01-01 14:15:00+00:00,5742.277582343335,5743.279084494492,5717.246972955584,5733.317036865057,135
2023-01-01 14:16:00+00:00,5733.317036865057,5737.536853864301,5729.044437815207,5732.620893474541,155
2023-01-01 14:17:00+00:00,5732.620893474541,5742.734759688687,5732.620893474541,5735.319608112734,131
2023-01-01 14:18:00+00:00,5735.319608112734,5739.98018950888,5735.319608112734,5736.609015567501,138
2023-01-01 14:19:00+00:00,5736.609015567501,5750.6154831880685,5729.935898397883,5733.751980312863,134
2023-01-01 14:20:00+00:00,5733.751980312863,5734.847139015829,5724.122569793912,5732.797402690499,153
2023-01-01 14:21:00+00:00,5732.797402690499,5733.739665347793,5724.959905399601,5730.536828923606,155
2023-01-01 14:22:00+00:00,5730.536828923606,5730.536828923606,5715.764660542361,5727.835564629367,128
2023-01-01 14:23:00+00:00,5727.835564629367,5734.510384298072,5724.61322090037,5731.7299928508755,120
2023-01-01 14:24:00+00:00,5731.7299928508755,5740.7054569115835,5724.173554527874,5733.367279749511,160
2023-01-01 14:25:00+00:00,5733.367279749511,5745.008823304911,5723.291441306005,5730.189996297913,155
2023-01-01 14:26:00+00:00,5730.189996297913,5743.982818852492,5720.85776895261,5734.315383164362,119
2023-01-01 14:27:00+00:00,5734.315383164362,5745.524677092519,5731.123830407526,5735.725278357149,139
2023-01-01 14:28:00+00:00,5735.725278357149,5748.183172760851,5730.499953123628,5739.4563744146,143
2023-01-01 14:29:00+00:00,5739.4563744146,5758.064784328565,5737.610618905768,5742.348084451312,171
2023-01-01 14:30:00+00:00,5742.348084451312,5742.348084451312,5729.557499949041,5738.541044667254,113
2023-01-01 14:31:00+00:00,5738.541044667254,5738.541044667254,5731.177933011711,5735.9699233143665,152
2023-01-01 14:32:00+00:00,5735.9699233143665,5740.043403298018,5729.265067090541,5739.400111469569,145
2023-01-01 14:33:00+00:00,5739.400111469569,5752.878109468796,5739.164188775154,5742.2033231482665,107
2023-01-01 14:34:00+00:00,5742.2033231482665,5750.6272449219605,5734.9393275968305,5742.107306989169,156
2023-01-01 14:35:00+00:00,5742.107306989169,5744.836487433911,5730.420663750315,5742.646297424115,155
2023-01-01 14:36:00+00:00,5742.646297424115,5757.488547766957,5737.511420624333,5748.519040338321,131
2023-01-01 14:37:00+00:00,5748.519040338321,5750.405854811652,5737.583144589582,5745.799156477322,143
2023-01-01 14:38:00+00:00,5745.799156477322,5750.058155846781,5740.101748722655,5748.314516232852,168
2023-01-01 14:39:00+00:00,5748.314516232852,5756.590213181111,5730.559927787557,5747.384777862137,183
2023-01-01 14:40:00+00:00,5747.384777862137,5771.238084117108,5742.61724053808,5746.3839868989335,148
2023-01-01 14:41:00+00:00,5746.3839868989335,5757.675414517204,5744.882400471896,5751.437402569958,139
2023-01-01 14:42:00+00:00,5751.437402569958,5761.259497558158,5734.226207578462,5755.2365211435545,133
2023-01-01 14:43:00+00:00,5755.2365211435545,5775.8514273474575,5753.2921115619265,5758.983292519086,124
2023-01-01 14:44:00+00:00,5758.983292519086,5769.716352500506,5750.841805143419,5765.001018889115,137
2023-01-01 14:45:00+00:00,5765.001018889115,5777.768731004949,5747.75638243194,5765.097889437706,135
2023-01-01 14:46:00+00:00,5765.097889437706,5769.512506563817,5761.666213080836,5768.243968059145,161
2023-01-01 14:47:00+00:00,5768.243968059145,5775.6044682494,5749.436751933052,5766.812390257128,173
2023-01-01 14:48:00+00:00,5766.812390257128,5783.188297824229,5764.871867804136,5768.308109423903,118
2023-01-01 14:49:00+00:00,5768.308109423903,5779.842043788019,5763.671905166307,5767.707576497806,129
2023-01-01 14:50:00+00:00,5767.707576497806,5783.290461104188,5766.446155390349,5768.155149352428,146
2023-01-01 14:51:00+00:00,5768.155149352428,5777.754561950166,5766.973848608976,5770.902169712678,132
2023-01-01 14:52:00+00:00,5770.902169712678,5770.902169712678,5765.074750822006,5767.125908560564,133
2023-01-01 14:53:00+00:00,5767.125908560564,5791.594387520688,5764.967263473377,5776.787641434019,147
2023-01-01 14:54:00+00:00,5776.787641434019,5776.787641434019,5763.3452268231795,5772.14027279711,137
2023-01-01 14:55:00+00:00,5772.14027279711,5774.316400652118,5760.289954215175,5766.536221395383,170
2023-01-01 14:56:00+00:00,5766.536221395383,5791.930005719257,5764.745809943914,5771.881327743695,135
2023-01-01 14:57:00+00:00,5771.881327743695,5777.163328363427,5767.86630509611,5775.537992056281,173
2023-01-01 14:58:00+00:00,5775.537992056281,5779.561501325673,5770.097800842446,5778.422414258364,140
2023-01-01 14:59:00+00:00,5778.422414258364,5786.429129452471,5777.153930669191,5781.327821056617,144
2023-01-01 15:00:00+00:00,5781.327821056617,5781.674503353719,5770.323822723686,5781.271179247226,154
2023-01-01 15:01:00+00:00,5781.271179247226,5792.790880557203,5766.233752692675,5777.1228515967305,116
2023-01-01 15:02:00+00:00,5777.1228515967305,5783.228952025041,5762.061459798392,5777.473208016385,146
2023-01-01 15:03:00+00:00,5777.473208016385,5777.473208016385,5760.271102075534,5774.344228706297,128
2023-01-01 15:04:00+00:00,5774.344228706297,5785.7155302117935,5772.048848446971,5778.850527754189,155
2023-01-01 15:05:00+00:00,5778.850527754189,5790.374414299165,5761.697848418304,5778.170709642518,133
2023-01-01 15:06:00+00:00,5778.170709642518,5780.008194499224,5759.050586727231,5774.3560783894,149
2023-01-01 15:07:00+00:00,5774.3560783894,5774.3560783894,5768.027517369542,5772.871632198966,125
2023-01-01 15:08:00+00:00,5772.871632198966,5778.745588191806,5767.985043488526,5774.7789874471555,136
2023-01-01 15:09:00+00:00,5774.7789874471555,5778.570107248819,5765.512058668979,5772.175266841987,144
2023-01-01 15:10:00+00:00,5772.175266841987,5781.359192114623,5758.687538241389,5768.3797151059125,140
2023-01-01 15:11:00+00:00,5768.3797151059125,5770.271533764936,5762.511774504157,5769.504369021942,152
2023-01-01 15:12:00+00:00,5769.504369021942,5784.528256027592,5757.980965909922,5770.6351483814005,146
2023-01-01 15:13:00+00:00,5770.6351483814005,5775.3100792014575,5761.879098582447,5768.295315593554,164
2023-01-01 15:14:00+00:00,5768.295315593554,5768.295315593554,5763.504225796617,5766.1220546535205,166
2023-01-01 15:15:00+00:00,5766.1220546535205,5780.642144925953,5758.076967348268,5767.192576625531,125
2023-01-01 15:16:00+00:00,5767.192576625531,5767.192576625531,5752.710063271553,5760.515340041304,146
2023-01-01 15:17:00+00:00,5760.515340041304,5760.957509188479,5742.528259858831,5754.032816962469,155
2023-01-01 15:18:00+00:00,5754.032816962469,5754.032816962469,5743.555689000543,5750.726605883787,160
2023-01-01 15:19:00+00:00,5750.726605883787,5762.076305322969,5749.385745107867,5749.744708747992,168
2023-01-01 15:20:00+00:00,5749.744708747992,5768.430109958616,5747.329444430273,5751.174997919874,121
2023-01-01 15:21:00+00:00,5751.174997919874,5759.026737023205,5739.303774918268,5757.967030828939,144
2023-01-01 15:22:00+00:00,5757.967030828939,5763.3953626868115,5752.046823163626,5761.919087148805,178
2023-01-01 15:23:00+00:00,5761.919087148805,5767.370231684252,5743.562639164704,5761.181892017321,168
2023-01-01 15:24:00+00:00,5761.181892017321,5763.059441407705,5749.291327657974,5761.094248017886,136
2023-01-01 15:25:00+00:00,5761.094248017886,5763.401476422785,5754.730389947515,5756.47556748574,125
2023-01-01 15:26:00+00:00,5756.47556748574,5759.328870159801,5747.11152662192,5756.390311785068,126
2023-01-01 15:27:00+00:00,5756.390311785068,5762.391043810588,5743.5057090971295,5755.061159825457,138
2023-01-01 15:28:00+00:00,5755.061159825457,5766.457701030224,5754.845892387813,5756.547163683339,158
2023-01-01 15:29:00+00:00,5756.547163683339,5756.547163683339,5744.1058958085905,5752.738828817854,151
2023-01-01 15:30:00+00:00,5752.738828817854,5772.636014926983,5752.738828817854,5755.129457295761,141
2023-01-01 15:31:00+00:00,5755.129457295761,5762.749936987761,5735.745417766682,5762.190674306708,142
2023-01-01 15:32:00+00:00,5762.190674306708,5768.219930292864,5746.307017849787,5761.689338746617,143
2023-01-01 15:33:00+00:00,5761.689338746617,5777.500235413155,5753.7780259085785,5763.541266824339,154
2023-01-01 15:34:00+00:00,5763.541266824339,5783.361419114635,5763.541266824339,5766.724284140615,102
2023-01-01 15:35:00+00:00,5766.724284140615,5779.48534845865,5757.753563505091,5764.873598898812,158
2023-01-01 15:36:00+00:00,5764.873598898812,5768.371547370648,5761.8359256874155,5765.907183409132,165
2023-01-01 15:37:00+00:00,5765.907183409132,5770.658534297663,5759.2015039221515,5765.965268993004,148
2023-01-01 15:38:00+00:00,5765.965268993004,5781.004329177436,5764.303062709237,5766.415844190421,117
2023-01-01 15:39:00+00:00,5766.415844190421,5771.103705728569,5745.720055260637,5762.850949891029,114
2023-01-01 15:40:00+00:00,5762.850949891029,5767.418131265927,5757.401560025948,5762.963949783692,152
2023-01-01 15:41:00+00:00,5762.963949783692,5766.614444051069,5762.510026259151,5765.260364157092,141
2023-01-01 15:42:00+00:00,5765.260364157092,5786.846296840192,5765.260364157092,5771.957227228758,171
2023-01-01 15:43:00+00:00,5771.957227228758,5784.677211027144,5766.60905953032,5776.388423440181,152
2023-01-01 15:44:00+00:00,5776.388423440181,5788.833191141524,5776.388423440181,5786.347092687432,146
2023-01-01 15:45:00+00:00,5786.347092687432,5791.041803914131,5781.42587781031,5782.796071274321,131
2023-01-01 15:46:00+00:00,5782.796071274321,5806.756555946386,5778.675289024229,5786.833041604233,162
2023-01-01 15:47:00+00:00,5786.833041604233,5794.341448530142,5781.086507982368,5787.681879515146,127
2023-01-01 15:48:00+00:00,5787.681879515146,5799.7884274952075,5786.821095276789,5797.829871966326,134
2023-01-01 15:49:00+00:00,5797.829871966326,5803.233661686117,5780.7663909529065,5794.0819831063445,123
2023-01-01 15:50:00+00:00,5794.0819831063445,5794.0819831063445,5787.985028615472,5790.1909564474245,135
2023-01-01 15:51:00+00:00,5790.1909564474245,5790.1909564474245,5786.989164527526,5787.415143721296,139
2023-01-01 15:52:00+00:00,5787.415143721296,5787.415143721296,5769.2276145473825,5777.590000094431,167
2023-01-01 15:53:00+00:00,5777.590000094431,5781.166624206692,5764.323859218908,5775.160433508372,168
2023-01-01 15:54:00+00:00,5775.160433508372,5775.160433508372,5765.509318666821,5771.654207963637,144
2023-01-01 15:55:00+00:00,5771.654207963637,5776.430323314882,5754.420052274988,5772.348666484151,132
2023-01-01 15:56:00+00:00,5772.348666484151,5784.000485567183,5765.812872540273,5773.92706996668,161
2023-01-01 15:57:00+00:00,5773.92706996668,5795.65404772826,5773.92706996668,5782.599875881862,126
2023-01-01 15:58:00+00:00,5782.599875881862,5787.911131389711,5782.599875881862,5786.99828442588,170
2023-01-01 15:59:00+00:00,5786.99828442588,5786.99828442588,5778.3448561575115,5784.328068283781,120
2023-01-01 16:00:00+00:00,5784.328068283781,5786.72194387897,5778.1776280595905,5780.1721817860935,128
2023-01-01 16:01:00+00:00,5780.1721817860935,5784.605027434685,5774.370768996574,5782.447331441288,154
2023-01-01 16:02:00+00:00,5782.447331441288,5785.152243286378,5768.197112529919,5776.343212365159,139
2023-01-01 16:03:00+00:00,5776.343212365159,5787.4702582408245,5776.343212365159,5784.812723002519,127
2023-01-01 16:04:00+00:00,5784.812723002519,5795.947458978694,5781.784806734433,5790.27357106779,146
2023-01-01 16:05:00+00:00,5790.27357106779,5791.448524647654,5775.547951599324,5788.100654582247,152
2023-01-01 16:06:00+00:00,5788.100654582247,5790.750949273198,5769.351129477779,5780.173451897527,159
2023-01-01 16:07:00+00:00,5780.173451897527,5787.442415504932,5780.173451897527,5786.437337209218,136
2023-01-01 16:08:00+00:00,5786.437337209218,5786.437337209218,5785.170266047042,5785.907139391365,112
2023-01-01 16:09:00+00:00,5785.907139391365,5793.568029845179,5785.907139391365,5791.639489350812,155
2023-01-01 16:10:00+00:00,5791.639489350812,5791.639489350812,5776.28181987814,5784.256718716008,122
2023-01-01 16:11:00+00:00,5784.256718716008,5798.89164009622,5781.206029947825,5781.483832365824,128
2023-01-01 16:12:00+00:00,5781.483832365824,5786.584017494128,5761.59764892277,5781.508085508808,139
2023-01-01 16:13:00+00:00,5781.508085508808,5782.584270493292,5773.617503172046,5781.725384538488,98
2023-01-01 16:14:00+00:00,5781.725384538488,5781.725384538488,5765.204235306651,5779.644035289421,150
2023-01-01 16:15:00+00:00,5779.644035289421,5792.0327245275275,5768.614934111009,5782.5246336191085,174
2023-01-01 16:16:00+00:00,5782.5246336191085,5789.288290300946,5774.536232411165,5777.58790899263,120
2023-01-01 16:17:00+00:00,5777.58790899263,5784.93598862688,5774.973401984826,5776.929858477581,156
2023-01-01 16:18:00+00:00,5776.929858477581,5786.447477163839,5771.683078768538,5777.4858367712,151
2023-01-01 16:19:00+00:00,5777.4858367712,5783.81465711898,5777.200335724363,5779.864056579211,140
2023-01-01 16:20:00+00:00,5779.864056579211,5789.134995923724,5770.02968358268,5783.155423169286,107
2023-01-01 16:21:00+00:00,5783.155423169286,5794.366844267509,5754.955466474829,5777.954579145333,160
2023-01-01 16:22:00+00:00,5777.954579145333,5781.889007643917,5759.076978000991,5770.8676952722835,171
2023-01-01 16:23:00+00:00,5770.8676952722835,5785.2649406995,5770.8676952722835,5776.769354040701,132
2023-01-01 16:24:00+00:00,5776.769354040701,5787.555991530251,5767.146055947667,5778.305319321025,101
2023-01-01 16:25:00+00:00,5778.305319321025,5781.042733913206,5764.910745839274,5774.846368027266,144
2023-01-01 16:26:00+00:00,5774.846368027266,5794.898960394677,5766.508255021502,5782.016947652292,158
2023-01-01 16:27:00+00:00,5782.016947652292,5784.8654897395745,5773.804130189458,5782.552038567205,154
2023-01-01 16:28:00+00:00,5782.552038567205,5790.683629320223,5777.329123667692,5788.010090697197,120
2023-01-01 16:29:00+00:00,5788.010090697197,5790.733660171641,5777.789707462275,5788.322737262257,148
2023-01-01 16:30:00+00:00,5788.322737262257,5799.119154905349,5788.322737262257,5797.87322681527,170
2023-01-01 16:31:00+00:00,5797.87322681527,5813.552852523276,5797.307756520127,5806.020741081666,165
2023-01-01 16:32:00+00:00,5806.020741081666,5812.234214587978,5802.85249763169,5804.864463426277,129
2023-01-01 16:33:00+00:00,5804.864463426277,5825.630700799874,5799.8437112093525,5809.378087470959,151
2023-01-01 16:34:00+00:00,5809.378087470959,5824.508358386275,5802.1408236545285,5812.378248216709,173
2023-01-01 16:35:00+00:00,5812.378248216709,5834.223525983698,5808.864380471413,5818.745736914838,163
2023-01-01 16:36:00+00:00,5818.745736914838,5823.861335052268,5809.306602550432,5814.255754715304,135
2023-01-01 16:37:00+00:00,5814.255754715304,5827.935010690617,5814.0814225856475,5817.447733499322,163
2023-01-01 16:38:00+00:00,5817.447733499322,5832.538909118034,5805.968804597621,5822.37568285548,139
2023-01-01 16:39:00+00:00,5822.37568285548,5822.37568285548,5814.18649159702,5814.189409600184,126
2023-01-01 16:40:00+00:00,5814.189409600184,5818.964572399406,5797.7040410561185,5808.688262432125,163
2023-01-01 16:41:00+00:00,5808.688262432125,5808.688262432125,5795.049219889094,5799.219776696144,150
2023-01-01 16:42:00+00:00,5799.219776696144,5800.827589500649,5778.618290577973,5797.970031823076,161
2023-01-01 16:43:00+00:00,5797.970031823076,5808.5360885188475,5791.880140533974,5801.299218060916,140
2023-01-01 16:44:00+00:00,5801.299218060916,5820.4529236016,5801.299218060916,5808.275908046098,197
2023-01-01 16:45:00+00:00,5808.275908046098,5821.591404093822,5804.749845596439,5808.620208592766,139
2023-01-01 16:46:00+00:00,5808.620208592766,5821.424632739334,5808.620208592766,5816.193148220401,145
2023-01-01 16:47:00+00:00,5816.193148220401,5816.193148220401,5800.644001877905,5809.775142555856,148
2023-01-01 16:48:00+00:00,5809.775142555856,5817.490845039619,5791.449333353003,5801.863519224713,134
2023-01-01 16:49:00+00:00,5801.863519224713,5809.086245414045,5780.069762452619,5801.605700818999,126
2023-01-01 16:50:00+00:00,5801.605700818999,5812.347585976665,5801.5673684369,5803.388531732919,161
2023-01-01 16:51:00+00:00,5803.388531732919,5818.237716817888,5794.842305751865,5803.236741457116,149
2023-01-01 16:52:00+00:00,5803.236741457116,5805.0885992940475,5779.287782590919,5793.646389877381,136
2023-01-01 16:53:00+00:00,5793.646389877381,5798.724994524579,5790.842116517015,5793.233340605792,173
2023-01-01 16:54:00+00:00,5793.233340605792,5793.233340605792,5776.969458988392,5787.1908171075165,149
2023-01-01 16:55:00+00:00,5787.1908171075165,5792.887609918087,5785.889889969796,5790.292066021894,136
2023-01-01 16:56:00+00:00,5790.292066021894,5799.493229210001,5790.292066021894,5791.990483797145,118
2023-01-01 16:57:00+00:00,5791.990483797145,5791.990483797145,5782.180316083254,5787.6371008422475,135
2023-01-01 16:58:00+00:00,5787.6371008422475,5789.644382483222,5775.148811630328,5785.258329635941,184
2023-01-01 16:59:00+00:00,5785.258329635941,5785.258329635941,5772.637888377017,5780.358146984742,147
2023-01-01 17:00:00+00:00,5780.358146984742,5785.120404577685,5771.617648323635,5780.0683081470825,134
2023-01-01 17:01:00+00:00,5780.0683081470825,5784.546065520483,5770.180621020058,5784.486626266353,153
2023-01-01 17:02:00+00:00,5784.486626266353,5784.486626266353,5765.224244162774,5779.926889057588,126
2023-01-01 17:03:00+00:00,5779.926889057588,5783.272108108365,5776.946955943573,5782.258040636233,179
2023-01-01 17:04:00+00:00,5782.258040636233,5782.258040636233,5766.862675567944,5779.805691721732,149
2023-01-01 17:05:00+00:00,5779.805691721732,5779.805691721732,5763.737023443928,5776.14073345597,159
2023-01-01 17:06:00+00:00,5776.14073345597,5778.037719875645,5763.024549393814,5775.646176691827,150
2023-01-01 17:07:00+00:00,5775.646176691827,5785.625724928378,5769.489311434304,5770.8648022284615,137
2023-01-01 17:08:00+00:00,5770.8648022284615,5773.486230995844,5763.668994201953,5768.309339970995,147
2023-01-01 17:09:00+00:00,5768.309339970995,5768.309339970995,5746.220939941677,5762.784203580548,136
2023-01-01 17:10:00+00:00,5762.784203580548,5778.28550044358,5762.784203580548,5771.8491553380045,150
2023-01-01 17:11:00+00:00,5771.8491553380045,5775.094882510766,5769.770771575126,5772.011986356923,159
2023-01-01 17:12:00+00:00,5772.011986356923,5779.6098314668725,5759.308391254743,5768.781831314589,121
2023-01-01 17:13:00+00:00,5768.781831314589,5773.181838938478,5758.414527038212,5769.769438580471,130
2023-01-01 17:14:00+00:00,5769.769438580471,5770.241461115893,5760.345971966407,5769.2509763174,141
2023-01-01 17:15:00+00:00,5769.2509763174,5772.363258779976,5753.201790183633,5768.231203193324,149
2023-01-01 17:16:00+00:00,5768.231203193324,5785.5710319583495,5768.231203193324,5771.066023975828,135
2023-01-01 17:17:00+00:00,5771.066023975828,5784.9749315644885,5759.868515747796,5774.564385489776,124
2023-01-01 17:18:00+00:00,5774.564385489776,5783.140529360958,5765.843984758411,5772.114175035574,139
2023-01-01 17:19:00+00:00,5772.114175035574,5772.114175035574,5768.1912133854485,5769.455836467262,171
2023-01-01 17:20:00+00:00,5769.455836467262,5784.1760085259575,5763.392897046133,5768.1864572347795,161
2023-01-01 17:21:00+00:00,5768.1864572347795,5778.1289043366,5754.43341987128,5757.573903548276,163
2023-01-01 17:22:00+00:00,5757.573903548276,5757.573903548276,5746.658147950379,5750.5990720683385,126
2023-01-01 17:23:00+00:00,5750.5990720683385,5761.504079261091,5750.5990720683385,5756.890788150524,166
2023-01-01 17:24:00+00:00,5756.890788150524,5781.083128903157,5756.890788150524,5764.4716947764655,154
2023-01-01 17:25:00+00:00,5764.4716947764655,5768.327527549307,5761.796020408109,5763.323360210138,123
2023-01-01 17:26:00+00:00,5763.323360210138,5773.250036188889,5763.323360210138,5765.982280741594,129
2023-01-01 17:27:00+00:00,5765.982280741594,5773.147290175725,5747.774510225904,5767.418189805724,133
2023-01-01 17:28:00+00:00,5767.418189805724,5783.196889486623,5767.418189805724,5781.641453851841,137
2023-01-01 17:29:00+00:00,5781.641453851841,5791.193204900124,5777.751002167836,5786.822158155046,160
2023-01-01 17:30:00+00:00,5786.822158155046,5804.554293677212,5775.55248489125,5786.229999372334,145
2023-01-01 17:31:00+00:00,5786.229999372334,5788.72734635414,5766.199065099037,5781.808508142703,134
2023-01-01 17:32:00+00:00,5781.808508142703,5784.29383491115,5757.808953767778,5774.382748796392,142
2023-01-01 17:33:00+00:00,5774.382748796392,5777.533491384619,5762.797691990441,5775.3227268220235,116
2023-01-01 17:34:00+00:00,5775.3227268220235,5790.98324975382,5765.281491486484,5771.829248127743,165
2023-01-01 17:35:00+00:00,5771.829248127743,5773.746572792905,5747.248085457121,5765.265778356071,174
2023-01-01 17:36:00+00:00,5765.265778356071,5785.612796055183,5757.435988651757,5762.284417871095,158
2023-01-01 17:37:00+00:00,5762.284417871095,5762.284417871095,5755.663447080129,5757.3008244135,124
2023-01-01 17:38:00+00:00,5757.3008244135,5775.232163344813,5757.3008244135,5765.07677642719,134
2023-01-01 17:39:00+00:00,5765.07677642719,5787.221170194636,5765.07677642719,5769.14438743597,143
2023-01-01 17:40:00+00:00,5769.14438743597,5780.457037536964,5768.392743846718,5769.107591298191,126
2023-01-01 17:41:00+00:00,5769.107591298191,5780.532251340579,5764.895685965267,5775.9420018913015,123
2023-01-01 17:42:00+00:00,5775.9420018913015,5780.59994894511,5762.88992549693,5776.2995128413995,165
2023-01-01 17:43:00+00:00,5776.2995128413995,5776.2995128413995,5755.630105089633,5772.3208552907245,137
2023-01-01 17:44:00+00:00,5772.3208552907245,5803.810884943674,5763.7992098417835,5779.358710932029,150
2023-01-01 17:45:00+00:00,5779.358710932029,5795.754812215669,5772.377642688104,5781.850891682223,148
2023-01-01 17:46:00+00:00,5781.850891682223,5781.850891682223,5774.468752000494,5777.055119634023,160
2023-01-01 17:47:00+00:00,5777.055119634023,5780.497873528692,5767.261365636036,5776.175508977545,163
2023-01-01 17:48:00+00:00,5776.175508977545,5782.158427049612,5767.457947117845,5772.13074604191,179
2023-01-01 17:49:00+00:00,5772.13074604191,5772.13074604191,5759.030460477287,5765.748915935739,125
2023-01-01 17:50:00+00:00,5765.748915935739,5772.866518475481,5750.034708909546,5770.022584763182,135
2023-01-01 17:51:00+00:00,5770.022584763182,5782.464462738379,5767.835231788602,5778.843221667784,136
2023-01-01 17:52:00+00:00,5778.843221667784,5778.843221667784,5770.417861875733,5772.381155201343,114
2023-01-01 17:53:00+00:00,5772.381155201343,5778.152565584249,5765.492156488619,5774.981479128604,160
2023-01-01 17:54:00+00:00,5774.981479128604,5777.716619435344,5761.763132618554,5771.976302285879,143
2023-01-01 17:55:00+00:00,5771.976302285879,5773.139480989173,5764.521282338278,5769.7273995763135,147
2023-01-01 17:56:00+00:00,5769.7273995763135,5770.473263181866,5759.462294723334,5766.993686236728,115
2023-01-01 17:57:00+00:00,5766.993686236728,5766.993686236728,5762.288417375764,5763.008960051059,117
2023-01-01 17:58:00+00:00,5763.008960051059,5773.616172201433,5755.2873737160035,5763.232668854198,117
2023-01-01 17:59:00+00:00,5763.232668854198,5763.232668854198,5758.121327136489,5759.4027748899,151
2023-01-01 18:00:00+00:00,5759.4027748899,5776.99115401742,5746.113808296371,5760.649045544307,151
2023-01-01 18:01:00+00:00,5760.649045544307,5772.048238471425,5753.018160506227,5760.417526902964,127
2023-01-01 18:02:00+00:00,5760.417526902964,5767.662718076325,5758.634826718031,5759.316479729794,175
2023-01-01 18:03:00+00:00,5759.316479729794,5761.156463456409,5754.439694887249,5755.136440290021,161
2023-01-01 18:04:00+00:00,5755.136440290021,5757.963983636543,5734.326314767293,5752.481534684685,110
2023-01-01 18:05:00+00:00,5752.481534684685,5768.616819190938,5743.19458116763,5755.958884545108,163
2023-01-01 18:06:00+00:00,5755.958884545108,5777.9424019472035,5753.607846055143,5758.265953763708,112
2023-01-01 18:07:00+00:00,5758.265953763708,5782.6506814705,5740.055685883031,5753.76449569547,133
2023-01-01 18:08:00+00:00,5753.76449569547,5763.944597698525,5733.309060800586,5754.221741616749,172
2023-01-01 18:09:00+00:00,5754.221741616749,5759.738241694099,5753.956273288417,5757.681699917153,146
2023-01-01 18:10:00+00:00,5757.681699917153,5757.681699917153,5745.476160165801,5749.997309014941,169
2023-01-01 18:11:00+00:00,5749.997309014941,5755.125546525842,5747.253236177136,5752.497308050767,153
2023-01-01 18:12:00+00:00,5752.497308050767,5754.242589725058,5747.650463529461,5749.448723036431,134
2023-01-01 18:13:00+00:00,5749.448723036431,5758.011948664618,5749.448723036431,5752.073824371786,160
2023-01-01 18:14:00+00:00,5752.073824371786,5753.672921366155,5744.552667110175,5748.5626380464755,168
2023-01-01 18:15:00+00:00,5748.5626380464755,5748.5626380464755,5717.011010531855,5740.268245399895,132
2023-01-01 18:16:00+00:00,5740.268245399895,5740.268245399895,5726.542817108502,5732.799084866016,156
2023-01-01 18:17:00+00:00,5732.799084866016,5734.407222502922,5731.8622095429755,5733.019618178295,152
2023-01-01 18:18:00+00:00,5733.019618178295,5735.999169605831,5732.169788518874,5734.210937297083,174
2023-01-01 18:19:00+00:00,5734.210937297083,5740.458524061249,5711.298161487195,5730.064003708386,170
2023-01-01 18:20:00+00:00,5730.064003708386,5738.4366617077285,5726.801065887754,5732.992092115635,167
2023-01-01 18:21:00+00:00,5732.992092115635,5752.312501789979,5721.684350292687,5725.376769339201,148
2023-01-01 18:22:00+00:00,5725.376769339201,5731.082240832951,5706.831247538995,5725.074111943809,120
2023-01-01 18:23:00+00:00,5725.074111943809,5725.074111943809,5711.9158721401645,5719.530271853968,178
2023-01-01 18:24:00+00:00,5719.530271853968,5719.530271853968,5711.516875187468,5716.548492293481,138
2023-01-01 18:25:00+00:00,5716.548492293481,5720.318971919658,5715.420446112487,5716.765261845731,114
2023-01-01 18:26:00+00:00,5716.765261845731,5723.106577497751,5705.146831629866,5712.831590844301,137
2023-01-01 18:27:00+00:00,5712.831590844301,5719.732570816481,5709.175499404968,5711.0743403131255,181
2023-01-01 18:28:00+00:00,5711.0743403131255,5722.741828480828,5703.852642128252,5715.673801859994,128
2023-01-01 18:29:00+00:00,5715.673801859994,5716.757357224867,5708.17207235144,5713.036549874383,131
2023-01-01 18:30:00+00:00,5713.036549874383,5725.74501521576,5711.301844785492,5716.857298584431,146
2023-01-01 18:31:00+00:00,5716.857298584431,5724.300862839402,5710.987233683774,5711.692934321184,149
2023-01-01 18:32:00+00:00,5711.692934321184,5719.844124629286,5710.220999500602,5714.114310450669,127
2023-01-01 18:33:00+00:00,5714.114310450669,5728.601543995383,5714.114310450669,5720.707942096707,120
2023-01-01 18:34:00+00:00,5720.707942096707,5720.707942096707,5693.183513368759,5709.40747301793,142
2023-01-01 18:35:00+00:00,5709.40747301793,5710.452868063593,5696.055831162958,5705.768793218399,187
2023-01-01 18:36:00+00:00,5705.768793218399,5715.026136388377,5705.768793218399,5708.40351344881,117
2023-01-01 18:37:00+00:00,5708.40351344881,5712.190057333178,5694.832842519765,5707.476336758366,189
2023-01-01 18:38:00+00:00,5707.476336758366,5715.030958631598,5705.113626499927,5709.171233399275,136
2023-01-01 18:39:00+00:00,5709.171233399275,5710.356861554321,5696.357929521064,5706.413295871579,155
2023-01-01 18:40:00+00:00,5706.413295871579,5714.117057598386,5702.5486275793655,5706.808603254872,169
2023-01-01 18:41:00+00:00,5706.808603254872,5712.98440765277,5693.807197801092,5706.097911362197,139
2023-01-01 18:42:00+00:00,5706.097911362197,5722.295820291522,5706.097911362197,5711.4311852412975,161
2023-01-01 18:43:00+00:00,5711.4311852412975,5719.06779271794,5711.4311852412975,5712.593789264447,161
2023-01-01 18:44:00+00:00,5712.593789264447,5717.350024185793,5693.360862307628,5714.136867130433,140
2023-01-01 18:45:00+00:00,5714.136867130433,5722.035112790327,5704.128910321482,5712.254360206488,126
2023-01-01 18:46:00+00:00,5712.254360206488,5712.254360206488,5704.784776747923,5710.026530132644,175
2023-01-01 18:47:00+00:00,5710.026530132644,5716.104993680135,5696.394600000196,5708.0509369933325,114
2023-01-01 18:48:00+00:00,5708.0509369933325,5711.34220485079,5698.082789284072,5709.85246356151,166
2023-01-01 18:49:00+00:00,5709.85246356151,5714.732743110826,5705.256500859625,5707.9297799277265,123
2023-01-01 18:50:00+00:00,5707.9297799277265,5715.420766844754,5707.923837171464,5709.253144941085,138
2023-01-01 18:51:00+00:00,5709.253144941085,5720.062552948645,5709.253144941085,5718.740209375483,136
2023-01-01 18:52:00+00:00,5718.740209375483,5729.982671688707,5718.740209375483,5722.7269871014705,144
2023-01-01 18:53:00+00:00,5722.7269871014705,5724.053659047844,5706.692335078212,5721.234586800204,180
2023-01-01 18:54:00+00:00,5721.234586800204,5744.085938178771,5720.3633533441525,5726.735170638162,136
2023-01-01 18:55:00+00:00,5726.735170638162,5726.8196487028545,5714.414530920846,5724.865924099392,172
2023-01-01 18:56:00+00:00,5724.865924099392,5724.865924099392,5714.519405160618,5715.5391380658575,148
2023-01-01 18:57:00+00:00,5715.5391380658575,5718.397730467102,5703.576217217935,5710.931590826026,160
2023-01-01 18:58:00+00:00,5710.931590826026,5710.931590826026,5698.853505577268,5702.390811883021,186
2023-01-01 18:59:00+00:00,5702.390811883021,5709.339284462504,5697.014767521553,5700.787463523695,105
2023-01-01 19:00:00+00:00,5700.787463523695,5715.534651005476,5696.5146698402,5700.871463554697,99
2023-01-01 19:01:00+00:00,5700.871463554697,5715.488766055555,5697.058366536374,5708.5223157847595,149
2023-01-01 19:02:00+00:00,5708.5223157847595,5717.042432429996,5708.5223157847595,5710.015528812151,167
2023-01-01 19:03:00+00:00,5710.015528812151,5717.600235671989,5703.893934944936,5709.014762584582,170
2023-01-01 19:04:00+00:00,5709.014762584582,5720.385894199201,5686.027504232222,5712.804090567185,159
2023-01-01 19:05:00+00:00,5712.804090567185,5712.804090567185,5683.975598158652,5702.707596814931,163
2023-01-01 19:06:00+00:00,5702.707596814931,5706.196587115185,5693.846442198143,5703.782610871689,161
2023-01-01 19:07:00+00:00,5703.782610871689,5725.599807324647,5703.782610871689,5707.301173685794,154
2023-01-01 19:08:00+00:00,5707.301173685794,5707.301173685794,5700.382528847243,5700.55417526736,152
2023-01-01 19:09:00+00:00,5700.55417526736,5717.086070370433,5695.076278632889,5705.7725878446545,114
2023-01-01 19:10:00+00:00,5705.7725878446545,5707.865191205149,5691.833056622258,5707.317903887155,154
2023-01-01 19:11:00+00:00,5707.317903887155,5707.9541587213,5688.102342231531,5705.422074713551,170
2023-01-01 19:12:00+00:00,5705.422074713551,5720.738335952806,5705.422074713551,5708.311035986668,152
2023-01-01 19:13:00+00:00,5708.311035986668,5730.665497743724,5708.311035986668,5718.689916912537,162
2023-01-01 19:14:00+00:00,5718.689916912537,5747.154272778038,5717.917916274537,5719.522006817923,184
2023-01-01 19:15:00+00:00,5719.522006817923,5722.3406666336505,5708.422763809023,5720.657882077951,121
2023-01-01 19:16:00+00:00,5720.657882077951,5735.030109478118,5714.787935081524,5718.555991071685,163
2023-01-01 19:17:00+00:00,5718.555991071685,5725.997676440635,5713.46312678499,5714.669406329872,154
2023-01-01 19:18:00+00:00,5714.669406329872,5720.385031796205,5714.3078375458745,5718.466743166381,175
2023-01-01 19:19:00+00:00,5718.466743166381,5719.046863089356,5712.552485721801,5714.551694453103,151
2023-01-01 19:20:00+00:00,5714.551694453103,5722.259051597338,5714.043139147681,5714.878878988894,132
2023-01-01 19:21:00+00:00,5714.878878988894,5721.594009395688,5711.956237848311,5712.695492616639,117
2023-01-01 19:22:00+00:00,5712.695492616639,5719.240652516493,5712.695492616639,5714.88492478066,155
2023-01-01 19:23:00+00:00,5714.88492478066,5721.03376078611,5706.710034352353,5716.410600824093,138
2023-01-01 19:24:00+00:00,5716.410600824093,5730.862378375641,5714.593914441004,5721.157374007189,157
2023-01-01 19:25:00+00:00,5721.157374007189,5744.074756972927,5707.069445705064,5718.823542891485,161
2023-01-01 19:26:00+00:00,5718.823542891485,5721.1788595969465,5708.643786598152,5717.588982460174,161
2023-01-01 19:27:00+00:00,5717.588982460174,5717.766227218969,5693.866118875517,5713.113799837138,134
2023-01-01 19:28:00+00:00,5713.113799837138,5713.113799837138,5700.542321027768,5711.083522309708,157
2023-01-01 19:29:00+00:00,5711.083522309708,5728.9778426911425,5700.135702363468,5712.807618200542,149
2023-01-01 19:30:00+00:00,5712.807618200542,5722.622156866654,5712.807618200542,5716.268290239363,166
2023-01-01 19:31:00+00:00,5716.268290239363,5716.268290239363,5688.261959611862,5712.052769872473,150
2023-01-01 19:32:00+00:00,5712.052769872473,5720.8210666498835,5712.052769872473,5716.027940368576,152
2023-01-01 19:33:00+00:00,5716.027940368576,5723.625289662616,5716.027940368576,5722.230394175492,137
2023-01-01 19:34:00+00:00,5722.230394175492,5731.655536000786,5714.8676608693395,5724.123323014767,130
2023-01-01 19:35:00+00:00,5724.123323014767,5743.0066821647015,5724.123323014767,5732.724186771608,159
2023-01-01 19:36:00+00:00,5732.724186771608,5732.724186771608,5715.149735371036,5729.176548888716,146
2023-01-01 19:37:00+00:00,5729.176548888716,5729.176548888716,5717.385600780689,5723.474710857483,114
2023-01-01 19:38:00+00:00,5723.474710857483,5723.474710857483,5706.881422934785,5715.336134441206,165
2023-01-01 19:39:00+00:00,5715.336134441206,5723.601392910775,5707.553744908784,5722.180546331335,145
2023-01-01 19:40:00+00:00,5722.180546331335,5732.734982850394,5722.180546331335,5725.176849277187,144
2023-01-01 19:41:00+00:00,5725.176849277187,5732.865074212335,5722.967031729259,5724.922269280671,159
2023-01-01 19:42:00+00:00,5724.922269280671,5732.234267306726,5721.6585108330455,5726.204651784872,157
2023-01-01 19:43:00+00:00,5726.204651784872,5726.204651784872,5716.151028854918,5721.051147723448,128
2023-01-01 19:44:00+00:00,5721.051147723448,5744.59972604333,5721.051147723448,5732.255923525921,149
2023-01-01 19:45:00+00:00,5732.255923525921,5740.3632272217465,5715.098225252643,5732.84853726535,131
2023-01-01 19:46:00+00:00,5732.84853726535,5737.71881997209,5725.869389433492,5733.350274250584,136
2023-01-01 19:47:00+00:00,5733.350274250584,5744.7058458659885,5733.350274250584,5736.680100245406,154
2023-01-01 19:48:00+00:00,5736.680100245406,5741.298938018521,5736.680100245406,5738.88804190448,135
2023-01-01 19:49:00+00:00,5738.88804190448,5741.693913970461,5736.640372106491,5739.916010239774,128
2023-01-01 19:50:00+00:00,5739.916010239774,5744.09694446865,5725.451359265734,5736.287352119324,164
2023-01-01 19:51:00+00:00,5736.287352119324,5739.712624691766,5732.691650276235,5738.45134257405,132
2023-01-01 19:52:00+00:00,5738.45134257405,5750.688238330764,5738.45134257405,5747.097774858465,154
2023-01-01 19:53:00+00:00,5747.097774858465,5754.237096476776,5747.097774858465,5753.28691350024,158
2023-01-01 19:54:00+00:00,5753.28691350024,5763.070280875187,5753.28691350024,5760.624436340088,127
2023-01-01 19:55:00+00:00,5760.624436340088,5763.638070579205,5745.624139550328,5758.268980816922,118
2023-01-01 19:56:00+00:00,5758.268980816922,5776.163658983556,5750.738772612375,5753.712056284916,135
2023-01-01 19:57:00+00:00,5753.712056284916,5754.369133467368,5752.571549690132,5753.1330920408955,145
2023-01-01 19:58:00+00:00,5753.1330920408955,5766.486570891108,5748.784646746753,5753.389572027334,159
2023-01-01 19:59:00+00:00,5753.389572027334,5766.961696543433,5753.389572027334,5758.4280249763415,170
2023-01-01 20:00:00+00:00,5758.4280249763415,5759.519192379191,5739.403752943792,5750.6365522794,131
2023-01-01 20:01:00+00:00,5750.6365522794,5769.065157025593,5749.600480443561,5757.6775696175,154
2023-01-01 20:02:00+00:00,5757.6775696175,5757.76644447061,5741.180000811333,5756.949808788477,135
2023-01-01 20:03:00+00:00,5756.949808788477,5756.949808788477,5738.891925565479,5754.984118138825,135
2023-01-01 20:04:00+00:00,5754.984118138825,5756.009008283048,5746.326176822216,5750.326288392821,111
2023-01-01 20:05:00+00:00,5750.326288392821,5750.326288392821,5738.350129368091,5742.718552729823,176
2023-01-01 20:06:00+00:00,5742.718552729823,5752.163235637875,5739.186915887461,5746.501587814051,142
2023-01-01 20:07:00+00:00,5746.501587814051,5757.908302542853,5742.936377571704,5746.838655151082,119
2023-01-01 20:08:00+00:00,5746.838655151082,5746.838655151082,5729.158191634174,5740.911156443941,156
2023-01-01 20:09:00+00:00,5740.911156443941,5740.911156443941,5714.624880759951,5734.966290866597,168
2023-01-01 20:10:00+00:00,5734.966290866597,5734.966290866597,5728.8140064410345,5733.425926623023,125
2023-01-01 20:11:00+00:00,5733.425926623023,5746.608936549049,5718.183875565123,5741.086408716879,182
2023-01-01 20:12:00+00:00,5741.086408716879,5753.154381768209,5731.025761220317,5739.894263406102,123
2023-01-01 20:13:00+00:00,5739.894263406102,5754.0585008554735,5718.052099429835,5732.996106512777,161
2023-01-01 20:14:00+00:00,5732.996106512777,5736.918110356875,5726.533624494822,5731.869142070199,131
2023-01-01 20:15:00+00:00,5731.869142070199,5741.811405773352,5719.855412261619,5730.618705833532,136
2023-01-01 20:16:00+00:00,5730.618705833532,5730.618705833532,5716.457192962266,5718.2681705869245,110
2023-01-01 20:17:00+00:00,5718.2681705869245,5719.37181515746,5699.100870884581,5718.019797895481,169
2023-01-01 20:18:00+00:00,5718.019797895481,5721.109432280557,5700.2088480039365,5716.963504899695,131
2023-01-01 20:19:00+00:00,5716.963504899695,5733.441868974713,5710.526702726554,5720.148540897906,175
2023-01-01 20:20:00+00:00,5720.148540897906,5731.61071680696,5714.89070704408,5728.615844430024,142
2023-01-01 20:21:00+00:00,5728.615844430024,5736.537665026445,5716.738444566756,5733.781098300588,151
2023-01-01 20:22:00+00:00,5733.781098300588,5738.2547633800095,5731.5991527318665,5732.547831836746,164
2023-01-01 20:23:00+00:00,5732.547831836746,5737.911729134231,5716.120876663152,5727.47550707226,133
2023-01-01 20:24:00+00:00,5727.47550707226,5748.820740179932,5720.032928608856,5739.278736681409,114
2023-01-01 20:25:00+00:00,5739.278736681409,5740.2464047362,5724.908427441346,5739.550640001361,180
2023-01-01 20:26:00+00:00,5739.550640001361,5745.771879200908,5733.37956819049,5739.614598658771,125
2023-01-01 20:27:00+00:00,5739.614598658771,5749.3469106678285,5732.043366543649,5739.5038247660095,188
2023-01-01 20:28:00+00:00,5739.5038247660095,5754.684171712337,5739.5038247660095,5740.413423428803,139
2023-01-01 20:29:00+00:00,5740.413423428803,5747.261683083814,5738.27782798035,5739.7505109517315,118
2023-01-01 20:30:00+00:00,5739.7505109517315,5740.572182634415,5734.0799616474815,5737.116973864338,140
2023-01-01 20:31:00+00:00,5737.116973864338,5742.884266570834,5721.294129623027,5734.6076078407805,178
2023-01-01 20:32:00+00:00,5734.6076078407805,5742.436621442181,5726.388580865605,5734.457348087339,118
2023-01-01 20:33:00+00:00,5734.457348087339,5742.286417251521,5722.084122014076,5731.964892973766,143
2023-01-01 20:34:00+00:00,5731.964892973766,5739.599067842543,5716.080169481606,5728.697019258,130
2023-01-01 20:35:00+00:00,5728.697019258,5744.242688324338,5726.31441820853,5729.184805246286,146
2023-01-01 20:36:00+00:00,5729.184805246286,5736.270307511254,5721.7194366527265,5728.016275149973,125
2023-01-01 20:37:00+00:00,5728.016275149973,5740.770134795481,5721.455566790729,5734.912340024372,125
2023-01-01 20:38:00+00:00,5734.912340024372,5734.912340024372,5712.584668169523,5722.762764267782,121
2023-01-01 20:39:00+00:00,5722.762764267782,5733.289957052495,5722.762764267782,5727.762094486697,156
2023-01-01 20:40:00+00:00,5727.762094486697,5738.466227269631,5727.762094486697,5733.474765028958,155
2023-01-01 20:41:00+00:00,5733.474765028958,5733.474765028958,5709.613448854814,5723.972463538801,136
2023-01-01 20:42:00+00:00,5723.972463538801,5723.972463538801,5719.229028143546,5722.403451139372,151
2023-01-01 20:43:00+00:00,5722.403451139372,5729.876423461485,5697.714684494226,5720.703276162894,157
2023-01-01 20:44:00+00:00,5720.703276162894,5721.038563026347,5697.441828069335,5714.2653360229615,134
2023-01-01 20:45:00+00:00,5714.2653360229615,5715.40002407077,5710.415768953986,5710.7107213245645,166
2023-01-01 20:46:00+00:00,5710.7107213245645,5710.7107213245645,5699.791701616355,5705.639232657257,150
2023-01-01 20:47:00+00:00,5705.639232657257,5722.733271621711,5705.639232657257,5713.643099713013,145
2023-01-01 20:48:00+00:00,5713.643099713013,5741.36356353765,5713.643099713013,5717.921606751519,165
2023-01-01 20:49:00+00:00,5717.921606751519,5725.490517573608,5711.842883116854,5723.741088047604,144
2023-01-01 20:50:00+00:00,5723.741088047604,5749.1540307955875,5723.741088047604,5727.046573382407,147
2023-01-01 20:51:00+00:00,5727.046573382407,5729.059056723588,5714.9478277842,5721.876003208487,168
2023-01-01 20:52:00+00:00,5721.876003208487,5721.876003208487,5699.435189231711,5719.475514945748,155
2023-01-01 20:53:00+00:00,5719.475514945748,5724.121824271411,5710.778939773093,5721.7151259770735,179
2023-01-01 20:54:00+00:00,5721.7151259770735,5721.7151259770735,5707.358522970989,5716.123726048601,182
2023-01-01 20:55:00+00:00,5716.123726048601,5724.391821791131,5716.123726048601,5719.385125904041,155
2023-01-01 20:56:00+00:00,5719.385125904041,5729.089180705162,5716.1897576039,5718.285620796948,135
2023-01-01 20:57:00+00:00,5718.285620796948,5726.763370813761,5706.744947222629,5716.571211900895,176
2023-01-01 20:58:00+00:00,5716.571211900895,5726.370507172982,5716.571211900895,5719.823539352704,139
2023-01-01 20:59:00+00:00,5719.823539352704,5728.431756237748,5713.580532477749,5721.856786847574,142
2023-01-01 21:00:00+00:00,5721.856786847574,5724.217781609101,5717.482053494715,5720.2047080323055,150
2023-01-01 21:01:00+00:00,5720.2047080323055,5725.692156730293,5713.49360529029,5725.512452061663,135
2023-01-01 21:02:00+00:00,5725.512452061663,5726.721511471029,5717.626759590185,5720.562879455833,167
2023-01-01 21:03:00+00:00,5720.562879455833,5728.8018584742795,5720.562879455833,5723.382372744685,132
2023-01-01 21:04:00+00:00,5723.382372744685,5729.342288594618,5714.462661190026,5726.098653333586,133
2023-01-01 21:05:00+00:00,5726.098653333586,5729.93473345491,5722.052465046764,5724.6808341337455,128
2023-01-01 21:06:00+00:00,5724.6808341337455,5727.107830060775,5718.552364332242,5726.17463496583,127
2023-01-01 21:07:00+00:00,5726.17463496583,5734.6239647069515,5714.604207115831,5720.446226338722,145
2023-01-01 21:08:00+00:00,5720.446226338722,5736.026046574988,5717.208048514726,5724.676467188871,166
2023-01-01 21:09:00+00:00,5724.676467188871,5737.269509472114,5714.065010371966,5723.829725888743,150
2023-01-01 21:10:00+00:00,5723.829725888743,5723.829725888743,5701.985852295193,5721.436644240562,156
2023-01-01 21:11:00+00:00,5721.436644240562,5726.706363700357,5714.04242391509,5726.240131379459,129
2023-01-01 21:12:00+00:00,5726.240131379459,5726.240131379459,5705.429981840754,5723.014447375221,118
2023-01-01 21:13:00+00:00,5723.014447375221,5723.014447375221,5705.384340409664,5716.569563526752,152
2023-01-01 21:14:00+00:00,5716.569563526752,5716.569563526752,5708.804218954479,5709.455131095341,139
2023-01-01 21:15:00+00:00,5709.455131095341,5725.8404848844275,5700.401703426539,5712.223791476374,135
2023-01-01 21:16:00+00:00,5712.223791476374,5720.992082910485,5700.023674171355,5706.375508104717,183
2023-01-01 21:17:00+00:00,5706.375508104717,5721.96691606077,5705.997485398516,5714.391945300594,120
2023-01-01 21:18:00+00:00,5714.391945300594,5714.391945300594,5693.567608984043,5704.8822983531145,162
2023-01-01 21:19:00+00:00,5704.8822983531145,5727.649109332524,5704.8822983531145,5712.630021758098,155
2023-01-01 21:20:00+00:00,5712.630021758098,5715.202092142691,5703.827616923991,5713.594474937,169
2023-01-01 21:21:00+00:00,5713.594474937,5728.340000135955,5707.630132872714,5713.152428436589,177
2023-01-01 21:22:00+00:00,5713.152428436589,5713.152428436589,5689.613921424948,5710.662406576914,127
2023-01-01 21:23:00+00:00,5710.662406576914,5714.594764185653,5698.964075569091,5712.486163014912,137
2023-01-01 21:24:00+00:00,5712.486163014912,5723.831706712883,5700.805158013233,5712.314175430525,111
2023-01-01 21:25:00+00:00,5712.314175430525,5722.99666122175,5706.870945565592,5717.358326776059,146
2023-01-01 21:26:00+00:00,5717.358326776059,5721.313340063153,5708.975752273474,5717.880814967314,140
2023-01-01 21:27:00+00:00,5717.880814967314,5721.475383161225,5709.353404982551,5718.568382350177,147
2023-01-01 21:28:00+00:00,5718.568382350177,5728.628408852121,5713.830417037107,5716.905151230202,164
2023-01-01 21:29:00+00:00,5716.905151230202,5721.745709626672,5714.564073444062,5716.6447149788555,182
2023-01-01 21:30:00+00:00,5716.6447149788555,5728.221163022216,5710.5144727144725,5718.052562991304,138
2023-01-01 21:31:00+00:00,5718.052562991304,5718.052562991304,5703.664791690987,5710.234845847216,165
2023-01-01 21:32:00+00:00,5710.234845847216,5710.234845847216,5685.371736090807,5704.079401615213,164
2023-01-01 21:33:00+00:00,5704.079401615213,5717.883910276749,5704.079401615213,5707.4721201165285,188
2023-01-01 21:34:00+00:00,5707.4721201165285,5722.687741339164,5701.10898856016,5708.252341219968,151
2023-01-01 21:35:00+00:00,5708.252341219968,5716.681921999067,5700.189842321377,5707.412224400097,146
2023-01-01 21:36:00+00:00,5707.412224400097,5714.901139177493,5700.374780460368,5707.496393064657,150
2023-01-01 21:37:00+00:00,5707.496393064657,5720.571058352175,5699.200243911158,5709.083670801629,158
2023-01-01 21:38:00+00:00,5709.083670801629,5709.083670801629,5694.296548884997,5706.618976435374,139
2023-01-01 21:39:00+00:00,5706.618976435374,5707.322368387423,5699.278104551288,5703.066891579558,145
2023-01-01 21:40:00+00:00,5703.066891579558,5712.971243780271,5703.066891579558,5703.960496453216,174
2023-01-01 21:41:00+00:00,5703.960496453216,5703.960496453216,5698.482134796038,5699.4977634281895,161
2023-01-01 21:42:00+00:00,5699.4977634281895,5704.277241138463,5699.4977634281895,5701.359535975636,148
2023-01-01 21:43:00+00:00,5701.359535975636,5701.359535975636,5689.993366521254,5693.599189216811,148
2023-01-01 21:44:00+00:00,5693.599189216811,5705.903015956555,5691.971851740551,5698.288799249146,137
2023-01-01 21:45:00+00:00,5698.288799249146,5719.501680344719,5693.7431882823175,5700.443604118092,146
2023-01-01 21:46:00+00:00,5700.443604118092,5716.277323422308,5692.618237917998,5701.611310150141,156
2023-01-01 21:47:00+00:00,5701.611310150141,5707.7820459266895,5701.611310150141,5706.095410135805,126
2023-01-01 21:48:00+00:00,5706.095410135805,5732.202818489318,5702.780729536565,5713.703162083519,141
2023-01-01 21:49:00+00:00,5713.703162083519,5718.403905596951,5710.156254162558,5718.341691461522,158
2023-01-01 21:50:00+00:00,5718.341691461522,5718.341691461522,5697.384208738788,5709.9264912199615,159
2023-01-01 21:51:00+00:00,5709.9264912199615,5709.9264912199615,5700.876655876693,5704.0844495309675,158
2023-01-01 21:52:00+00:00,5704.0844495309675,5704.0844495309675,5683.1886277461035,5701.2339476626785,153
2023-01-01 21:53:00+00:00,5701.2339476626785,5713.8762997708545,5700.924801941885,5701.352949849585,146
2023-01-01 21:54:00+00:00,5701.352949849585,5723.899850493459,5686.395610163387,5703.714524238642,142
2023-01-01 21:55:00+00:00,5703.714524238642,5714.389843377275,5691.75854276082,5700.403936964564,158
2023-01-01 21:56:00+00:00,5700.403936964564,5714.24506756708,5693.645014943082,5701.255717396305,150
2023-01-01 21:57:00+00:00,5701.255717396305,5701.255717396305,5690.846176962923,5697.811453186958,133
2023-01-01 21:58:00+00:00,5697.811453186958,5698.935976503441,5680.96661605308,5695.024684392659,141
2023-01-01 21:59:00+00:00,5695.024684392659,5695.024684392659,5682.860309119075,5688.619513295299,161
2023-01-01 22:00:00+00:00,5688.619513295299,5698.954581220232,5678.9948517478315,5684.4195263859265,179
2023-01-01 22:01:00+00:00,5684.4195263859265,5684.4195263859265,5672.51337454341,5678.276014728075,135
2023-01-01 22:02:00+00:00,5678.276014728075,5692.22171211296,5671.70255124972,5673.84472255631,145
2023-01-01 22:03:00+00:00,5673.84472255631,5691.0148344692925,5671.8677710772545,5678.6292987225115,134
2023-01-01 22:04:00+00:00,5678.6292987225115,5678.6292987225115,5670.4907303584,5674.317908744276,115
2023-01-01 22:05:00+00:00,5674.317908744276,5692.3028237893905,5674.317908744276,5686.280078077954,117
2023-01-01 22:06:00+00:00,5686.280078077954,5692.4009077459195,5685.4380672582365,5688.524635962606,137
2023-01-01 22:07:00+00:00,5688.524635962606,5689.540155968287,5685.997193113686,5689.3658540306715,159
2023-01-01 22:08:00+00:00,5689.3658540306715,5691.295823398776,5684.334822341773,5685.460385943619,123
2023-01-01 22:09:00+00:00,5685.460385943619,5693.087078422613,5684.47967475937,5688.646545641738,153
2023-01-01 22:10:00+00:00,5688.646545641738,5702.4427853029,5681.506558006739,5686.027468638526,155
2023-01-01 22:11:00+00:00,5686.027468638526,5688.3194409085745,5684.921386997024,5686.582496651645,142
2023-01-01 22:12:00+00:00,5686.582496651645,5704.803103426372,5686.582496651645,5698.240936753568,120
2023-01-01 22:13:00+00:00,5698.240936753568,5709.593158994285,5697.483909268896,5697.803055616518,129
2023-01-01 22:14:00+00:00,5697.803055616518,5711.771489259698,5695.64385312982,5703.044131074804,139
2023-01-01 22:15:00+00:00,5703.044131074804,5704.145058256467,5689.67702353904,5699.836836329466,131
2023-01-01 22:16:00+00:00,5699.836836329466,5713.211667503769,5697.318439498024,5699.677295612726,121
2023-01-01 22:17:00+00:00,5699.677295612726,5711.005018876762,5699.677295612726,5707.7574113134115,130
2023-01-01 22:18:00+00:00,5707.7574113134115,5707.7574113134115,5697.749328198437,5704.895268464538,115
2023-01-01 22:19:00+00:00,5704.895268464538,5713.1796089746285,5704.895268464538,5713.173131657034,128
2023-01-01 22:20:00+00:00,5713.173131657034,5727.845402028295,5712.676700028418,5716.408855079615,128
2023-01-01 22:21:00+00:00,5716.408855079615,5719.363765121249,5708.801733409651,5713.837201664121,132
2023-01-01 22:22:00+00:00,5713.837201664121,5724.799206943734,5712.6604710241245,5716.728712940916,168
2023-01-01 22:23:00+00:00,5716.728712940916,5725.316690711869,5713.620368559871,5721.178307663375,116
2023-01-01 22:24:00+00:00,5721.178307663375,5728.329856991105,5721.178307663375,5724.025004180235,161
2023-01-01 22:25:00+00:00,5724.025004180235,5724.025004180235,5713.508343683035,5716.839114063022,179
2023-01-01 22:26:00+00:00,5716.839114063022,5717.506867425781,5713.44891728677,5713.514540126856,126
2023-01-01 22:27:00+00:00,5713.514540126856,5713.514540126856,5693.313274893496,5712.383291074101,166
2023-01-01 22:28:00+00:00,5712.383291074101,5731.233069711615,5710.576389529126,5712.0431473800745,161
2023-01-01 22:29:00+00:00,5712.0431473800745,5717.138851905812,5694.64913692991,5714.880096289067,124
2023-01-01 22:30:00+00:00,5714.880096289067,5718.969645410712,5712.399987923903,5715.692585970451,129
2023-01-01 22:31:00+00:00,5715.692585970451,5715.692585970451,5702.938677293874,5709.5899119387195,158
2023-01-01 22:32:00+00:00,5709.5899119387195,5718.1273127968125,5707.915090107947,5711.326795120746,158
2023-01-01 22:33:00+00:00,5711.326795120746,5715.77413826737,5711.261335210971,5714.117280379677,144
2023-01-01 22:34:00+00:00,5714.117280379677,5722.616429349989,5705.767249720579,5716.676820076781,147
2023-01-01 22:35:00+00:00,5716.676820076781,5733.717739809284,5710.106463561462,5721.621736814093,169
2023-01-01 22:36:00+00:00,5721.621736814093,5738.444683261827,5718.740161921462,5725.44012006725,175
2023-01-01 22:37:00+00:00,5725.44012006725,5733.046036403508,5722.133043789355,5727.543712853116,114
2023-01-01 22:38:00+00:00,5727.543712853116,5744.326362667404,5725.919652444878,5727.222220132688,148
2023-01-01 22:39:00+00:00,5727.222220132688,5728.837268147697,5716.5176612180485,5719.617120069145,152
2023-01-01 22:40:00+00:00,5719.617120069145,5727.850725782299,5712.159056593877,5721.58325930248,135
2023-01-01 22:41:00+00:00,5721.58325930248,5729.772991167646,5714.547013150874,5722.533980196731,126
2023-01-01 22:42:00+00:00,5722.533980196731,5741.819707732177,5713.30958957765,5723.777410566912,136
2023-01-01 22:43:00+00:00,5723.777410566912,5726.100235970234,5710.430758718254,5717.934135506356,174
2023-01-01 22:44:00+00:00,5717.934135506356,5724.062208411074,5712.399840515007,5712.991145199401,155
2023-01-01 22:45:00+00:00,5712.991145199401,5724.491884298146,5712.991145199401,5717.806495775141,154
2023-01-01 22:46:00+00:00,5717.806495775141,5717.806495775141,5716.955942886249,5717.625563665345,156
2023-01-01 22:47:00+00:00,5717.625563665345,5729.4752548572715,5717.625563665345,5720.743666230901,132
2023-01-01 22:48:00+00:00,5720.743666230901,5724.599034495364,5709.965097331367,5720.873269435665,145
2023-01-01 22:49:00+00:00,5720.873269435665,5727.291750950301,5720.2431339551595,5721.009455939046,128
2023-01-01 22:50:00+00:00,5721.009455939046,5726.275457425913,5715.049822875614,5725.305412488996,142
2023-01-01 22:51:00+00:00,5725.305412488996,5728.2935881896565,5719.338851525234,5722.94228937301,131
2023-01-01 22:52:00+00:00,5722.94228937301,5741.481461571289,5721.746000110879,5723.382381220976,159
2023-01-01 22:53:00+00:00,5723.382381220976,5735.585258097058,5710.013886065249,5721.266149963542,130
2023-01-01 22:54:00+00:00,5721.266149963542,5734.076661475498,5713.75897503966,5719.2778007090255,100
2023-01-01 22:55:00+00:00,5719.2778007090255,5719.2778007090255,5710.082191384246,5717.863382625812,131
2023-01-01 22:56:00+00:00,5717.863382625812,5727.103637744163,5696.13957438612,5718.879577362701,181
2023-01-01 22:57:00+00:00,5718.879577362701,5728.857656447048,5714.267850925859,5716.689672183006,129
2023-01-01 22:58:00+00:00,5716.689672183006,5724.1671391411855,5710.758226214156,5722.435572338566,168
2023-01-01 22:59:00+00:00,5722.435572338566,5726.77406764186,5716.95348347896,5718.341571402971,131
2023-01-01 23:00:00+00:00,5718.341571402971,5718.65357523854,5712.607599516937,5717.4867585876145,150
2023-01-01 23:01:00+00:00,5717.4867585876145,5729.294938183646,5707.799048061978,5715.475787120579,153
2023-01-01 23:02:00+00:00,5715.475787120579,5735.381777609664,5710.942748752636,5722.0957516082535,144
2023-01-01 23:03:00+00:00,5722.0957516082535,5723.106282546721,5713.313483922382,5722.99558655445,142
2023-01-01 23:04:00+00:00,5722.99558655445,5739.199108175057,5719.728607603926,5727.721730340655,158
2023-01-01 23:05:00+00:00,5727.721730340655,5727.721730340655,5718.034535635981,5720.918672538313,142
2023-01-01 23:06:00+00:00,5720.918672538313,5730.2608529330755,5716.906443018324,5722.141021387112,146
2023-01-01 23:07:00+00:00,5722.141021387112,5730.069941180185,5722.141021387112,5726.214945226015,147
2023-01-01 23:08:00+00:00,5726.214945226015,5750.453130236471,5718.0420684254705,5726.591898280072,117
2023-01-01 23:09:00+00:00,5726.591898280072,5733.299662454272,5726.591898280072,5731.475236251613,163
2023-01-01 23:10:00+00:00,5731.475236251613,5733.107259045402,5719.339896881875,5729.1038662049905,135
2023-01-01 23:11:00+00:00,5729.1038662049905,5739.277122719412,5722.2364183577465,5735.566947305768,131
2023-01-01 23:12:00+00:00,5735.566947305768,5757.48657479148,5735.566947305768,5746.125040396432,123
2023-01-01 23:13:00+00:00,5746.125040396432,5754.301545350349,5736.765101397829,5744.457349858904,135
2023-01-01 23:14:00+00:00,5744.457349858904,5748.660106503848,5741.120632553969,5742.410378466186,140
2023-01-01 23:15:00+00:00,5742.410378466186,5760.0603403482855,5742.410378466186,5749.091005605718,143
2023-01-01 23:16:00+00:00,5749.091005605718,5772.741586963914,5749.091005605718,5756.36048091524,120
2023-01-01 23:17:00+00:00,5756.36048091524,5756.895986405715,5741.504350367485,5753.953167787578,168
2023-01-01 23:18:00+00:00,5753.953167787578,5756.659388019012,5748.116519387228,5752.019304625478,135
2023-01-01 23:19:00+00:00,5752.019304625478,5752.019304625478,5750.359827895921,5750.722786358597,150
2023-01-01 23:20:00+00:00,5750.722786358597,5750.722786358597,5731.3430362263425,5744.5408617200965,146
2023-01-01 23:21:00+00:00,5744.5408617200965,5744.795582847482,5728.235498292616,5740.320625765813,158
2023-01-01 23:22:00+00:00,5740.320625765813,5741.9122716948,5733.1323448036965,5735.711205452781,110
2023-01-01 23:23:00+00:00,5735.711205452781,5735.711205452781,5712.6300885923065,5732.189195161736,123
2023-01-01 23:24:00+00:00,5732.189195161736,5742.001543486843,5722.742992052549,5732.030141099084,141
2023-01-01 23:25:00+00:00,5732.030141099084,5743.064500330571,5731.653522484199,5733.10426245107,150
2023-01-01 23:26:00+00:00,5733.10426245107,5746.459622911366,5710.434312017308,5740.22001952008,142
2023-01-01 23:27:00+00:00,5740.22001952008,5746.17973772497,5714.457439778343,5735.637232380342,155
2023-01-01 23:28:00+00:00,5735.637232380342,5746.275163987249,5735.637232380342,5740.155584110678,136
2023-01-01 23:29:00+00:00,5740.155584110678,5743.420831146519,5738.196546483243,5739.173004810187,122
2023-01-01 23:30:00+00:00,5739.173004810187,5754.792803007302,5729.804163149698,5738.945904673779,147
2023-01-01 23:31:00+00:00,5738.945904673779,5748.269913860892,5726.397433288532,5742.044943163915,136
2023-01-01 23:32:00+00:00,5742.044943163915,5747.850640989814,5721.854374622856,5736.889882345404,134
2023-01-01 23:33:00+00:00,5736.889882345404,5747.654122342999,5722.243024864119,5738.645224918791,146
2023-01-01 23:34:00+00:00,5738.645224918791,5743.674093870153,5733.697264035981,5739.40944393591,125
2023-01-01 23:35:00+00:00,5739.40944393591,5745.915795540394,5736.317572971502,5741.670992935987,141
2023-01-01 23:36:00+00:00,5741.670992935987,5750.197813508918,5738.4337239869255,5742.999395554849,115
2023-01-01 23:37:00+00:00,5742.999395554849,5756.606996282454,5742.999395554849,5754.291111520585,114
2023-01-01 23:38:00+00:00,5754.291111520585,5756.8544572974715,5740.316246830569,5751.356067084057,128
2023-01-01 23:39:00+00:00,5751.356067084057,5761.99675379487,5727.608927015461,5748.913423888226,116
2023-01-01 23:40:00+00:00,5748.913423888226,5762.035115510089,5738.159927842442,5746.048233364229,151
2023-01-01 23:41:00+00:00,5746.048233364229,5752.490668655034,5735.884575651387,5743.495361975518,123
2023-01-01 23:42:00+00:00,5743.495361975518,5743.495361975518,5722.0278193638005,5740.567444518143,131
2023-01-01 23:43:00+00:00,5740.567444518143,5753.461457306435,5740.567444518143,5746.030546065018,128
2023-01-01 23:44:00+00:00,5746.030546065018,5760.207561802665,5745.263596019269,5752.564066359039,132
2023-01-01 23:45:00+00:00,5752.564066359039,5754.745140208234,5748.81514870157,5749.93806222117,135
2023-01-01 23:46:00+00:00,5749.93806222117,5749.957202197426,5741.901186410934,5746.110542312733,150
2023-01-01 23:47:00+00:00,5746.110542312733,5761.168841075285,5746.110542312733,5748.277995714233,163
2023-01-01 23:48:00+00:00,5748.277995714233,5751.718797750613,5742.3322563296115,5745.7390913128,125
2023-01-01 23:49:00+00:00,5745.7390913128,5762.47424696486,5736.250037040228,5748.649156869788,166
2023-01-01 23:50:00+00:00,5748.649156869788,5759.259674538746,5743.007874450338,5749.582459225333,185
2023-01-01 23:51:00+00:00,5749.582459225333,5751.785132269272,5737.825152463676,5742.614767952908,164
2023-01-01 23:52:00+00:00,5742.614767952908,5753.260920405699,5742.614767952908,5749.728551469238,165
2023-01-01 23:53:00+00:00,5749.728551469238,5760.300178175318,5749.728551469238,5757.995135662456,167
2023-01-01 23:54:00+00:00,5757.995135662456,5773.549738911457,5746.009477203892,5755.173080009291,158
2023-01-01 23:55:00+00:00,5755.173080009291,5782.01643571945,5751.717512061427,5753.388325139839,163
2023-01-01 23:56:00+00:00,5753.388325139839,5760.290650093167,5734.658846588889,5754.704231284161,154
2023-01-01 23:57:00+00:00,5754.704231284161,5757.93143637695,5754.600428802089,5756.244197219416,130
2023-01-01 23:58:00+00:00,5756.244197219416,5764.202975761475,5746.1108884367,5759.277589517052,163
2023-01-01 23:59:00+00:00,5759.277589517052,5776.739672695529,5754.941141016537,5768.546901564999,147
2023-01-02 00:00:00+00:00,5768.546901564999,5770.689615701946,5762.3232201105,5767.730376654368,124
2023-01-02 00:01:00+00:00,5767.730376654368,5780.604357257721,5761.012882334619,5764.048061998642,119
2023-01-02 00:02:00+00:00,5764.048061998642,5764.048061998642,5746.149630423889,5757.691200041938,123
2023-01-02 00:03:00+00:00,5757.691200041938,5758.908089761254,5750.198640156643,5754.325408634005,169
2023-01-02 00:04:00+00:00,5754.325408634005,5760.303861217472,5747.799587000622,5754.172911949341,147
2023-01-02 00:05:00+00:00,5754.172911949341,5766.326789635773,5744.286519960259,5762.439801691989,119
2023-01-02 00:06:00+00:00,5762.439801691989,5767.7858808193605,5759.100837746023,5760.054132504711,163
2023-01-02 00:07:00+00:00,5760.054132504711,5766.7751267555595,5742.262130094707,5761.085449392988,125
2023-01-02 00:08:00+00:00,5761.085449392988,5766.155969888784,5758.453175234374,5761.009758924131,119
2023-01-02 00:09:00+00:00,5761.009758924131,5776.639883940263,5761.009758924131,5766.489439514234,124
2023-01-02 00:10:00+00:00,5766.489439514234,5782.221665984558,5766.489439514234,5778.158453582849,131
2023-01-02 00:11:00+00:00,5778.158453582849,5782.903271447069,5775.602516861339,5775.70501948995,170
2023-01-02 00:12:00+00:00,5775.70501948995,5777.672657494756,5765.933747212739,5773.443975900492,160
2023-01-02 00:13:00+00:00,5773.443975900492,5793.749781785248,5770.657302073935,5778.268714201601,150
2023-01-02 00:14:00+00:00,5778.268714201601,5781.473460640235,5778.268714201601,5781.421695928765,159
2023-01-02 00:15:00+00:00,5781.421695928765,5796.16447320129,5781.421695928765,5789.969283370265,145
2023-01-02 00:16:00+00:00,5789.969283370265,5802.7928450196605,5783.634691317026,5792.674656223837,131
2023-01-02 00:17:00+00:00,5792.674656223837,5794.596602866131,5778.932082028098,5791.009885740058,132
2023-01-02 00:18:00+00:00,5791.009885740058,5800.194554305705,5787.585131541183,5793.746922717656,170
2023-01-02 00:19:00+00:00,5793.746922717656,5806.766197658127,5793.746922717656,5798.888040737561,126
2023-01-02 00:20:00+00:00,5798.888040737561,5805.4248788013565,5793.394342191508,5802.695597660448,149
2023-01-02 00:21:00+00:00,5802.695597660448,5805.715940660259,5800.429442489764,5805.050920975555,164
2023-01-02 00:22:00+00:00,5805.050920975555,5824.116886533868,5802.737203005242,5810.006715874564,103
2023-01-02 00:23:00+00:00,5810.006715874564,5818.7662042562515,5808.375333170732,5815.444150852229,136
2023-01-02 00:24:00+00:00,5815.444150852229,5830.1719254196,5805.380489896021,5821.878001974761,160
2023-01-02 00:25:00+00:00,5821.878001974761,5830.26097282527,5820.50545431138,5824.9001539662595,139
2023-01-02 00:26:00+00:00,5824.9001539662595,5828.786949863043,5807.057752856478,5824.12144911627,161
2023-01-02 00:27:00+00:00,5824.12144911627,5825.2689471375015,5813.356358522405,5824.80507189664,131
2023-01-02 00:28:00+00:00,5824.80507189664,5830.495819676757,5811.067416954727,5830.429929674415,116
2023-01-02 00:29:00+00:00,5830.429929674415,5832.77661093479,5825.818312890384,5826.620705617011,179
2023-01-02 00:30:00+00:00,5826.620705617011,5834.856269501031,5826.620705617011,5828.339454695385,174
2023-01-02 00:31:00+00:00,5828.339454695385,5830.430215563467,5823.460137750036,5826.5057335248375,170
2023-01-02 00:32:00+00:00,5826.5057335248375,5831.226627066688,5816.920161193847,5826.639720565917,164
2023-01-02 00:33:00+00:00,5826.639720565917,5837.511074807541,5821.662555024906,5832.602031780132,143
2023-01-02 00:34:00+00:00,5832.602031780132,5853.592203853421,5829.159545853702,5833.4937837935095,134
2023-01-02 00:35:00+00:00,5833.4937837935095,5843.95125173824,5828.571680737237,5833.710497670871,159
2023-01-02 00:36:00+00:00,5833.710497670871,5833.710497670871,5824.417884919159,5827.367542862894,149
2023-01-02 00:37:00+00:00,5827.367542862894,5838.896678891598,5822.588736396945,5830.847536590157,128
2023-01-02 00:38:00+00:00,5830.847536590157,5840.33234344524,5830.847536590157,5833.859290016921,144
2023-01-02 00:39:00+00:00,5833.859290016921,5847.629582653596,5831.778034000855,5843.964130163583,158
2023-01-02 00:40:00+00:00,5843.964130163583,5852.433719702934,5837.045889608052,5842.525391323765,178
2023-01-02 00:41:00+00:00,5842.525391323765,5849.318602187018,5839.69385711144,5843.5497942035445,118
2023-01-02 00:42:00+00:00,5843.5497942035445,5851.108168697174,5842.310531493382,5844.71573928565,121
2023-01-02 00:43:00+00:00,5844.71573928565,5864.886134834431,5844.71573928565,5852.096208053813,154
2023-01-02 00:44:00+00:00,5852.096208053813,5862.997077555226,5851.576302827104,5851.65008216057,180
2023-01-02 00:45:00+00:00,5851.65008216057,5855.402957777899,5849.907157345322,5852.956417020723,158
2023-01-02 00:46:00+00:00,5852.956417020723,5859.263365664661,5852.956417020723,5855.803502679929,149
2023-01-02 00:47:00+00:00,5855.803502679929,5858.021413099556,5854.690305141952,5856.677765022046,165
2023-01-02 00:48:00+00:00,5856.677765022046,5871.225040585608,5845.281317236573,5854.586444239517,160
2023-01-02 00:49:00+00:00,5854.586444239517,5859.324151693985,5845.978009780821,5855.495568131538,149
2023-01-02 00:50:00+00:00,5855.495568131538,5870.179300667679,5847.5068994615995,5860.527045366191,169
2023-01-02 00:51:00+00:00,5860.527045366191,5868.3896498971235,5840.723110718871,5855.71628442469,157
2023-01-02 00:52:00+00:00,5855.71628442469,5870.603946609612,5844.9331111030415,5856.339223705904,165
2023-01-02 00:53:00+00:00,5856.339223705904,5863.480237092248,5851.566676334744,5853.060026133532,135
2023-01-02 00:54:00+00:00,5853.060026133532,5864.557068452053,5850.289586190141,5858.6584455785305,126
2023-01-02 00:55:00+00:00,5858.6584455785305,5865.883158544598,5846.715044446404,5851.523728005596,117
2023-01-02 00:56:00+00:00,5851.523728005596,5853.922042747165,5848.583017280844,5848.907877310491,130
2023-01-02 00:57:00+00:00,5848.907877310491,5866.655875076829,5832.245846013294,5850.67316565817,140
2023-01-02 00:58:00+00:00,5850.67316565817,5868.470221317462,5850.67316565817,5858.005251664931,149
2023-01-02 00:59:00+00:00,5858.005251664931,5869.279543751541,5850.098066833388,5857.6971274689695,154
2023-01-02 01:00:00+00:00,5857.6971274689695,5857.6971274689695,5845.7852945221475,5855.095952641999,160
2023-01-02 01:01:00+00:00,5855.095952641999,5869.05824574642,5855.095952641999,5863.914070398401,161
2023-01-02 01:02:00+00:00,5863.914070398401,5863.914070398401,5849.098592223985,5857.125180052786,125
2023-01-02 01:03:00+00:00,5857.125180052786,5857.125180052786,5845.917591481281,5846.831291025247,165
2023-01-02 01:04:00+00:00,5846.831291025247,5859.346673587348,5837.056346572046,5848.8898055185,172
2023-01-02 01:05:00+00:00,5848.8898055185,5860.091045822593,5829.7675564104,5846.5411093514995,186
2023-01-02 01:06:00+00:00,5846.5411093514995,5846.5411093514995,5838.188390463241,5841.7665162874655,147
2023-01-02 01:07:00+00:00,5841.7665162874655,5857.479260066402,5841.7665162874655,5845.077896834297,134
2023-01-02 01:08:00+00:00,5845.077896834297,5850.085567319068,5842.49815983259,5846.2180353479525,153
2023-01-02 01:09:00+00:00,5846.2180353479525,5846.2180353479525,5832.510084669591,5843.580449183615,98
2023-01-02 01:10:00+00:00,5843.580449183615,5846.5999238065415,5833.863143798041,5837.59826391138,125
2023-01-02 01:11:00+00:00,5837.59826391138,5850.6203124432795,5837.59826391138,5841.674130461695,144
2023-01-02 01:12:00+00:00,5841.674130461695,5847.928478296021,5841.674130461695,5844.713531602748,115
2023-01-02 01:13:00+00:00,5844.713531602748,5844.713531602748,5842.543295801674,5844.249826387905,127
2023-01-02 01:14:00+00:00,5844.249826387905,5853.197104786261,5844.249826387905,5852.889973257305,122
2023-01-02 01:15:00+00:00,5852.889973257305,5854.978592092202,5836.918338275816,5847.881646577311,116
2023-01-02 01:16:00+00:00,5847.881646577311,5847.881646577311,5829.757553856508,5840.749127278926,103
2023-01-02 01:17:00+00:00,5840.749127278926,5846.149375453081,5832.963186281294,5837.517012727652,173
2023-01-02 01:18:00+00:00,5837.517012727652,5845.618303470504,5826.26563688097,5837.3041292926655,137
2023-01-02 01:19:00+00:00,5837.3041292926655,5848.1113837961275,5833.9481916745135,5838.440597005928,126
2023-01-02 01:20:00+00:00,5838.440597005928,5854.55679687493,5835.422435815523,5837.313951809484,151
2023-01-02 01:21:00+00:00,5837.313951809484,5847.64202979035,5834.022702630375,5838.9582296516755,152
2023-01-02 01:22:00+00:00,5838.9582296516755,5847.082089821286,5823.44521673301,5833.115006213122,156
2023-01-02 01:23:00+00:00,5833.115006213122,5845.929888633552,5826.560264196184,5839.856214532846,157
2023-01-02 01:24:00+00:00,5839.856214532846,5840.252000246947,5830.408404099017,5839.472426288714,156
2023-01-02 01:25:00+00:00,5839.472426288714,5858.250667280838,5839.472426288714,5844.694294250024,157
2023-01-02 01:26:00+00:00,5844.694294250024,5854.920159894484,5834.719907511439,5846.297013858211,159
2023-01-02 01:27:00+00:00,5846.297013858211,5857.828181121523,5844.879982868067,5848.43365618671,127
2023-01-02 01:28:00+00:00,5848.43365618671,5853.0404477567145,5842.037448588623,5851.100060742897,191
2023-01-02 01:29:00+00:00,5851.100060742897,5853.845523759287,5850.290039189058,5853.196106153648,128
2023-01-02 01:30:00+00:00,5853.196106153648,5862.96909650479,5850.450300832554,5856.20646590233,127
2023-01-02 01:31:00+00:00,5856.20646590233,5864.095372963486,5855.779062073968,5862.436811059816,151
2023-01-02 01:32:00+00:00,5862.436811059816,5868.487168030359,5854.175229113958,5863.358557866551,162
2023-01-02 01:33:00+00:00,5863.358557866551,5869.235159853536,5853.809079604083,5866.685215822253,119
2023-01-02 01:34:00+00:00,5866.685215822253,5881.971129074866,5851.1640167533415,5866.264070082351,154
2023-01-02 01:35:00+00:00,5866.264070082351,5885.622552227144,5865.243707280197,5873.026451085042,144
2023-01-02 01:36:00+00:00,5873.026451085042,5882.054688542965,5859.60422500574,5869.849334848307,144
2023-01-02 01:37:00+00:00,5869.849334848307,5886.116311413539,5869.849334848307,5878.312429197655,118
2023-01-02 01:38:00+00:00,5878.312429197655,5885.754766202787,5876.713391323711,5878.123583446812,153
2023-01-02 01:39:00+00:00,5878.123583446812,5882.186273782899,5857.9358440082,5871.399214308656,112
2023-01-02 01:40:00+00:00,5871.399214308656,5879.69354785709,5867.071657813315,5872.000966871839,153
2023-01-02 01:41:00+00:00,5872.000966871839,5883.243839451163,5864.167068968792,5868.802529478451,131
2023-01-02 01:42:00+00:00,5868.802529478451,5883.298595024543,5860.572385291472,5872.750713725247,160
2023-01-02 01:43:00+00:00,5872.750713725247,5878.302080248804,5859.2874962067635,5869.685355653159,140
2023-01-02 01:44:00+00:00,5869.685355653159,5877.144517761798,5864.159141749385,5867.590564448752,152
2023-01-02 01:45:00+00:00,5867.590564448752,5867.590564448752,5857.309350326482,5858.727623800139,186
2023-01-02 01:46:00+00:00,5858.727623800139,5861.775704313019,5843.528711222339,5856.608055679284,124
2023-01-02 01:47:00+00:00,5856.608055679284,5856.608055679284,5839.731943928019,5845.262490394537,177
2023-01-02 01:48:00+00:00,5845.262490394537,5845.262490394537,5831.098031458526,5837.860518776376,144
2023-01-02 01:49:00+00:00,5837.860518776376,5853.810509315368,5837.860518776376,5841.412954955841,140
2023-01-02 01:50:00+00:00,5841.412954955841,5854.880915740725,5840.859563109011,5845.08625600849,150
2023-01-02 01:51:00+00:00,5845.08625600849,5858.017954176473,5839.691547885751,5847.076063538268,150
2023-01-02 01:52:00+00:00,5847.076063538268,5847.076063538268,5842.488769024157,5842.554626164174,143
2023-01-02 01:53:00+00:00,5842.554626164174,5842.738036270629,5840.316165201037,5842.331625456428,177
2023-01-02 01:54:00+00:00,5842.331625456428,5856.627126904224,5838.83877041095,5842.314787698244,168
2023-01-02 01:55:00+00:00,5842.314787698244,5842.314787698244,5830.100134531769,5836.903270567079,150
2023-01-02 01:56:00+00:00,5836.903270567079,5849.276545943984,5836.903270567079,5843.927646265768,120
2023-01-02 01:57:00+00:00,5843.927646265768,5848.61279148325,5832.558231744271,5848.030879502707,136
2023-01-02 01:58:00+00:00,5848.030879502707,5857.515752144876,5845.688534202371,5846.997206617813,153
2023-01-02 01:59:00+00:00,5846.997206617813,5850.248394151851,5837.803887999729,5847.122969110699,140
2023-01-02 02:00:00+00:00,5847.122969110699,5853.3807953650075,5835.089556229717,5848.097802286005,125
2023-01-02 02:01:00+00:00,5848.097802286005,5848.097802286005,5837.079629379414,5838.553387116606,139
2023-01-02 02:02:00+00:00,5838.553387116606,5838.553387116606,5827.149731863245,5837.398974583087,126
2023-01-02 02:03:00+00:00,5837.398974583087,5837.398974583087,5820.428315720498,5834.215031901613,132
2023-01-02 02:04:00+00:00,5834.215031901613,5834.215031901613,5822.645656546385,5829.541971189713,155
2023-01-02 02:05:00+00:00,5829.541971189713,5831.677071201044,5817.11650605412,5828.231169817502,151
2023-01-02 02:06:00+00:00,5828.231169817502,5837.846834748156,5827.747257216661,5836.619066014467,110
2023-01-02 02:07:00+00:00,5836.619066014467,5847.3301898245845,5836.619066014467,5839.612117709146,165
2023-01-02 02:08:00+00:00,5839.612117709146,5841.023345942492,5822.6302956505615,5836.944356263187,118
2023-01-02 02:09:00+00:00,5836.944356263187,5854.629552017972,5836.944356263187,5839.618675791456,120
2023-01-02 02:10:00+00:00,5839.618675791456,5862.52505316239,5839.618675791456,5846.159698107632,122
2023-01-02 02:11:00+00:00,5846.159698107632,5863.417226677949,5846.159698107632,5850.485742851097,170
2023-01-02 02:12:00+00:00,5850.485742851097,5862.862003042144,5833.504678530415,5850.7648428114235,151
2023-01-02 02:13:00+00:00,5850.7648428114235,5854.190734685987,5839.407414096686,5847.737566297985,184
2023-01-02 02:14:00+00:00,5847.737566297985,5855.713552660433,5847.737566297985,5851.004900105033,156
2023-01-02 02:15:00+00:00,5851.004900105033,5855.314458543016,5847.824892122136,5852.847017962981,145
2023-01-02 02:16:00+00:00,5852.847017962981,5859.797314409949,5836.459568583914,5857.0400623924215,146
2023-01-02 02:17:00+00:00,5857.0400623924215,5862.214813937934,5857.0400623924215,5860.017000026266,139
2023-01-02 02:18:00+00:00,5860.017000026266,5872.29416465233,5860.017000026266,5864.939383660876,149
2023-01-02 02:19:00+00:00,5864.939383660876,5868.905819790045,5854.459360156011,5862.428623580675,169
2023-01-02 02:20:00+00:00,5862.428623580675,5877.213220898654,5862.104605536129,5868.610383477132,159
2023-01-02 02:21:00+00:00,5868.610383477132,5877.350024396555,5864.067085537169,5869.53816488039,111
2023-01-02 02:22:00+00:00,5869.53816488039,5879.922853893968,5869.53816488039,5879.290916757183,139
2023-01-02 02:23:00+00:00,5879.290916757183,5882.779608338299,5858.111835332857,5876.050261664215,132
2023-01-02 02:24:00+00:00,5876.050261664215,5890.637766403354,5876.050261664215,5884.216419261183,130
2023-01-02 02:25:00+00:00,5884.216419261183,5899.152395217824,5875.716530257385,5885.148132922988,149
2023-01-02 02:26:00+00:00,5885.148132922988,5887.541051921875,5868.96771675006,5882.081978773407,147
2023-01-02 02:27:00+00:00,5882.081978773407,5882.081978773407,5873.12078979093,5879.805414525293,122
2023-01-02 02:28:00+00:00,5879.805414525293,5882.998421096759,5874.260673936024,5878.298743726914,129
2023-01-02 02:29:00+00:00,5878.298743726914,5884.734600748178,5876.721953256704,5880.2937815185,185
2023-01-02 02:30:00+00:00,5880.2937815185,5883.468758809631,5877.519421473478,5882.753836979596,160
2023-01-02 02:31:00+00:00,5882.753836979596,5887.041728712543,5878.830889164877,5880.054507749499,139
2023-01-02 02:32:00+00:00,5880.054507749499,5884.476895609117,5864.237498083338,5879.939943801559,155
2023-01-02 02:33:00+00:00,5879.939943801559,5901.689502360752,5879.939943801559,5890.025720758953,163
2023-01-02 02:34:00+00:00,5890.025720758953,5906.373857886049,5882.932779586066,5898.171567347539,170
2023-01-02 02:35:00+00:00,5898.171567347539,5908.607089274368,5897.190671538291,5900.230736202381,157
2023-01-02 02:36:00+00:00,5900.230736202381,5907.616044049828,5887.8971735084515,5900.410122361263,158
2023-01-02 02:37:00+00:00,5900.410122361263,5901.33492926463,5887.694204579094,5900.976736809556,153
2023-01-02 02:38:00+00:00,5900.976736809556,5910.328592868054,5898.339164846298,5903.873731922585,129
2023-01-02 02:39:00+00:00,5903.873731922585,5903.873731922585,5892.09097295072,5899.044957198843,150
2023-01-02 02:40:00+00:00,5899.044957198843,5907.955649807678,5884.475252094661,5897.830461624049,136
2023-01-02 02:41:00+00:00,5897.830461624049,5912.239887132848,5887.9034412480805,5889.962893089164,147
2023-01-02 02:42:00+00:00,5889.962893089164,5899.253772768001,5882.328080019762,5891.844321019552,154
2023-01-02 02:43:00+00:00,5891.844321019552,5907.9214351772935,5886.926306471289,5894.895653052808,152
2023-01-02 02:44:00+00:00,5894.895653052808,5895.481885184984,5878.484422269872,5892.617426383511,118
2023-01-02 02:45:00+00:00,5892.617426383511,5906.853619914433,5892.617426383511,5900.04202135239,160
2023-01-02 02:46:00+00:00,5900.04202135239,5900.04202135239,5893.434615646331,5894.259202032295,174
2023-01-02 02:47:00+00:00,5894.259202032295,5901.047506588199,5882.193074619562,5887.358121039095,161
2023-01-02 02:48:00+00:00,5887.358121039095,5901.026985665437,5879.46878693177,5888.415358545232,149
2023-01-02 02:49:00+00:00,5888.415358545232,5899.883804045417,5888.415358545232,5893.350024870574,132
2023-01-02 02:50:00+00:00,5893.350024870574,5907.015136177084,5883.774760543005,5901.2945551167595,111
2023-01-02 02:51:00+00:00,5901.2945551167595,5915.357073813403,5897.012080427791,5899.128543758977,145
2023-01-02 02:52:00+00:00,5899.128543758977,5923.044165109382,5899.128543758977,5904.221362368546,123
2023-01-02 02:53:00+00:00,5904.221362368546,5911.281668360682,5888.815863459629,5904.039475147633,172
2023-01-02 02:54:00+00:00,5904.039475147633,5908.414827082029,5900.743311884395,5903.2241727316405,164
2023-01-02 02:55:00+00:00,5903.2241727316405,5915.523487828132,5903.2241727316405,5907.398802301704,143
2023-01-02 02:56:00+00:00,5907.398802301704,5914.143438200234,5901.401048548725,5910.482431953113,141
2023-01-02 02:57:00+00:00,5910.482431953113,5910.482431953113,5898.665249494019,5903.03333949696,152
2023-01-02 02:58:00+00:00,5903.03333949696,5910.250386251635,5898.858179053504,5910.01031292806,106
2023-01-02 02:59:00+00:00,5910.01031292806,5934.71151339949,5910.01031292806,5916.5389996471395,146
2023-01-02 03:00:00+00:00,5916.5389996471395,5916.5389996471395,5907.2249635179,5913.578807527068,135
2023-01-02 03:01:00+00:00,5913.578807527068,5921.979678343201,5900.989203453217,5915.451596323815,131
2023-01-02 03:02:00+00:00,5915.451596323815,5922.459103392785,5909.386688363144,5917.78998771101,141
2023-01-02 03:03:00+00:00,5917.78998771101,5932.69603491713,5911.818654856221,5919.024206479082,124
2023-01-02 03:04:00+00:00,5919.024206479082,5928.313398320257,5915.850174102319,5916.418964371174,164
2023-01-02 03:05:00+00:00,5916.418964371174,5920.934819155497,5909.567042125579,5913.240934038617,151
2023-01-02 03:06:00+00:00,5913.240934038617,5915.759315445566,5901.298493403119,5913.120049371364,169
2023-01-02 03:07:00+00:00,5913.120049371364,5921.319535589188,5906.049010618558,5918.670242494289,138
2023-01-02 03:08:00+00:00,5918.670242494289,5928.732690952989,5917.934129063273,5921.244714294073,143
2023-01-02 03:09:00+00:00,5921.244714294073,5922.710064045213,5912.172236003625,5919.489376004417,148
2023-01-02 03:10:00+00:00,5919.489376004417,5928.552671738016,5919.489376004417,5923.144954145615,107
2023-01-02 03:11:00+00:00,5923.144954145615,5923.144954145615,5898.030140997466,5909.662457486764,121
2023-01-02 03:12:00+00:00,5909.662457486764,5918.231561312012,5909.446151528114,5915.096007880419,139
2023-01-02 03:13:00+00:00,5915.096007880419,5915.096007880419,5884.278530169334,5906.869274850528,147
2023-01-02 03:14:00+00:00,5906.869274850528,5915.409584555935,5901.262045097273,5905.1568101208795,130
2023-01-02 03:15:00+00:00,5905.1568101208795,5907.661420695482,5891.246715736554,5899.869717351154,153
2023-01-02 03:16:00+00:00,5899.869717351154,5921.572136844903,5888.692258819167,5893.762119229041,134
2023-01-02 03:17:00+00:00,5893.762119229041,5910.986228669876,5893.762119229041,5899.237970998821,138
2023-01-02 03:18:00+00:00,5899.237970998821,5909.7788434660515,5894.389312591774,5897.031119334749,187
2023-01-02 03:19:00+00:00,5897.031119334749,5911.147201765442,5886.594701032829,5898.666021263054,137
2023-01-02 03:20:00+00:00,5898.666021263054,5902.992226798559,5893.58151433649,5898.444610359105,134
2023-01-02 03:21:00+00:00,5898.444610359105,5905.862868256339,5892.81952961729,5900.696079065781,177
2023-01-02 03:22:00+00:00,5900.696079065781,5906.241125513725,5880.437159353468,5901.058732314644,146
2023-01-02 03:23:00+00:00,5901.058732314644,5901.058732314644,5889.624001032777,5895.005029613066,128
2023-01-02 03:24:00+00:00,5895.005029613066,5900.88952984351,5894.224254593569,5899.705300783118,142
2023-01-02 03:25:00+00:00,5899.705300783118,5900.469152116521,5891.60643706469,5897.375346320777,152
2023-01-02 03:26:00+00:00,5897.375346320777,5897.375346320777,5889.16020716738,5890.036118741751,124
2023-01-02 03:27:00+00:00,5890.036118741751,5908.92682617974,5885.762866092415,5888.019173146606,185
2023-01-02 03:28:00+00:00,5888.019173146606,5897.260124622503,5884.558478774847,5895.092620452285,149
2023-01-02 03:29:00+00:00,5895.092620452285,5907.139748897426,5895.092620452285,5899.103693152277,162
2023-01-02 03:30:00+00:00,5899.103693152277,5899.111817847662,5890.554905974794,5897.458534523201,184
2023-01-02 03:31:00+00:00,5897.458534523201,5923.971814920972,5877.977888926309,5895.810978439317,161
2023-01-02 03:32:00+00:00,5895.810978439317,5897.75980606327,5893.8291135282225,5894.294134023004,128
2023-01-02 03:33:00+00:00,5894.294134023004,5907.056818648719,5894.294134023004,5904.095044142604,152
2023-01-02 03:34:00+00:00,5904.095044142604,5914.609813303588,5900.151907128342,5905.899306341808,132
2023-01-02 03:35:00+00:00,5905.899306341808,5912.494181166245,5904.499062424485,5907.93148202251,108
2023-01-02 03:36:00+00:00,5907.93148202251,5916.777262110349,5907.93148202251,5912.8029645926645,144
2023-01-02 03:37:00+00:00,5912.8029645926645,5919.6748006987955,5896.052189394245,5913.9326030853235,124
2023-01-02 03:38:00+00:00,5913.9326030853235,5932.162747622083,5893.641993300138,5912.707163832481,168
2023-01-02 03:39:00+00:00,5912.707163832481,5922.475368491837,5899.570462829281,5911.778469446548,159
2023-01-02 03:40:00+00:00,5911.778469446548,5915.919602568265,5907.683052567996,5911.439846517941,120
2023-01-02 03:41:00+00:00,5911.439846517941,5920.025552739945,5900.838527951348,5911.263819529137,132
2023-01-02 03:42:00+00:00,5911.263819529137,5919.962899564413,5911.263819529137,5914.705789379784,148
2023-01-02 03:43:00+00:00,5914.705789379784,5923.645968179505,5914.131089880272,5914.9515901923,149
2023-01-02 03:44:00+00:00,5914.9515901923,5922.3716738115345,5914.9515901923,5918.419430836451,137
2023-01-02 03:45:00+00:00,5918.419430836451,5920.83143649179,5916.223252040648,5918.037271514338,122
2023-01-02 03:46:00+00:00,5918.037271514338,5927.65002884035,5913.615749584217,5918.409576014424,174
2023-01-02 03:47:00+00:00,5918.409576014424,5918.409576014424,5895.272892301058,5908.95619787328,153
2023-01-02 03:48:00+00:00,5908.95619787328,5925.075477821179,5907.9144441392555,5913.289418013218,153
2023-01-02 03:49:00+00:00,5913.289418013218,5915.448644682007,5904.994934529053,5914.928754517597,177
2023-01-02 03:50:00+00:00,5914.928754517597,5926.373913843483,5906.7477280176045,5919.653167228175,142
2023-01-02 03:51:00+00:00,5919.653167228175,5919.653167228175,5890.45015447517,5905.953182960362,158
2023-01-02 03:52:00+00:00,5905.953182960362,5917.8826416446445,5885.993261274999,5915.828504600028,112
2023-01-02 03:53:00+00:00,5915.828504600028,5918.087474830694,5904.534861479067,5915.167910844579,126
2023-01-02 03:54:00+00:00,5915.167910844579,5943.4017732404145,5915.167910844579,5920.414306036488,177
2023-01-02 03:55:00+00:00,5920.414306036488,5920.414306036488,5895.784397207944,5915.491015081909,163
2023-01-02 03:56:00+00:00,5915.491015081909,5931.4368605912005,5913.1536074874,5918.391612811798,123
2023-01-02 03:57:00+00:00,5918.391612811798,5918.749674029381,5908.219323595807,5913.406093169337,146
2023-01-02 03:58:00+00:00,5913.406093169337,5920.1148955364115,5892.266443347366,5910.45594997533,176
2023-01-02 03:59:00+00:00,5910.45594997533,5939.293223926418,5910.45594997533,5919.5131208924395,131
2023-01-02 04:00:00+00:00,5919.5131208924395,5933.629099378955,5902.614006672676,5918.610192184641,177
2023-01-02 04:01:00+00:00,5918.610192184641,5937.4453624101425,5915.17626351114,5919.6398020659135,130
2023-01-02 04:02:00+00:00,5919.6398020659135,5941.49466919782,5905.037916617032,5923.76162646132,154
2023-01-02 04:03:00+00:00,5923.76162646132,5929.805368414025,5918.989375207883,5926.111133351259,124
2023-01-02 04:04:00+00:00,5926.111133351259,5935.058245112715,5907.241280584878,5926.824295578381,168
2023-01-02 04:05:00+00:00,5926.824295578381,5933.626320713706,5926.824295578381,5928.554996010436,159
2023-01-02 04:06:00+00:00,5928.554996010436,5965.014985709826,5920.217579720764,5939.964986855516,169
2023-01-02 04:07:00+00:00,5939.964986855516,5939.964986855516,5936.647238179743,5939.691190256326,113
2023-01-02 04:08:00+00:00,5939.691190256326,5943.7627918186045,5925.0264733178565,5940.646840115288,175
2023-01-02 04:09:00+00:00,5940.646840115288,5954.4347998132735,5940.646840115288,5945.642192550951,160
2023-01-02 04:10:00+00:00,5945.642192550951,5960.556722173617,5942.6812612325675,5950.902967883022,136
2023-01-02 04:11:00+00:00,5950.902967883022,5957.3734143950205,5950.902967883022,5956.5567736883395,151
2023-01-02 04:12:00+00:00,5956.5567736883395,5968.4255165527875,5956.5567736883395,5959.601257728152,167
2023-01-02 04:13:00+00:00,5959.601257728152,5959.601257728152,5949.651683287098,5954.154265670761,130
2023-01-02 04:14:00+00:00,5954.154265670761,5970.480715715011,5948.901310260092,5961.939914152952,163
2023-01-02 04:15:00+00:00,5961.939914152952,5961.939914152952,5950.827487268087,5956.47486658558,164
2023-01-02 04:16:00+00:00,5956.47486658558,5967.409930603278,5932.137087540165,5957.917153607363,139
2023-01-02 04:17:00+00:00,5957.917153607363,5960.526428570413,5948.322249824462,5954.323107656936,151
2023-01-02 04:18:00+00:00,5954.323107656936,5962.1955680286965,5949.366089464937,5954.017595143666,142
2023-01-02 04:19:00+00:00,5954.017595143666,5957.819450766931,5949.548837291324,5955.583766834445,177
2023-01-02 04:20:00+00:00,5955.583766834445,5957.479520532339,5955.583766834445,5957.115059515344,153
2023-01-02 04:21:00+00:00,5957.115059515344,5972.937885638439,5945.72465922219,5959.126143286626,134
2023-01-02 04:22:00+00:00,5959.126143286626,5969.685146956753,5957.4205091295735,5966.824158375908,131
2023-01-02 04:23:00+00:00,5966.824158375908,5969.468952041962,5966.824158375908,5968.989478712515,158
2023-01-02 04:24:00+00:00,5968.989478712515,5992.848387645043,5967.068721929296,5967.823697859706,152
2023-01-02 04:25:00+00:00,5967.823697859706,5983.054104405931,5966.894231585256,5972.428275116761,157
2023-01-02 04:26:00+00:00,5972.428275116761,5992.1190317205865,5972.428275116761,5978.114201728851,121
2023-01-02 04:27:00+00:00,5978.114201728851,5981.771637351567,5965.5937614151835,5972.246059940129,155
2023-01-02 04:28:00+00:00,5972.246059940129,5977.78392764962,5970.151773618309,5975.100998272627,172
2023-01-02 04:29:00+00:00,5975.100998272627,5995.27573039419,5975.100998272627,5978.453600848171,163
2023-01-02 04:30:00+00:00,5978.453600848171,5980.589131820945,5956.278950749965,5977.030594550271,166
2023-01-02 04:31:00+00:00,5977.030594550271,5987.338053488446,5969.982305104587,5983.612329070575,129
2023-01-02 04:32:00+00:00,5983.612329070575,5983.612329070575,5965.167066370861,5982.894072614304,162
2023-01-02 04:33:00+00:00,5982.894072614304,5995.209100862014,5975.993383365745,5983.495151301638,128
2023-01-02 04:34:00+00:00,5983.495151301638,5993.162445157525,5976.170596671334,5982.666749115049,143
2023-01-02 04:35:00+00:00,5982.666749115049,5988.7305375500555,5979.695020492356,5982.741312979661,162
2023-01-02 04:36:00+00:00,5982.741312979661,5990.113902013761,5970.025653573043,5977.496628960194,145
2023-01-02 04:37:00+00:00,5977.496628960194,5977.496628960194,5968.132408374104,5970.614274660544,141
2023-01-02 04:38:00+00:00,5970.614274660544,5985.8877840953,5962.944974983338,5978.235274069224,111
2023-01-02 04:39:00+00:00,5978.235274069224,5978.235274069224,5966.518675351234,5974.185978696178,147
2023-01-02 04:40:00+00:00,5974.185978696178,5981.268566769443,5961.214447608356,5969.44964735071,164
2023-01-02 04:41:00+00:00,5969.44964735071,5969.44964735071,5945.671585600677,5959.174857061107,165
2023-01-02 04:42:00+00:00,5959.174857061107,5959.174857061107,5945.159214507913,5956.129487652079,126
2023-01-02 04:43:00+00:00,5956.129487652079,5956.129487652079,5922.801178214354,5949.82842768096,170
2023-01-02 04:44:00+00:00,5949.82842768096,5965.736776038556,5949.82842768096,5957.649330155271,133
2023-01-02 04:45:00+00:00,5957.649330155271,5983.899379112191,5953.337290053564,5962.464183626662,161
2023-01-02 04:46:00+00:00,5962.464183626662,5964.967330134371,5954.253703646411,5959.182629561707,175
2023-01-02 04:47:00+00:00,5959.182629561707,5971.948609542595,5959.182629561707,5969.930451225176,147
2023-01-02 04:48:00+00:00,5969.930451225176,5986.093177776403,5969.930451225176,5974.621150392069,140
2023-01-02 04:49:00+00:00,5974.621150392069,5977.7698239686715,5966.485139406017,5973.068756543924,131
2023-01-02 04:50:00+00:00,5973.068756543924,5979.035612904164,5959.184437971656,5961.137391299794,141
2023-01-02 04:51:00+00:00,5961.137391299794,5977.994246757481,5961.137391299794,5972.07270785636,147
2023-01-02 04:52:00+00:00,5972.07270785636,5972.07270785636,5950.014339735031,5965.4374943401945,142
2023-01-02 04:53:00+00:00,5965.4374943401945,5968.930315880829,5954.733956489143,5957.590241514666,170
2023-01-02 04:54:00+00:00,5957.590241514666,5968.4221009514895,5953.570502252421,5962.46588001787,145
2023-01-02 04:55:00+00:00,5962.46588001787,5975.878597963095,5962.46588001787,5974.114796891777,123
2023-01-02 04:56:00+00:00,5974.114796891777,5986.521212737712,5974.029178578065,5980.73430527989,142
2023-01-02 04:57:00+00:00,5980.73430527989,6004.547957173737,5956.486912456335,5983.432986453977,159
2023-01-02 04:58:00+00:00,5983.432986453977,5994.872746007444,5983.432986453977,5986.280602050356,168
2023-01-02 04:59:00+00:00,5986.280602050356,6002.588180679194,5986.280602050356,5990.369025545247,158
2023-01-02 05:00:00+00:00,5990.369025545247,6000.25550366295,5986.928868628145,5994.007139714518,143
2023-01-02 05:01:00+00:00,5994.007139714518,6006.268990469734,5993.616997813972,5995.355662108324,156
2023-01-02 05:02:00+00:00,5995.355662108324,5997.788443665428,5991.439905664767,5995.855461082738,115
2023-01-02 05:03:00+00:00,5995.855461082738,5995.855461082738,5993.686128302291,5995.555229121588,178
2023-01-02 05:04:00+00:00,5995.555229121588,5997.680674534375,5982.164045445123,5991.939970475315,160
2023-01-02 05:05:00+00:00,5991.939970475315,5997.00070211964,5988.6167233753595,5990.594690946105,128
2023-01-02 05:06:00+00:00,5990.594690946105,5990.594690946105,5968.4906197992195,5982.486728275245,158
2023-01-02 05:07:00+00:00,5982.486728275245,5982.800892359554,5977.722100196397,5982.016094378541,131
2023-01-02 05:08:00+00:00,5982.016094378541,5982.016094378541,5968.086832815276,5977.286950369935,125
2023-01-02 05:09:00+00:00,5977.286950369935,5985.922804843818,5969.74740183344,5972.012103199069,135
2023-01-02 05:10:00+00:00,5972.012103199069,5979.604312484204,5965.705136501927,5972.8716290854445,166
2023-01-02 05:11:00+00:00,5972.8716290854445,5987.075831629404,5972.8716290854445,5979.5267347375875,134
2023-01-02 05:12:00+00:00,5979.5267347375875,5984.723806812826,5974.81694786987,5983.921227711524,149
2023-01-02 05:13:00+00:00,5983.921227711524,5989.894913489958,5973.361968908929,5976.407747150065,143
2023-01-02 05:14:00+00:00,5976.407747150065,5976.407747150065,5962.2027334634895,5971.678082630985,147
2023-01-02 05:15:00+00:00,5971.678082630985,5984.407778588108,5970.1226360855135,5976.174160478222,124
2023-01-02 05:16:00+00:00,5976.174160478222,5984.887103781478,5969.669881400976,5971.478793356141,120
2023-01-02 05:17:00+00:00,5971.478793356141,5977.072601267175,5967.56630581721,5970.405776099933,149
2023-01-02 05:18:00+00:00,5970.405776099933,5977.267688518977,5961.668260892444,5973.033581612844,178
2023-01-02 05:19:00+00:00,5973.033581612844,5973.033581612844,5958.343222538889,5968.408210267261,133
2023-01-02 05:20:00+00:00,5968.408210267261,5971.743743733974,5963.448563058254,5968.911370704112,121
2023-01-02 05:21:00+00:00,5968.911370704112,5968.911370704112,5955.821465119635,5962.544624712649,149
2023-01-02 05:22:00+00:00,5962.544624712649,5962.544624712649,5945.01515606373,5959.676769491764,144
2023-01-02 05:23:00+00:00,5959.676769491764,5964.170840120986,5959.676769491764,5961.201602100386,135
2023-01-02 05:24:00+00:00,5961.201602100386,5969.802927190923,5949.36155576833,5953.609515349376,183
2023-01-02 05:25:00+00:00,5953.609515349376,5965.918693384428,5953.609515349376,5955.707816700113,137
2023-01-02 05:26:00+00:00,5955.707816700113,5957.430815111815,5952.154119421406,5955.614251841021,145
2023-01-02 05:27:00+00:00,5955.614251841021,5967.220865061366,5939.109688652701,5958.247167299115,133
2023-01-02 05:28:00+00:00,5958.247167299115,5969.159587092969,5955.611720993876,5959.314571503022,155
2023-01-02 05:29:00+00:00,5959.314571503022,5969.61993386879,5959.314571503022,5965.821595008293,117
2023-01-02 05:30:00+00:00,5965.821595008293,5983.6914070367875,5960.370178812468,5966.419278579342,125
2023-01-02 05:31:00+00:00,5966.419278579342,5966.450830027873,5957.70710585429,5964.370019785608,140
2023-01-02 05:32:00+00:00,5964.370019785608,5973.043345654652,5948.932443949273,5964.953590381298,152
2023-01-02 05:33:00+00:00,5964.953590381298,5973.772945393977,5949.294264933282,5967.546751907452,133
2023-01-02 05:34:00+00:00,5967.546751907452,5978.184320694034,5955.260401563334,5967.780016269524,117
2023-01-02 05:35:00+00:00,5967.780016269524,5975.467314870738,5965.831845652576,5967.973813242998,120
2023-01-02 05:36:00+00:00,5967.973813242998,5968.1590856788725,5956.419820002549,5964.623179769845,152
2023-01-02 05:37:00+00:00,5964.623179769845,5974.867627446492,5960.699681546755,5961.460855024177,143
2023-01-02 05:38:00+00:00,5961.460855024177,5961.460855024177,5943.918069902633,5954.775345439727,172
2023-01-02 05:39:00+00:00,5954.775345439727,5971.724463489608,5954.775345439727,5963.115850183582,123
2023-01-02 05:40:00+00:00,5963.115850183582,5965.837235442944,5946.713464979676,5957.184961099398,157
2023-01-02 05:41:00+00:00,5957.184961099398,5968.356688214972,5940.351637004647,5953.8836646391,166
2023-01-02 05:42:00+00:00,5953.8836646391,5955.325916049034,5949.382377358838,5950.462797137265,132
2023-01-02 05:43:00+00:00,5950.462797137265,5964.5434114125765,5950.462797137265,5954.724493882759,135
2023-01-02 05:44:00+00:00,5954.724493882759,5959.585663313658,5941.558187978513,5953.319584381289,125
2023-01-02 05:45:00+00:00,5953.319584381289,5967.412864941963,5949.425605335509,5959.265117138167,158
2023-01-02 05:46:00+00:00,5959.265117138167,5966.4609643077365,5950.380331987563,5956.055174615276,125
2023-01-02 05:47:00+00:00,5956.055174615276,5965.87036160522,5951.761918696832,5957.384686679079,173
2023-01-02 05:48:00+00:00,5957.384686679079,5957.384686679079,5952.145857369045,5953.4048296574065,133
2023-01-02 05:49:00+00:00,5953.4048296574065,5968.909371430354,5953.4048296574065,5963.630354199956,141
2023-01-02 05:50:00+00:00,5963.630354199956,5969.173772920836,5943.665890445068,5957.967126497795,152
2023-01-02 05:51:00+00:00,5957.967126497795,5967.978620611698,5952.017733580472,5959.444030805763,155
2023-01-02 05:52:00+00:00,5959.444030805763,5968.163888274725,5949.577200534303,5962.466363214727,150
2023-01-02 05:53:00+00:00,5962.466363214727,5973.490684906902,5955.983485128707,5964.440500514938,159
2023-01-02 05:54:00+00:00,5964.440500514938,5967.976227262196,5962.9587688148085,5963.556456264068,126
2023-01-02 05:55:00+00:00,5963.556456264068,5975.980584836754,5960.617566129077,5962.937133967325,154
2023-01-02 05:56:00+00:00,5962.937133967325,5971.238592515574,5960.338755976707,5963.146133672464,146
2023-01-02 05:57:00+00:00,5963.146133672464,5974.203063134686,5949.503213469243,5962.444899372288,143
2023-01-02 05:58:00+00:00,5962.444899372288,5972.317290504086,5962.444899372288,5967.044333362571,151
2023-01-02 05:59:00+00:00,5967.044333362571,5983.589540501617,5967.044333362571,5977.605900245077,174
2023-01-02 06:00:00+00:00,5977.605900245077,5981.6015939889085,5963.984582597449,5974.940521713192,124
2023-01-02 06:01:00+00:00,5974.940521713192,5974.940521713192,5960.973056887011,5968.396514904516,133
2023-01-02 06:02:00+00:00,5968.396514904516,5970.461908643275,5953.09050414028,5967.975007973523,101
2023-01-02 06:03:00+00:00,5967.975007973523,5985.460139792515,5965.660038844906,5980.304238614064,111
2023-01-02 06:04:00+00:00,5980.304238614064,5986.104639222127,5960.87731273207,5976.460499652334,131
2023-01-02 06:05:00+00:00,5976.460499652334,6003.094447044856,5976.460499652334,5984.302533606141,125
2023-01-02 06:06:00+00:00,5984.302533606141,5995.692176494415,5984.302533606141,5992.339821451206,161
2023-01-02 06:07:00+00:00,5992.339821451206,6004.682862974722,5971.573668236802,5989.6865779239615,171
2023-01-02 06:08:00+00:00,5989.6865779239615,5993.3277697911335,5988.053113887822,5992.413622783797,108
2023-01-02 06:09:00+00:00,5992.413622783797,6002.754328429298,5990.242613412892,6000.225130658476,130
2023-01-02 06:10:00+00:00,6000.225130658476,6004.9235632207465,5992.57367046552,5998.405525178228,159
2023-01-02 06:11:00+00:00,5998.405525178228,6000.327072827057,5996.111058323015,5997.4286786816065,137
2023-01-02 06:12:00+00:00,5997.4286786816065,5997.798328694423,5985.451872991436,5994.63845610352,164
2023-01-02 06:13:00+00:00,5994.63845610352,5996.787935237428,5987.784355675015,5989.773951109227,151
2023-01-02 06:14:00+00:00,5989.773951109227,5989.872945903977,5983.716407842371,5986.6635384064275,163
2023-01-02 06:15:00+00:00,5986.6635384064275,5986.6635384064275,5970.32121268255,5980.804552439499,116
2023-01-02 06:16:00+00:00,5980.804552439499,5985.458310737076,5972.539213189973,5980.967631912516,145
2023-01-02 06:17:00+00:00,5980.967631912516,5991.970300991717,5960.082232163963,5977.284618379782,120
2023-01-02 06:18:00+00:00,5977.284618379782,5985.641666791976,5971.370122376337,5978.40264687588,150
2023-01-02 06:19:00+00:00,5978.40264687588,5978.40264687588,5955.14319897512,5970.96585966236,134
2023-01-02 06:20:00+00:00,5970.96585966236,5982.262108319142,5970.223897582238,5972.546608524703,134
2023-01-02 06:21:00+00:00,5972.546608524703,5978.864576193498,5972.546608524703,5976.53056913391,171
2023-01-02 06:22:00+00:00,5976.53056913391,5976.53056913391,5956.7866696267765,5967.005669594181,185
2023-01-02 06:23:00+00:00,5967.005669594181,5970.075988154281,5956.6448777708965,5968.791534925142,140
2023-01-02 06:24:00+00:00,5968.791534925142,5977.848092647636,5968.791534925142,5974.656574816713,144
2023-01-02 06:25:00+00:00,5974.656574816713,5982.547464759248,5965.169819282673,5968.877619719756,126
2023-01-02 06:26:00+00:00,5968.877619719756,5987.214595339983,5968.877619719756,5976.8696693496795,155
2023-01-02 06:27:00+00:00,5976.8696693496795,5991.426490990453,5975.64057428309,5978.873542801711,146
2023-01-02 06:28:00+00:00,5978.873542801711,5981.449841301899,5966.980772553551,5975.502352197411,136
2023-01-02 06:29:00+00:00,5975.502352197411,5987.940863369419,5975.195320493174,5975.235759540726,155
2023-01-02 06:30:00+00:00,5975.235759540726,5981.6049511322535,5971.985833771644,5977.905263625305,133
2023-01-02 06:31:00+00:00,5977.905263625305,5988.704235804484,5962.597469419167,5978.268757099689,153
2023-01-02 06:32:00+00:00,5978.268757099689,6000.102102303381,5977.197088454733,5980.845974950291,141
2023-01-02 06:33:00+00:00,5980.845974950291,5986.231497197803,5973.46235067859,5976.442471262458,141
2023-01-02 06:34:00+00:00,5976.442471262458,5979.636554886923,5962.726005223113,5977.252266297631,113
2023-01-02 06:35:00+00:00,5977.252266297631,5980.479499516149,5945.36516310295,5970.495985054469,160
2023-01-02 06:36:00+00:00,5970.495985054469,5971.348709297378,5966.255005827045,5969.964748887569,124
2023-01-02 06:37:00+00:00,5969.964748887569,5969.964748887569,5964.744171017911,5965.6492719880025,172
2023-01-02 06:38:00+00:00,5965.6492719880025,5965.6492719880025,5957.2292434514875,5962.139973633637,125
2023-01-02 06:39:00+00:00,5962.139973633637,5982.967516409721,5962.139973633637,5968.038698127034,134
2023-01-02 06:40:00+00:00,5968.038698127034,5981.073246296969,5968.038698127034,5973.251358072452,160
2023-01-02 06:41:00+00:00,5973.251358072452,5990.815182134185,5965.379217931573,5976.162895512582,153
2023-01-02 06:42:00+00:00,5976.162895512582,5976.162895512582,5970.120244453219,5970.94290537787,145
2023-01-02 06:43:00+00:00,5970.94290537787,5982.796591420918,5962.297759173894,5969.4316912199865,166
2023-01-02 06:44:00+00:00,5969.4316912199865,5978.742567488645,5965.76135631015,5975.227706301949,155
2023-01-02 06:45:00+00:00,5975.227706301949,5995.984472215429,5973.829089824032,5975.905177367933,133
2023-01-02 06:46:00+00:00,5975.905177367933,5992.995415160549,5975.905177367933,5987.003545217622,133
2023-01-02 06:47:00+00:00,5987.003545217622,5997.370160939202,5984.313023313392,5988.887677866351,166
2023-01-02 06:48:00+00:00,5988.887677866351,5995.484834414414,5983.580135907821,5989.807877023748,143
2023-01-02 06:49:00+00:00,5989.807877023748,5989.807877023748,5987.520378580434,5988.326821572987,135
2023-01-02 06:50:00+00:00,5988.326821572987,6007.69201879146,5988.326821572987,5988.966605012791,129
2023-01-02 06:51:00+00:00,5988.966605012791,5993.081789264118,5983.638832005822,5988.236140156555,127
2023-01-02 06:52:00+00:00,5988.236140156555,6001.780689606842,5988.236140156555,5991.629358747947,157
2023-01-02 06:53:00+00:00,5991.629358747947,6010.431878795153,5978.5989401823845,5996.216878631479,144
2023-01-02 06:54:00+00:00,5996.216878631479,6011.2648148880935,5988.298293379482,5992.44769315607,152
2023-01-02 06:55:00+00:00,5992.44769315607,5992.44769315607,5978.466251519911,5986.06921518169,154
2023-01-02 06:56:00+00:00,5986.06921518169,5986.955628829547,5974.4383473301,5977.282348593066,147
2023-01-02 06:57:00+00:00,5977.282348593066,5992.546591662909,5977.282348593066,5979.711968323201,134
2023-01-02 06:58:00+00:00,5979.711968323201,5981.533524875681,5965.007176214012,5974.436045576243,144
2023-01-02 06:59:00+00:00,5974.436045576243,5974.436045576243,5957.3609459705895,5964.155055927456,126
2023-01-02 07:00:00+00:00,5964.155055927456,5977.758832794559,5951.282373020712,5966.009378571636,150
2023-01-02 07:01:00+00:00,5966.009378571636,5994.036467063262,5966.009378571636,5977.919858553441,114
2023-01-02 07:02:00+00:00,5977.919858553441,5983.274570013625,5973.2598830520465,5977.890825485821,163
2023-01-02 07:03:00+00:00,5977.890825485821,5990.322837067064,5972.65411033071,5981.902095746933,154
2023-01-02 07:04:00+00:00,5981.902095746933,6001.313197821056,5980.61504004168,5982.29370473395,123
2023-01-02 07:05:00+00:00,5982.29370473395,5986.9023300173685,5977.116296239993,5981.820453894242,177
2023-01-02 07:06:00+00:00,5981.820453894242,5989.4302053344145,5981.820453894242,5986.220271607327,161
2023-01-02 07:07:00+00:00,5986.220271607327,5988.108449272347,5981.890747704599,5984.830315112565,151
2023-01-02 07:08:00+00:00,5984.830315112565,6000.996092248338,5968.742275418982,5986.110690154489,113
2023-01-02 07:09:00+00:00,5986.110690154489,5995.832760161737,5984.366600765211,5987.651463352663,159
2023-01-02 07:10:00+00:00,5987.651463352663,5988.424472526049,5981.786861685998,5984.452084192768,125
2023-01-02 07:11:00+00:00,5984.452084192768,5993.643000092514,5984.323781412934,5989.203433284219,159
2023-01-02 07:12:00+00:00,5989.203433284219,5989.203433284219,5980.2558985441165,5988.365196288295,143
2023-01-02 07:13:00+00:00,5988.365196288295,5990.090265080635,5979.144910395462,5984.745748142419,152
2023-01-02 07:14:00+00:00,5984.745748142419,6011.547436270963,5982.728634076303,5987.314999478544,150
2023-01-02 07:15:00+00:00,5987.314999478544,5987.314999478544,5979.571819680312,5983.013017081992,182
2023-01-02 07:16:00+00:00,5983.013017081992,5985.4580889146055,5960.660116591887,5983.147905187609,146
2023-01-02 07:17:00+00:00,5983.147905187609,5994.1228767241855,5976.249597051321,5983.1042571022845,177
2023-01-02 07:18:00+00:00,5983.1042571022845,5992.005610927132,5983.1042571022845,5988.304136491814,159
2023-01-02 07:19:00+00:00,5988.304136491814,5992.538519764908,5988.304136491814,5990.578678266094,166
2023-01-02 07:20:00+00:00,5990.578678266094,6007.284506274499,5986.6651120192055,5990.458738694435,126
2023-01-02 07:21:00+00:00,5990.458738694435,6009.465899530598,5990.458738694435,5994.379057134936,147
2023-01-02 07:22:00+00:00,5994.379057134936,6005.522026238927,5988.72003468948,6001.04951058679,121
2023-01-02 07:23:00+00:00,6001.04951058679,6005.177007769166,5980.420228928606,6003.728066005415,166
2023-01-02 07:24:00+00:00,6003.728066005415,6004.488133265969,5980.848835198509,6003.77778966277,137
2023-01-02 07:25:00+00:00,6003.77778966277,6003.77778966277,5992.721884832621,5997.480316153967,146
2023-01-02 07:26:00+00:00,5997.480316153967,5997.480316153967,5981.851404578321,5992.372094214823,116
2023-01-02 07:27:00+00:00,5992.372094214823,5998.177535106105,5975.901608887681,5990.90905684348,159
2023-01-02 07:28:00+00:00,5990.90905684348,5998.820721874882,5959.173074411503,5987.988543199089,153
2023-01-02 07:29:00+00:00,5987.988543199089,5993.058112525294,5981.62141785622,5987.09294456511,136
2023-01-02 07:30:00+00:00,5987.09294456511,5993.395042124849,5985.030102111641,5987.364285406167,112
2023-01-02 07:31:00+00:00,5987.364285406167,5997.610429950176,5979.453607418907,5989.90199383424,163
2023-01-02 07:32:00+00:00,5989.90199383424,5998.144640848086,5980.1194544408045,5989.5641787435425,147
2023-01-02 07:33:00+00:00,5989.5641787435425,5997.950735386894,5982.598813419844,5991.895778700004,157
2023-01-02 07:34:00+00:00,5991.895778700004,5994.632074595727,5991.145085425845,5992.204845849852,146
2023-01-02 07:35:00+00:00,5992.204845849852,5992.204845849852,5976.747071910003,5982.742404648402,129
2023-01-02 07:36:00+00:00,5982.742404648402,5982.742404648402,5973.522433296203,5978.248252112278,129
2023-01-02 07:37:00+00:00,5978.248252112278,5981.908364026691,5950.257259187461,5977.559178885277,121
2023-01-02 07:38:00+00:00,5977.559178885277,5977.559178885277,5963.590074161174,5971.777159596899,129
2023-01-02 07:39:00+00:00,5971.777159596899,5976.5220686596385,5963.879525648011,5974.643960041993,152
2023-01-02 07:40:00+00:00,5974.643960041993,5983.935305025903,5974.643960041993,5981.964994770912,144
2023-01-02 07:41:00+00:00,5981.964994770912,5994.952890930051,5981.964994770912,5987.800311640327,128
2023-01-02 07:42:00+00:00,5987.800311640327,5988.471248558111,5979.1355346108585,5986.7779562973365,129
2023-01-02 07:43:00+00:00,5986.7779562973365,6008.773607933831,5976.090381306684,5993.921932435383,143
2023-01-02 07:44:00+00:00,5993.921932435383,5999.34571553126,5993.921932435383,5994.634855735831,125
2023-01-02 07:45:00+00:00,5994.634855735831,5995.750130402141,5987.66471500678,5993.018507835431,159
2023-01-02 07:46:00+00:00,5993.018507835431,5993.018507835431,5972.283980789549,5990.078322489157,119
2023-01-02 07:47:00+00:00,5990.078322489157,5990.943025941028,5984.012855852382,5988.62904415154,161
2023-01-02 07:48:00+00:00,5988.62904415154,5988.62904415154,5983.661681043188,5986.769615305527,142
2023-01-02 07:49:00+00:00,5986.769615305527,5992.178980685716,5970.304611699952,5987.585865074801,171
2023-01-02 07:50:00+00:00,5987.585865074801,5996.734144893482,5965.436861959184,5988.355074879162,152
2023-01-02 07:51:00+00:00,5988.355074879162,5994.595322417777,5980.275553420749,5988.369667417137,155
2023-01-02 07:52:00+00:00,5988.369667417137,6001.995639982972,5988.369667417137,5990.463271131766,140
2023-01-02 07:53:00+00:00,5990.463271131766,6006.169251813807,5984.865504074788,5996.172007756957,155
2023-01-02 07:54:00+00:00,5996.172007756957,6005.406406281393,5987.542421215442,6000.728690205926,165
2023-01-02 07:55:00+00:00,6000.728690205926,6000.728690205926,5988.61880609754,5993.604546621184,127
2023-01-02 07:56:00+00:00,5993.604546621184,5993.604546621184,5963.486343907503,5981.371293321706,101
2023-01-02 07:57:00+00:00,5981.371293321706,5998.257139030394,5981.371293321706,5985.843776042035,173
2023-01-02 07:58:00+00:00,5985.843776042035,5985.843776042035,5976.655792763143,5979.301815640828,131
2023-01-02 07:59:00+00:00,5979.301815640828,5979.9621353179255,5978.144919851178,5978.226760157332,131
2023-01-02 08:00:00+00:00,5978.226760157332,5978.319446197803,5957.621539757388,5972.63321779266,121
2023-01-02 08:01:00+00:00,5972.63321779266,5972.63321779266,5951.093883421297,5964.029366296069,139
2023-01-02 08:02:00+00:00,5964.029366296069,5970.556082921709,5960.781763427781,5966.613365600805,152
2023-01-02 08:03:00+00:00,5966.613365600805,5979.090309787189,5965.419118174282,5970.238134455005,162
2023-01-02 08:04:00+00:00,5970.238134455005,5970.238134455005,5952.561431166811,5967.48524582791,163
2023-01-02 08:05:00+00:00,5967.48524582791,5967.48524582791,5943.890317633766,5955.128451722998,133
2023-01-02 08:06:00+00:00,5955.128451722998,5957.985149303361,5938.858821971676,5952.526655566777,144
2023-01-02 08:07:00+00:00,5952.526655566777,5971.406727755583,5951.083968276416,5954.392727033941,149
2023-01-02 08:08:00+00:00,5954.392727033941,5954.392727033941,5933.523051151183,5947.35207662374,158
2023-01-02 08:09:00+00:00,5947.35207662374,5951.0902319174875,5947.35207662374,5948.224545412233,152
2023-01-02 08:10:00+00:00,5948.224545412233,5949.901253664981,5930.622272952205,5948.151692721869,142
2023-01-02 08:11:00+00:00,5948.151692721869,5976.550499344243,5942.4151217015005,5950.90890253495,132
2023-01-02 08:12:00+00:00,5950.90890253495,5954.8091428330345,5945.8610492199905,5951.478219269329,179
2023-01-02 08:13:00+00:00,5951.478219269329,5956.400597799675,5940.199070360855,5946.847063190853,165
2023-01-02 08:14:00+00:00,5946.847063190853,5953.4516588812,5946.847063190853,5952.542450907854,138
2023-01-02 08:15:00+00:00,5952.542450907854,5968.70252094023,5937.092676531636,5951.787575566357,136
2023-01-02 08:16:00+00:00,5951.787575566357,5952.425091703719,5950.0930464370595,5951.6575683310675,145
2023-01-02 08:17:00+00:00,5951.6575683310675,5955.142616103501,5926.317373524252,5947.215633693999,143
2023-01-02 08:18:00+00:00,5947.215633693999,5953.814320475769,5940.417599931373,5945.106971501566,181
2023-01-02 08:19:00+00:00,5945.106971501566,5946.1238854322455,5940.353531518826,5940.900263093165,160
2023-01-02 08:20:00+00:00,5940.900263093165,5941.188113620975,5929.858157211327,5940.078355718413,165
2023-01-02 08:21:00+00:00,5940.078355718413,5954.266772193922,5940.078355718413,5948.2180735714555,127
2023-01-02 08:22:00+00:00,5948.2180735714555,5958.224115444723,5939.7013799600645,5941.693360991829,119
2023-01-02 08:23:00+00:00,5941.693360991829,5941.693360991829,5923.664103745757,5934.028479522646,153
2023-01-02 08:24:00+00:00,5934.028479522646,5958.4361670789085,5934.028479522646,5941.016564278437,141
2023-01-02 08:25:00+00:00,5941.016564278437,5947.759497934958,5930.180880929427,5940.021771227653,121
2023-01-02 08:26:00+00:00,5940.021771227653,5941.422303978003,5928.901464867824,5936.843176680585,123
2023-01-02 08:27:00+00:00,5936.843176680585,5945.289725005861,5928.241757628706,5941.7842325246775,162
2023-01-02 08:28:00+00:00,5941.7842325246775,5942.648140619305,5938.0347667285505,5938.906180286254,116
2023-01-02 08:29:00+00:00,5938.906180286254,5965.932124416136,5938.906180286254,5947.588120363549,171
2023-01-02 08:30:00+00:00,5947.588120363549,5953.469947705198,5941.31585663219,5950.814614301042,147
2023-01-02 08:31:00+00:00,5950.814614301042,5956.536156377647,5945.762702014456,5948.49229129522,154
2023-01-02 08:32:00+00:00,5948.49229129522,5959.23352744903,5948.49229129522,5958.767340345156,161
2023-01-02 08:33:00+00:00,5958.767340345156,5969.271217071046,5953.100301061561,5955.880588380539,135
2023-01-02 08:34:00+00:00,5955.880588380539,5959.917183304672,5955.880588380539,5959.417503304637,160
2023-01-02 08:35:00+00:00,5959.417503304637,5977.097214653442,5956.137304639041,5960.844561694841,172
2023-01-02 08:36:00+00:00,5960.844561694841,5978.9598121372765,5960.844561694841,5967.0553770719835,153
2023-01-02 08:37:00+00:00,5967.0553770719835,5975.106844029674,5955.438401378036,5974.514133901169,138
2023-01-02 08:38:00+00:00,5974.514133901169,5983.762451565855,5963.948610310302,5974.667103252173,149
2023-01-02 08:39:00+00:00,5974.667103252173,5974.667103252173,5962.187740586443,5971.067051526515,143
2023-01-02 08:40:00+00:00,5971.067051526515,5989.548956983629,5971.067051526515,5973.264675445888,136
2023-01-02 08:41:00+00:00,5973.264675445888,5978.857553664812,5965.024310546202,5970.027014587691,137
2023-01-02 08:42:00+00:00,5970.027014587691,5994.603590411473,5966.652667037705,5979.650744031555,141
2023-01-02 08:43:00+00:00,5979.650744031555,5982.9256256241715,5969.972484400307,5980.30392657918,133
2023-01-02 08:44:00+00:00,5980.30392657918,5980.884530583869,5959.216495328998,5978.556394829802,157
2023-01-02 08:45:00+00:00,5978.556394829802,5982.308340473504,5978.470794253268,5979.439757382964,163
2023-01-02 08:46:00+00:00,5979.439757382964,5991.196630181011,5967.2800326345805,5972.999180119642,133
2023-01-02 08:47:00+00:00,5972.999180119642,5983.885112579586,5959.12791569451,5968.358224156161,124
2023-01-02 08:48:00+00:00,5968.358224156161,5995.300894967668,5968.358224156161,5974.092577330277,128
2023-01-02 08:49:00+00:00,5974.092577330277,5974.092577330277,5967.476721332313,5970.9539243189165,142
2023-01-02 08:50:00+00:00,5970.9539243189165,5970.9539243189165,5945.974492070286,5965.955172118182,144
2023-01-02 08:51:00+00:00,5965.955172118182,5983.000410060982,5954.079115902571,5968.51703902366,117
2023-01-02 08:52:00+00:00,5968.51703902366,5988.298799695779,5963.099077417733,5974.181241386541,161
2023-01-02 08:53:00+00:00,5974.181241386541,5988.787220416877,5968.311428042411,5977.618355647263,154
2023-01-02 08:54:00+00:00,5977.618355647263,5984.458383514149,5974.926117828821,5982.38344824273,148
2023-01-02 08:55:00+00:00,5982.38344824273,5989.259411811977,5976.81843448528,5978.762593722045,139
2023-01-02 08:56:00+00:00,5978.762593722045,5978.762593722045,5967.59317286744,5971.9659251414505,128
2023-01-02 08:57:00+00:00,5971.9659251414505,5987.152743899924,5971.9659251414505,5979.142965060691,139
2023-01-02 08:58:00+00:00,5979.142965060691,5983.413501099606,5963.166115439752,5977.599685152682,171
2023-01-02 08:59:00+00:00,5977.599685152682,5981.555522943984,5970.609349571963,5976.400302006515,137
2023-01-02 09:00:00+00:00,5976.400302006515,5988.002184509764,5976.400302006515,5982.753932847211,125
2023-01-02 09:01:00+00:00,5982.753932847211,5993.397316294009,5981.2958260993355,5985.416755080974,145
2023-01-02 09:02:00+00:00,5985.416755080974,5998.1848583527035,5973.382595321049,5987.60009584768,103
2023-01-02 09:03:00+00:00,5987.60009584768,6000.096101299987,5987.60009584768,5997.979616525861,145
2023-01-02 09:04:00+00:00,5997.979616525861,6006.575018665318,5983.318985832867,5994.892563840968,145
2023-01-02 09:05:00+00:00,5994.892563840968,6004.270203749121,5984.684848605908,5999.344057253684,149
2023-01-02 09:06:00+00:00,5999.344057253684,6006.509278786294,5989.489484024027,5999.617696575678,124
2023-01-02 09:07:00+00:00,5999.617696575678,6003.120366818145,5999.617696575678,6000.9069958805985,161
2023-01-02 09:08:00+00:00,6000.9069958805985,6019.590174361546,5998.783559237806,6008.249241420397,140
2023-01-02 09:09:00+00:00,6008.249241420397,6012.557453860457,6003.068919067431,6010.69070036887,128
2023-01-02 09:10:00+00:00,6010.69070036887,6018.390626973543,6009.204135981349,6013.279682773602,166
2023-01-02 09:11:00+00:00,6013.279682773602,6023.100819256709,6005.291104928339,6018.441326081931,131
2023-01-02 09:12:00+00:00,6018.441326081931,6027.295855713146,6007.306851312314,6016.684425297069,162
2023-01-02 09:13:00+00:00,6016.684425297069,6019.201211232529,6005.879231869414,6012.646373169666,111
2023-01-02 09:14:00+00:00,6012.646373169666,6012.646373169666,5995.056123098557,6007.622818355772,113
2023-01-02 09:15:00+00:00,6007.622818355772,6007.622818355772,5982.844825876012,5998.179744710836,142
2023-01-02 09:16:00+00:00,5998.179744710836,6016.115895310995,5998.179744710836,6008.054664402415,126
2023-01-02 09:17:00+00:00,6008.054664402415,6011.270539315639,5995.724495996926,6002.754494689091,172
2023-01-02 09:18:00+00:00,6002.754494689091,6006.827778128112,5999.801101280133,6001.692083770015,153
2023-01-02 09:19:00+00:00,6001.692083770015,6012.162079284686,5995.902904077439,6000.3631523693,134
2023-01-02 09:20:00+00:00,6000.3631523693,6007.959004851459,6000.3631523693,6001.838975290863,110
2023-01-02 09:21:00+00:00,6001.838975290863,6010.161726937423,5988.98212090313,6005.7569922973735,118
2023-01-02 09:22:00+00:00,6005.7569922973735,6029.961144667085,6005.1356467224605,6009.892651319563,170
2023-01-02 09:23:00+00:00,6009.892651319563,6012.708880845752,6003.4045928651985,6007.089918803857,126
2023-01-02 09:24:00+00:00,6007.089918803857,6007.089918803857,6002.353361797537,6006.2868403601115,132
2023-01-02 09:25:00+00:00,6006.2868403601115,6016.388886595229,5997.975619379332,6007.644798837438,136
2023-01-02 09:26:00+00:00,6007.644798837438,6015.449804830364,5995.614081635766,6006.449679367036,124
2023-01-02 09:27:00+00:00,6006.449679367036,6020.604031919927,6003.324686433742,6014.1781995189685,148
2023-01-02 09:28:00+00:00,6014.1781995189685,6019.353695388957,6014.1781995189685,6016.540912182209,134
2023-01-02 09:29:00+00:00,6016.540912182209,6021.8834667544115,6016.540912182209,6020.079089943775,153
